{"JPSR00_efac": 1.8689379530521901, "JPSR01_efac": 2.059675826005349, "JPSR02_efac": 3.0748606945657295, "JPSR03_efac": 2.585580282428298, "JPSR04_efac": 1.306306353450894, "JPSR05_efac": 2.2773544810789987, "JPSR06_efac": 4.549380171029036, "JPSR07_efac": 4.219982666682523, "JPSR08_efac": 4.203481666382409, "JPSR09_efac": 2.0239824772557204, "JPSR10_efac": 4.8229400301325756, "JPSR11_efac": 1.8810720005787385, "JPSR12_efac": 2.7899938334974146, "JPSR13_efac": 2.239301276926412, "JPSR14_efac": 2.0720756835008314, "JPSR15_efac": 4.601274822894665, "JPSR16_efac": 2.1540371144986725, "JPSR17_efac": 3.32976374621823, "JPSR18_efac": 3.154554728980668, "JPSR19_efac": 4.022119621532103, "JPSR00_log10_t2equad": -5.969194645533057, "JPSR01_log10_t2equad": -6.685017179105907, "JPSR02_log10_t2equad": -5.626366465579119, "JPSR03_log10_t2equad": -7.718808126457086, "JPSR04_log10_t2equad": -5.670995915028478, "JPSR05_log10_t2equad": -7.2278321569508135, "JPSR06_log10_t2equad": -7.508546129214967, "JPSR07_log10_t2equad": -6.88191244394469, "JPSR08_log10_t2equad": -6.116479792133218, "JPSR09_log10_t2equad": -7.102869673820376, "JPSR10_log10_t2equad": -6.275632282369569, "JPSR11_log10_t2equad": -6.9928702911505, "JPSR12_log10_t2equad": -7.74879841815542, "JPSR13_log10_t2equad": -6.423513828018103, "JPSR14_log10_t2equad": -5.941207771811384, "JPSR15_log10_t2equad": -5.648245346424176, "JPSR16_log10_t2equad": -8.46225143598656, "JPSR17_log10_t2equad": -7.551928341766843, "JPSR18_log10_t2equad": -8.4611461773958, "JPSR19_log10_t2equad": -7.337231748627826}