8.1804271395478096451370	-7.0885938883132642018836	1033.615957	1037.171305	0.000000	1.000000
7.2462483631839607056691	-7.9459888310370576647301	1046.658552	1050.213900	0.193000	1.000000
6.5011132993148654790616	-7.5981882608048634253350	1056.621289	1060.176637	0.193000	1.000000
3.5036994074541381039012	-8.2044278092892959364235	1098.188920	1101.744268	0.193000	1.000000
3.1455627360435109984849	-7.6526007717725033074885	1100.629801	1104.185149	0.193000	1.000000
2.5987780698861051575932	-6.3862698113226343821225	1099.365262	1102.920610	0.193000	1.000000
2.7465512136615619631641	-6.5317195890551751347175	1100.465567	1104.020916	0.193000	1.000000
3.1060650367274877936552	-7.1244650729344858319791	1100.660716	1104.216064	0.193000	1.000000
2.7460850410589454639876	-7.0109876620715461115196	1100.602730	1104.158078	0.193000	1.000000
2.6575460317673504917479	-7.2378647476944841798741	1099.699057	1103.254405	0.193000	1.000000
3.3313234393110069397892	-8.4668327540550869514391	1099.600926	1103.156274	0.193000	1.000000
3.3313234393110069397892	-8.4668327540550869514391	1099.600926	1103.156274	0.193000	1.000000
2.5590861863685550048331	-6.6634161612964648568891	1100.560969	1104.116317	0.193000	1.000000
2.7894094584017015137078	-7.7954713724014466080803	1100.566373	1104.121721	0.193000	1.000000
2.8857929880303907488326	-7.9141379766283845853536	1100.925606	1104.480954	0.193000	1.000000
2.8857929880303907488326	-7.9852317452005721065689	1100.925067	1104.480415	0.193000	1.000000
3.3053958271780277122787	-8.2646979625035701388924	1099.778506	1103.333854	0.193000	1.000000
2.7865080441710157188595	-8.4124952376686898958269	1100.543378	1104.098726	0.193000	1.000000
3.2183580749283602351341	-8.4570522901831228779201	1100.302798	1103.858146	0.193000	1.000000
3.2183580749283602351341	-7.8816204470201087772807	1100.297315	1103.852663	0.193000	1.000000
3.0448573403754091160067	-8.2164833779416923675853	1100.939955	1104.495303	0.193000	1.000000
3.0448573403754091160067	-8.2164833779416923675853	1100.939955	1104.495303	0.193000	1.000000
3.1038051998270570486227	-7.7466811976987450805154	1100.785212	1104.340560	0.193000	1.000000
3.1675846620838283840271	-7.7466811976987450805154	1100.540949	1104.096297	0.193000	1.000000
3.1675846620838283840271	-7.2234897739707841779477	1100.446011	1104.001359	0.193000	1.000000
3.1675846620838283840271	-7.3369604707534783472056	1100.489335	1104.044683	0.193000	1.000000
3.1052598006865164137480	-7.3444563297725649064773	1100.744904	1104.300252	0.193000	1.000000
3.1052598006865164137480	-8.1539232428437262711896	1100.785954	1104.341302	0.193000	1.000000
3.2335859996281199890689	-7.6708551561075077884766	1100.204029	1103.759377	0.193000	1.000000
3.2335859996281199890689	-7.3929185904470591239601	1100.160746	1103.716094	0.193000	1.000000
2.7780162528544147804155	-7.0423555149235319561285	1100.721794	1104.277142	0.193000	1.000000
2.7740887187333722607718	-8.1182726254156527545547	1100.473904	1104.029252	0.193000	1.000000
3.1181945075219861251981	-8.4959988252348193071839	1100.743829	1104.299177	0.193000	1.000000
3.1181945075219861251981	-7.9905138174422996044655	1100.741799	1104.297147	0.193000	1.000000
3.0592338741285676206871	-7.5087387758494656964103	1100.897781	1104.453129	0.193000	1.000000
3.0592338741285676206871	-6.9310537742960338647435	1100.655754	1104.211102	0.193000	1.000000
3.0592338741285676206871	-8.1396948988546586889470	1100.910367	1104.465715	0.193000	1.000000
2.8240118841874397581648	-8.1396948988546586889470	1100.725790	1104.281138	0.193000	1.000000
3.1731767885090320646668	-7.0515315116846695175923	1100.279242	1103.834590	0.193000	1.000000
2.5755453854031475913189	-6.5373023948694823914707	1101.013045	1104.568393	0.193000	1.000000
2.5755453854031475913189	-6.5373023948694823914707	1101.013045	1104.568393	0.193000	1.000000
2.2929587577239205486990	-6.4843135042733957007499	1100.262325	1103.817674	0.193000	1.000000
2.2337136354014384131972	-6.4191776522720322972759	1100.653166	1104.208514	0.193000	1.000000
2.8249908309001972028796	-6.9814889887695201764473	1100.923828	1104.479176	0.193000	1.000000
2.6792476656030319581703	-6.5290406758933707820347	1100.761940	1104.317288	0.193000	1.000000
2.7162240309852538899804	-8.4594367422445202464587	1100.066797	1103.622145	0.193000	1.000000
3.1106918666091503133941	-8.4379890308254577035996	1100.769062	1104.324410	0.193000	1.000000
3.1650736463368835948984	-8.1200402444559376391453	1100.559343	1104.114691	0.193000	1.000000
2.7986507823524084948019	-7.2628004209420726766666	1100.686558	1104.241906	0.193000	1.000000
2.8942350750202008313750	-7.8890346606171837251509	1100.943727	1104.499075	0.193000	1.000000
2.8942350750202008313750	-7.7184657467768928995611	1100.946002	1104.501350	0.193000	1.000000
2.8942350750202008313750	-7.2218455896604858423871	1100.977529	1104.532877	0.193000	1.000000
2.8942350750202008313750	-7.3592154103453948366109	1100.962351	1104.517700	0.193000	1.000000
2.9471358969409773287396	-8.4618533477040323020901	1101.008976	1104.564324	0.193000	1.000000
2.9471358969409773287396	-7.1033898630665479601021	1101.011161	1104.566509	0.193000	1.000000
2.9471358969409773287396	-7.1033898630665479601021	1101.011161	1104.566509	0.193000	1.000000
2.9727633979892709170656	-6.6905723139077206695902	1100.344583	1103.899931	0.193000	1.000000
2.7822402099169276645796	-7.5394382693734129929908	1100.544942	1104.100290	0.193000	1.000000
3.1668060847439214455790	-7.9315270891862388324967	1100.549543	1104.104892	0.193000	1.000000
3.0015778080824908613522	-7.4836948336591255781514	1100.993710	1104.549058	0.193000	1.000000
2.9812418340400199667783	-7.2568789162494322653174	1101.001509	1104.556857	0.193000	1.000000
2.8936676521614876911315	-8.2470832383462369108429	1100.941015	1104.496363	0.193000	1.000000
2.8936676521614876911315	-8.2470832383462369108429	1100.941015	1104.496363	0.193000	1.000000
3.4757404964187665896702	-7.9934515323793284835574	1098.437908	1101.993256	0.193000	1.000000
2.6879214867592349236247	-6.6887481232323482416291	1100.961160	1104.516508	0.193000	1.000000
2.6879214867592349236247	-7.7760189746853773939961	1099.833944	1103.389292	0.193000	1.000000
2.7118722699464048453422	-7.6191266393090399944299	1100.056320	1103.611668	0.193000	1.000000
2.7767293174491278762162	-7.1890965977166709777180	1100.613205	1104.168553	0.193000	1.000000
2.7767293174491278762162	-8.1339026161158223260372	1100.489286	1104.044634	0.193000	1.000000
3.3245487842907834874495	-8.0645378319506342279510	1099.645566	1103.200914	0.193000	1.000000
3.2293065781024563598578	-8.4682760864392339072992	1100.243707	1103.799055	0.193000	1.000000
2.8607356593874406769373	-7.1652777541462855381837	1100.927146	1104.482494	0.193000	1.000000
2.8607356593874406769373	-8.3321354884935612261643	1100.857664	1104.413012	0.193000	1.000000
2.8607356593874406769373	-7.8049352558741169616496	1100.861517	1104.416865	0.193000	1.000000
2.9891343898959559233219	-8.2115964883226553183704	1101.008358	1104.563706	0.193000	1.000000
3.0448325586262980912977	-8.1269969353843922732494	1100.939786	1104.495134	0.193000	1.000000
3.0448325586262980912977	-6.8418887492572162400961	1100.546111	1104.101459	0.193000	1.000000
2.7022964103137110392083	-6.8418887492572162400961	1100.671623	1104.226971	0.193000	1.000000
3.1124710731114815231990	-8.4895267894329684565946	1100.763224	1104.318572	0.193000	1.000000
3.0847720614845157705020	-7.0944143681139575363659	1100.722068	1104.277416	0.193000	1.000000
3.0847720614845157705020	-7.5050523902180499291603	1100.830803	1104.386151	0.193000	1.000000
3.1254529724461441730909	-6.9155553021182072370721	1100.313819	1103.869167	0.193000	1.000000
3.1917481437035970515126	-7.4943864570781979494996	1100.406188	1103.961536	0.193000	1.000000
3.1818417512211012443402	-7.6181015896837749323822	1100.467982	1104.023330	0.193000	1.000000
2.4258175303262508037960	-6.3849639681706999994049	1100.649824	1104.205172	0.193000	1.000000
2.6243476768812659116747	-6.4735434990518916364977	1100.573692	1104.129040	0.193000	1.000000
2.6243476768812659116747	-6.4735434990518916364977	1100.573692	1104.129040	0.193000	1.000000
2.7224093653508676382557	-7.9815144518036067466937	1100.120441	1103.675789	0.193000	1.000000
3.3045766058100674023024	-7.1251688489532281067795	1099.528795	1103.084143	0.193000	1.000000
2.9718142951497421577756	-7.7554238277290110659123	1101.013945	1104.569293	0.193000	1.000000
2.9718142951497421577756	-7.1089563461935121324586	1100.994170	1104.549518	0.193000	1.000000
2.9718142951497421577756	-7.1089563461935121324586	1100.994170	1104.549518	0.193000	1.000000
2.9718142951497421577756	-8.4382560254923948406258	1101.014179	1104.569527	0.193000	1.000000
2.9333874668406965113832	-8.0210352782579299457666	1100.999459	1104.554807	0.193000	1.000000
2.9333874668406965113832	-8.0210352782579299457666	1100.999459	1104.554807	0.193000	1.000000
3.0383684513230679868911	-8.2592207520723572855559	1100.951752	1104.507100	0.193000	1.000000
3.0383684513230679868911	-7.5706460259406034296603	1100.944272	1104.499620	0.193000	1.000000
2.9284768375748746471743	-7.4836446227567456901397	1101.000225	1104.555573	0.193000	1.000000
2.9419270148415810339770	-7.2330889654921870501880	1101.014008	1104.569356	0.193000	1.000000
2.9398547224348292594698	-7.7836230181450067888704	1101.005437	1104.560786	0.193000	1.000000
2.9259899172373491360588	-7.5076753961318685171022	1100.997336	1104.552684	0.193000	1.000000
3.1879898063173430777795	-8.4815686864902062325200	1100.455981	1104.011329	0.240000	1.000000
2.8791025513371288901965	-7.8406363479475258415619	1100.910749	1104.466097	0.240000	1.000000
2.8240358849990134793018	-7.7615056560139654706632	1100.731722	1104.287070	0.240000	1.000000
2.8423090368192496235622	-8.0389493626618619970259	1100.797795	1104.353143	0.240000	1.000000
2.8423090368192496235622	-8.0389493626618619970259	1100.797795	1104.353143	0.240000	1.000000
2.9255766677162604594287	-8.4180979260420141230270	1100.991113	1104.546461	0.240000	1.000000
3.2089258115722385511503	-7.9683414319592369423617	1100.348666	1103.904014	0.240000	1.000000
3.4060060875254611900687	-8.0754667054904256673353	1099.031984	1102.587333	0.240000	1.000000
3.2383096772301462884514	-8.2976991138015687710094	1100.193086	1103.748434	0.240000	1.000000
3.0057076381473413206891	-8.0561819324328354241516	1100.995561	1104.550909	0.240000	1.000000
3.1007233657095376599955	-7.6892548396904958352138	1100.793075	1104.348423	0.240000	1.000000
2.7846682058194649478367	-7.4507598507207921656459	1100.570666	1104.126014	0.240000	1.000000
3.1200731679674307272876	-8.1095405972128311589131	1100.736224	1104.291572	0.240000	1.000000
2.7165552219924418153596	-7.3404872927027033924219	1100.158136	1103.713485	0.240000	1.000000
1.7678054378182943562337	-6.1718386695712634804067	1101.014326	1104.569674	0.240000	1.000000
1.6740447659593786777776	-6.0781693799225786634111	1100.071790	1103.627138	0.240000	1.000000
3.0904472496253281299516	-7.4653969667860549108696	1100.810438	1104.365787	0.240000	1.000000
2.9368775836788909572306	-7.3495134108943709350115	1101.009698	1104.565046	0.240000	1.000000
2.7676703141522644990857	-7.9326535103942834581403	1100.437815	1103.993163	0.240000	1.000000
3.0253422170502286547844	-8.1270925369896005463488	1100.972129	1104.527477	0.240000	1.000000
2.8210767260998492744761	-6.6895938856204812950068	1100.935099	1104.490447	0.240000	1.000000
3.1854358406285077087716	-7.2134249413430602260178	1100.351131	1103.906479	0.240000	1.000000
3.0397074792312035462771	-7.4065451438299723108116	1100.932328	1104.487676	0.240000	1.000000
3.0954082758125132102123	-7.4855844628778109850487	1100.797141	1104.352490	0.240000	1.000000
3.0092523604222272126663	-8.4154539173548243979894	1100.992374	1104.547722	0.240000	1.000000
2.7786835745094897731633	-8.3697304156793030927020	1100.499462	1104.054811	0.240000	1.000000
2.7306565770983111107739	-8.4333761149512422861108	1100.180008	1103.735356	0.240000	1.000000
3.0043163540844841641331	-7.0525983192385455211593	1100.928199	1104.483547	0.240000	1.000000
2.9445203091742464529545	-7.1565475071172333088043	1101.014037	1104.569385	0.240000	1.000000
2.7731378326797577749119	-7.3836647150922116722427	1100.521188	1104.076536	0.240000	1.000000
2.9156814998931226412537	-7.2612377570894137690516	1100.998750	1104.554098	0.240000	1.000000
2.7365806471355544893242	-8.2241345700476902180753	1100.224976	1103.780324	0.240000	1.000000
3.2558314895077971051762	-7.8641017928351795163167	1100.085456	1103.640804	0.240000	1.000000
3.0397665009296122029525	-7.4511010740437093602395	1100.935588	1104.490936	0.240000	1.000000
3.1400742957743159600170	-7.7795816210654562539162	1100.657135	1104.212483	0.240000	1.000000
3.1940651044917447443083	-7.1994750858543037352888	1100.297373	1103.852721	0.240000	1.000000
3.0877941625680533910270	-7.7982013918083898929012	1100.834920	1104.390268	0.240000	1.000000
2.7479255517146135012752	-7.6515868505865496373985	1100.322958	1103.878306	0.240000	1.000000
3.1288537197829384695069	-7.4977974823334303522415	1100.682677	1104.238025	0.240000	1.000000
3.1355277612431615708033	-7.1457875472972114394565	1100.550701	1104.106049	0.240000	1.000000
2.9980806363397625169398	-8.1319469823305023936655	1101.002335	1104.557684	0.240000	1.000000
3.0134386313755721076291	-8.1410027894337080311971	1100.987534	1104.542882	0.240000	1.000000
3.1897732740567223963524	-7.9755419525224224841509	1100.444335	1103.999683	0.240000	1.000000
3.0175824911131550187804	-7.8456069155716123830757	1100.981413	1104.536761	0.240000	1.000000
3.5498357097390331738040	-7.8714083718999443561870	1097.743671	1101.299019	0.240000	1.000000
3.0101677177923185091402	-7.2703598158627329439696	1100.969551	1104.524899	0.240000	1.000000
3.0408520965461893759141	-8.1464325360822051891319	1100.947155	1104.502503	0.240000	1.000000
3.0189069791191918135098	-8.1167750426448019851478	1100.980841	1104.536189	0.240000	1.000000
2.7440222828713287661628	-6.8104499302797467663595	1100.890553	1104.445901	0.240000	1.000000
3.0119432148702367513238	-6.9563960410885519181079	1100.847974	1104.403322	0.240000	1.000000
2.7962934323169061912040	-6.6158792949103997216298	1100.781309	1104.336657	0.240000	1.000000
2.1029456745688248631154	-6.4496703360437379615178	1098.547306	1102.102654	0.240000	1.000000
2.8435985240683723240807	-6.9576697282037178737824	1100.972966	1104.528314	0.240000	1.000000
2.6594635059302320634345	-7.1740394333424628570128	1099.775891	1103.331239	0.240000	1.000000
2.9619943804626691630233	-6.9270707827934305811368	1100.942440	1104.497788	0.240000	1.000000
2.0424338160685810983352	-6.2804754987028994506204	1101.013515	1104.568863	0.240000	1.000000
2.0424338160685810983352	-6.2804754987028994506204	1101.013515	1104.568863	0.240000	1.000000
3.3403293502804043413335	-7.4528510862022239180646	1099.477177	1103.032525	0.240000	1.000000
2.8960858534687035081845	-7.2861698954279310314064	1100.972450	1104.527798	0.240000	1.000000
2.8146723772028190424521	-7.8413197592801182622679	1100.689041	1104.244389	0.240000	1.000000
3.2436006219981745601899	-7.5797646164877141572447	1100.138065	1103.693413	0.240000	1.000000
3.0418168508543161898672	-8.4869321364963870024667	1100.945859	1104.501207	0.240000	1.000000
3.0418168508543161898672	-8.4869321364963870024667	1100.945859	1104.501207	0.240000	1.000000
3.0891859952600495553554	-7.2482176350502225403716	1100.775458	1104.330806	0.240000	1.000000
2.9178396806200574964407	-7.7625757013070799672505	1100.983756	1104.539104	0.240000	1.000000
2.6891272138677844161236	-7.4984082593347274325879	1099.880527	1103.435875	0.240000	1.000000
2.8675326426962155501599	-8.3682794054068967426474	1100.877483	1104.432831	0.240000	1.000000
2.8675326426962155501599	-8.3682794054068967426474	1100.877483	1104.432831	0.240000	1.000000
2.9854165778179329038267	-7.3591767007457598026576	1101.003542	1104.558890	0.240000	1.000000
2.7390868706143884914184	-7.3858941647786169326650	1100.307077	1103.862425	0.240000	1.000000
2.8994495282640189159906	-8.0899132757949470118319	1100.952650	1104.507998	0.240000	1.000000
2.6651026604480909654171	-6.7299238252630297907331	1100.802083	1104.357431	0.240000	1.000000
2.8594218119376524356312	-6.7841721477555960717609	1100.991712	1104.547060	0.240000	1.000000
2.1556263533419817157721	-6.3812473712283486193542	1100.629980	1104.185328	0.240000	1.000000
2.0616665145724097918389	-6.3103453466616930001010	1100.921553	1104.476901	0.240000	1.000000
1.8560591184234638273409	-6.1589550294431507637682	1100.522793	1104.078141	0.240000	1.000000
2.0342825279196912191537	-6.4296606203148813918347	1097.864306	1101.419654	0.240000	1.000000
1.5489308541756781067988	-6.0634146077002917252230	1100.824945	1104.380293	0.240000	1.000000
3.0227045855320398004551	-7.1755231710470388506451	1100.931375	1104.486723	0.240000	1.000000
3.0820329946087503536489	-8.4245512300359930435434	1100.855003	1104.410351	0.240000	1.000000
2.9781804848341892899555	-7.2089604323548082120965	1101.000364	1104.555712	0.240000	1.000000
2.9570622623132711837002	-7.2925920418407850220888	1101.014120	1104.569468	0.240000	1.000000
3.5884019402489832906156	-7.6346043065065778421285	1097.337080	1100.892428	0.240000	1.000000
3.0129730033592867499692	-7.0071181487451337233097	1100.884322	1104.439670	0.240000	1.000000
2.4945462452468087910518	-6.6159137020256464367662	1100.457699	1104.013047	0.240000	1.000000
2.2126158711326380235107	-6.4031692510634465875796	1100.708884	1104.264232	0.240000	1.000000
2.9262185799300519661870	-6.7880058078089051676329	1100.866835	1104.422183	0.240000	1.000000
2.2687768950159696856872	-6.3006098453017642668783	1100.346499	1103.901847	0.240000	1.000000
3.3349488646604568131693	-7.1714798058683868475782	1099.354959	1102.910307	0.240000	1.000000
2.7707286403304607347309	-6.8637707663183791240158	1100.891171	1104.446519	0.240000	1.000000
2.3483219515450177716787	-6.4570841795990201461564	1100.867013	1104.422361	0.240000	1.000000
2.3998778809624741192863	-6.3887619159501793930644	1100.806067	1104.361415	0.240000	1.000000
3.1846861770407883795997	-6.9809776734199520120683	1100.106637	1103.661985	0.240000	1.000000
3.1279766358084564181752	-6.9973211861541733114223	1100.443386	1103.998734	0.240000	1.000000
2.6463419455884653608280	-7.4261720557056856151235	1099.477928	1103.033276	0.240000	1.000000
3.0688610552999442404598	-7.0625240562859552539976	1100.756500	1104.311848	0.240000	1.000000
2.4163058090748288364580	-6.3183717720813250551259	1099.460050	1103.015398	0.240000	1.000000
2.3868565678126114626423	-6.3573981042318665757307	1100.508886	1104.064234	0.240000	1.000000
2.1617370495816108366682	-6.3077671362086951134529	1100.959853	1104.515201	0.240000	1.000000
1.7889225137327375847462	-6.2803964671729737290207	1098.727796	1102.283144	0.240000	1.000000
1.9187728377695323356278	-6.1940908774992458063480	1100.753310	1104.308658	0.260333	1.000000
2.7418980687849550115232	-6.5410202704356530389873	1100.567876	1104.123224	0.260333	1.000000
2.9254962299819795568112	-6.9760591220809349266574	1101.007935	1104.563283	0.260333	1.000000
2.9248635025971085887875	-7.3677766839936325027338	1101.000926	1104.556274	0.260333	1.000000
2.9229977321686133606704	-6.8735866916031360673855	1100.971918	1104.527266	0.260333	1.000000
3.5334175917528738430917	-7.1381926486375455453981	1097.552981	1101.108329	0.260333	1.000000
3.0791910003479907587121	-7.2228909241387198036932	1100.799753	1104.355101	0.260333	1.000000
3.2650031108910866350925	-7.6038832069948227854184	1100.012980	1103.568328	0.260333	1.000000
3.0162336120138473205543	-7.5062574520794544952196	1100.977121	1104.532469	0.260333	1.000000
2.7425339737401541739814	-6.7562158446982811810244	1100.963912	1104.519260	0.260333	1.000000
2.9489858143029352710585	-7.0668311651707433895808	1101.006794	1104.562142	0.260333	1.000000
2.7951672115949639518817	-7.2092624698640319635956	1100.691596	1104.246944	0.260333	1.000000
3.2426165963549977711011	-6.9118632659165797349488	1099.550282	1103.105630	0.260333	1.000000
2.7399585728012922913877	-7.6413628472522905354936	1100.268501	1103.823849	0.260333	1.000000
2.6730995205196261821357	-6.4258548784218660898659	1099.527480	1103.082828	0.260333	1.000000
3.2552350015397175653220	-8.1462393323655568622144	1100.094247	1103.649595	0.260333	1.000000
2.6338893749965990309647	-8.3387260706894448247795	1099.256411	1102.811759	0.260333	1.000000
3.1079498493150774507399	-7.9819593788218012875291	1100.776100	1104.331448	0.260333	1.000000
2.7893210692259717831121	-7.0799009613673211660512	1100.739718	1104.295066	0.260333	1.000000
2.8015011024420366503307	-6.4204431373856056808336	1098.058060	1101.613409	0.260333	1.000000
3.2073918805870995640817	-6.8574544117180948887835	1099.619483	1103.174831	0.260333	1.000000
2.9580683787014754315692	-7.3027669183023959931234	1101.014080	1104.569428	0.260333	1.000000
2.9736512267741161963386	-7.2924097097110314180668	1101.008511	1104.563859	0.260333	1.000000
3.1577769317754667000031	-7.3636373732546198667137	1100.541079	1104.096427	0.260333	1.000000
3.0561462717058236471246	-7.1320416260536436681150	1100.835249	1104.390597	0.260333	1.000000
2.8894667914546130482734	-6.6642877800654582998163	1100.628492	1104.183840	0.260333	1.000000
3.4438463082471653109451	-7.1910388877952247099756	1098.474757	1102.030105	0.260333	1.000000
2.7409874028903704612503	-6.9086496757469273433117	1100.721299	1104.276647	0.260333	1.000000
3.0907035482251616897997	-6.6762092997568780461393	1099.437202	1102.992550	0.260333	1.000000
2.7730101240453324251689	-7.0817013992118162946099	1100.666125	1104.221473	0.260333	1.000000
2.8009816482218221622702	-7.5099605915747762452384	1100.644881	1104.200230	0.260333	1.000000
3.2169561014867733561573	-8.2577082813370363822969	1100.309598	1103.864946	0.260333	1.000000
2.9446992426224616323793	-8.3040868507395213526934	1101.007633	1104.562981	0.260333	1.000000
3.0572391769551581219844	-7.7350938790591472482561	1100.910909	1104.466257	0.260333	1.000000
2.8039845769164593036749	-8.2720090544541982069404	1100.634318	1104.189666	0.260333	1.000000
2.9659123753604421658281	-6.7662171414837022354050	1100.682691	1104.238039	0.260333	1.000000
2.6958098866814323990582	-7.2871171974139690163952	1100.016098	1103.571446	0.260333	1.000000
2.6470116866794377585848	-6.5575193396708124637939	1100.971557	1104.526905	0.260333	1.000000
2.7717869020886807263082	-6.7754009945974127404611	1100.988712	1104.544060	0.260333	1.000000
2.9863092745858446086515	-6.6531788223038645924134	1100.019324	1103.574672	0.260333	1.000000
2.9863092745858446086515	-6.6531788223038645924134	1100.019324	1103.574672	0.260333	1.000000
2.8965317286051526224355	-6.9498511712541279905508	1101.014404	1104.569752	0.260333	1.000000
2.2179727469669190398349	-6.3454913621116117994347	1101.009102	1104.564450	0.260333	1.000000
3.0692636651957552196279	-6.9589783667205384887211	1100.654267	1104.209615	0.260333	1.000000
2.1344567049933980129595	-6.3986856898589925535248	1100.186631	1103.741979	0.260333	1.000000
2.6009582880993189490937	-8.4560674719603046156635	1098.846395	1102.401743	0.260333	1.000000
2.6009582880993189490937	-8.4560674719603046156635	1098.846395	1102.401743	0.260333	1.000000
2.9974247222543595192690	-7.6414483359000051621024	1101.000615	1104.555963	0.260333	1.000000
2.5577752319397131230971	-7.1673773040524917377070	1098.576424	1102.131772	0.260333	1.000000
2.9991233477750860458855	-7.2075015249332663458404	1100.977101	1104.532449	0.260333	1.000000
2.9241371045854966936872	-7.0946816251645490325473	1101.013968	1104.569316	0.260333	1.000000
2.6784185203031944944030	-6.8396624045853480211576	1100.552488	1104.107836	0.260333	1.000000
2.3724001406970307570532	-6.4328586518944579353274	1101.009789	1104.565137	0.260333	1.000000
2.2544186812379374273974	-6.2553506735698425345049	1099.320303	1102.875651	0.260333	1.000000
3.1697019815326399339028	-7.6070393279342356507300	1100.523255	1104.078603	0.260333	1.000000
2.7199100266310551887727	-6.4631484378185106720593	1099.801243	1103.356591	0.260333	1.000000
3.1272998573908230568463	-7.3606966634635186963465	1100.667434	1104.222782	0.260333	1.000000
2.9328809353250422375936	-7.0681853658226092562700	1101.013627	1104.568975	0.260333	1.000000
2.8080664388304974465882	-7.3364400825765176961113	1100.707253	1104.262601	0.260333	1.000000
3.0036024527106151005285	-8.3727575628718362565905	1100.997868	1104.553216	0.260333	1.000000
2.8439034111050989217517	-8.1324837592950753872856	1100.802902	1104.358250	0.260333	1.000000
3.3939487173410212150770	-8.3552156619384270186401	1099.131106	1102.686454	0.260333	1.000000
3.0460503184739571302941	-7.8985980940965667684850	1100.936263	1104.491611	0.260333	1.000000
3.2371743045458201137876	-7.7715666951294650743876	1100.189960	1103.745308	0.260333	1.000000
3.1221875255317557140700	-8.4937614934727143634063	1100.729901	1104.285249	0.260333	1.000000
1.6983153905154948493106	-6.1441068152120763556923	1101.014286	1104.569634	0.260333	1.000000
2.6570585344266750560394	-7.0122138962540434548032	1099.988120	1103.543468	0.260333	1.000000
2.5820729326820051063862	-7.2225479137982420141384	1098.839990	1102.395338	0.260333	1.000000
2.9004902417536015946098	-7.1223983564935053891531	1100.998915	1104.554263	0.260333	1.000000
2.8361489838579636568738	-7.4964022507798109273836	1100.794638	1104.349986	0.260333	1.000000
3.0321633221424879600647	-7.7913139180116184334679	1100.959806	1104.515154	0.260333	1.000000
2.6172837377402076164401	-7.9332224102115089792164	1099.063881	1102.619229	0.260333	1.000000
2.9620542303498007541407	-6.8229652779576230869907	1100.824303	1104.379651	0.260333	1.000000
2.9620542303498007541407	-6.8229652779576230869907	1100.824303	1104.379651	0.260333	1.000000
2.9474723351734697374127	-6.8622862618987889860023	1100.916787	1104.472135	0.260333	1.000000
3.1375510310333831753837	-7.7047396201468796306244	1100.664194	1104.219542	0.260333	1.000000
2.8438608617559277824682	-8.3269378811368248705094	1100.802100	1104.357448	0.260333	1.000000
2.9360279833852480635414	-8.4656071220788060571749	1101.001347	1104.556695	0.260333	1.000000
2.9360279833852480635414	-8.4656071220788060571749	1101.001347	1104.556695	0.260333	1.000000
3.0881129480402296216823	-8.0073116025311801280395	1100.836763	1104.392111	0.260333	1.000000
3.3178764569486323132708	-7.4071985823977053442491	1099.624630	1103.179978	0.260333	1.000000
3.2749620200396543090449	-7.0659102890430451893167	1099.660046	1103.215394	0.260333	1.000000
2.8281479818501051859414	-6.8261330536033693050513	1101.011006	1104.566354	0.260333	1.000000
3.2251762952428917330394	-6.7387264993380942001977	1098.811149	1102.366497	0.260333	1.000000
3.2542230592251244480906	-7.7457386610893737000083	1100.089776	1103.645124	0.260333	1.000000
3.0746097509752163823293	-6.9942617334470345014097	1100.675284	1104.230632	0.260333	1.000000
2.7592160507409762004727	-8.0931213916931081797657	1100.382062	1103.937410	0.260333	1.000000
3.2257052290062979693630	-7.3419522433515727044551	1100.189913	1103.745261	0.260333	1.000000
2.7940477387448234836143	-6.6772297534414111197520	1100.964086	1104.519434	0.260333	1.000000
3.2213846588871821730038	-7.1668025426786767795306	1100.120341	1103.675689	0.260333	1.000000
2.9388438729342127864186	-7.7102292784544976811389	1101.005178	1104.560526	0.260333	1.000000
3.1082552613615641590172	-8.2487591507625594999809	1100.776659	1104.332007	0.260333	1.000000
3.1311909732420204477421	-8.2335148288626118784350	1100.696779	1104.252127	0.260333	1.000000
3.0306239496079960815678	-8.3128943636728838129102	1100.964535	1104.519883	0.260333	1.000000
2.7624016759980087876158	-8.3737827818960965942097	1100.400808	1103.956156	0.260333	1.000000
3.0285175437882592142103	-8.1969076985142077518276	1100.967600	1104.522948	0.260333	1.000000
2.7965070930032274176824	-7.4914289080175171520182	1100.625357	1104.180705	0.260333	1.000000
2.9414262337954597548162	-7.6916698315296345711545	1101.007028	1104.562376	0.260333	1.000000
2.9414262337954597548162	-7.6916698315296345711545	1101.007028	1104.562376	0.260333	1.000000
3.3430727571173735057641	-8.0811933043666375198200	1099.514168	1103.069516	0.260333	1.000000
3.2895529374314307347049	-8.2478860256667978489986	1099.882560	1103.437908	0.284750	1.000000
3.0364158122216151625139	-7.7597394014805027850912	1100.952272	1104.507620	0.284750	1.000000
3.0264169277386914203021	-7.5613662883746846077315	1100.964211	1104.519559	0.284750	1.000000
2.2698114084647449395504	-6.4609147380511569025430	1100.386759	1103.942107	0.284750	1.000000
2.6394576106967106987611	-7.8036949754048974270404	1099.334171	1102.889519	0.284750	1.000000
2.9314092017184965044407	-7.2167103856156726848781	1101.011616	1104.566964	0.284750	1.000000
2.8041004936372733169492	-6.9712097857812640455677	1100.876864	1104.432212	0.284750	1.000000
2.6364749468202015592055	-7.0222249341411497880472	1099.779974	1103.335322	0.284750	1.000000
3.0985564097205906541888	-8.3792516939942984777190	1100.807472	1104.362820	0.284750	1.000000
2.9017200288795184093260	-7.9996747562180781088159	1100.957150	1104.512498	0.284750	1.000000
2.6930100881582075267318	-8.3591075373374916779312	1099.867634	1103.422982	0.284750	1.000000
2.9136157551424552991648	-8.1294464970158024641478	1100.976000	1104.531348	0.284750	1.000000
2.7362406437314881202383	-6.6057136495703003831181	1100.922068	1104.477416	0.284750	1.000000
2.6565021668976993574063	-7.0100712330180270370761	1099.987457	1103.542805	0.284750	1.000000
3.1582680280149029172776	-7.1714102867176245936776	1100.461864	1104.017212	0.284750	1.000000
2.9418042817655889464845	-8.1197977160515364403182	1101.005913	1104.561261	0.284750	1.000000
3.0516367010463381070906	-8.4238363357765493333318	1100.926963	1104.482311	0.284750	1.000000
2.8760426476283451613369	-8.1642938352101808163752	1100.900794	1104.456142	0.284750	1.000000
3.0384259249568406069386	-7.6188163561792023870112	1100.945754	1104.501102	0.284750	1.000000
2.8837774199922847628841	-7.3205940169180863108522	1100.947121	1104.502469	0.284750	1.000000
2.9602537723812036851712	-6.7512459059187754917275	1100.660698	1104.216046	0.284750	1.000000
3.0226762779024665128702	-6.8716207237895172710296	1100.702111	1104.257459	0.284750	1.000000
2.9969041069310655700519	-7.4132093526776889902408	1100.995890	1104.551238	0.284750	1.000000
2.2203121798307248191406	-6.3700494402783141012492	1100.982254	1104.537602	0.284750	1.000000
2.2536947754556950762606	-6.3928372061778890866890	1100.952024	1104.507372	0.284750	1.000000
2.2536947754556950762606	-6.3928372061778890866890	1100.952024	1104.507372	0.284750	1.000000
2.9013262368415917435982	-7.7406532246119992279887	1100.958817	1104.514165	0.284750	1.000000
2.9819556579111865524112	-7.0710632051579356271986	1100.973599	1104.528948	0.284750	1.000000
2.7541892227823954186761	-7.6090094027309858049080	1100.368710	1103.924058	0.284750	1.000000
2.8472787408833339917180	-8.3054050548290412336883	1100.814128	1104.369476	0.284750	1.000000
2.9350803113661938503753	-8.4726082759444949488170	1101.000539	1104.555887	0.284750	1.000000
3.0118252720695779522941	-7.8754029463749253281435	1100.988513	1104.543862	0.284750	1.000000
2.7154577679811664481235	-8.2921790161735007274046	1100.061178	1103.616526	0.284750	1.000000
2.8313536483548777944463	-6.8952352832330490173263	1100.986379	1104.541727	0.284750	1.000000
2.5949650144742744117821	-6.9712284440555531972450	1099.475650	1103.030998	0.284750	1.000000
2.4547568350457575903079	-6.7008526569614721424273	1099.351350	1102.906698	0.284750	1.000000
2.4183718252744195176263	-6.6481222295806414734898	1099.454919	1103.010267	0.284750	1.000000
3.1702053199878235112408	-7.8322347197175243849188	1100.532215	1104.087563	0.284750	1.000000
2.3953275313644963873116	-6.3379696001310605879553	1100.113327	1103.668675	0.284750	1.000000
2.8609537734736960601367	-7.6187047168929442619856	1100.867796	1104.423144	0.284750	1.000000
3.1239533925442870554434	-7.9851792508515231361343	1100.721482	1104.276830	0.284750	1.000000
3.3338893119202728243522	-7.9862270690461887312495	1099.578252	1103.133600	0.284750	1.000000
2.7847216942552153184920	-7.9876633055398000848868	1100.536324	1104.091672	0.284750	1.000000
2.9865652008352068236263	-7.9178272084828629218123	1101.009376	1104.564724	0.284750	1.000000
3.1588304761924410613005	-7.8284959821323854001207	1100.581836	1104.137184	0.284750	1.000000
2.6814152260680774730872	-8.0760681622109764532524	1099.762302	1103.317650	0.284750	1.000000
2.6816055604233004494574	-7.0615403244767671608884	1100.110193	1103.665541	0.284750	1.000000
3.2550831065769449956804	-7.4135563100596852947888	1100.039128	1103.594476	0.284750	1.000000
3.0190308103748582091441	-6.9296585321202215368430	1100.799100	1104.354448	0.284750	1.000000
2.6741738334064959481395	-6.9417368835823918260530	1100.271409	1103.826757	0.284750	1.000000
2.9436799727433524687115	-7.7730021384411438489792	1101.007935	1104.563283	0.284750	1.000000
2.6833550246563913077580	-8.1183677237253597525068	1099.780103	1103.335451	0.284750	1.000000
2.8608594173274872751733	-7.6850222226883442289136	1100.864959	1104.420307	0.284750	1.000000
2.9007311358450609262150	-7.3079672514904379099221	1100.977166	1104.532514	0.284750	1.000000
2.7775993567803713979458	-7.2660696833897135960001	1100.582364	1104.137712	0.284750	1.000000
2.5843606572890447381496	-6.4723681883910266776638	1100.749614	1104.304962	0.284750	1.000000
3.0825147881186873988213	-7.2191465795902676205742	1100.788054	1104.343402	0.284750	1.000000
3.1777480511505973304054	-7.1697616750681225639141	1100.363901	1103.919249	0.284750	1.000000
2.3361323269201990093791	-6.4312671067691091764118	1100.965998	1104.521346	0.284750	1.000000
2.2244286439695049040211	-6.3821322092177030782523	1100.933662	1104.489010	0.284750	1.000000
2.5035709683871281150402	-6.9455875373451210208486	1098.368976	1101.924324	0.284750	1.000000
2.1963046103188244018156	-6.2957758468287465802860	1100.720117	1104.275465	0.284750	1.000000
2.8560878351656699969396	-6.8750159296990922541681	1101.012641	1104.567989	0.284750	1.000000
3.2294024261863119029670	-7.1949270348578027167719	1100.093952	1103.649301	0.284750	1.000000
3.0673911729746468068925	-7.4223451795867720903743	1100.870725	1104.426073	0.284750	1.000000
2.8417633422575012680511	-6.7152969506200852478628	1100.939459	1104.494807	0.284750	1.000000
3.0156373485951237789493	-6.7810787255610680546170	1100.509364	1104.064712	0.284750	1.000000
3.2452197664696975643039	-7.0948609553635586522091	1099.901075	1103.456423	0.284750	1.000000
3.2525856472458176682494	-7.3692894285141958832241	1100.041080	1103.596428	0.284750	1.000000
3.2405785449063482239751	-7.3755159252627491284215	1100.114935	1103.670283	0.284750	1.000000
2.9592709582602192419643	-6.7871025354590175382441	1100.761542	1104.316890	0.284750	1.000000
3.0007820936314266724310	-7.8447602877977571367296	1100.999376	1104.554725	0.284750	1.000000
2.7475908428317890042081	-8.2927838637934829790765	1100.302921	1103.858269	0.284750	1.000000
2.8810623149299967593606	-8.4918358302349741251192	1100.912736	1104.468084	0.284750	1.000000
2.9131154683973092822669	-7.9136755936000175992717	1100.976066	1104.531414	0.284750	1.000000
2.3463263427844869291050	-6.4264401083845177353737	1100.997460	1104.552808	0.284750	1.000000
2.7358615420313516786166	-7.1255212481845502381361	1100.425231	1103.980579	0.284750	1.000000
2.9375111464584673370837	-7.4450360764756506881668	1101.007767	1104.563115	0.284750	1.000000
2.6692104681662920384611	-7.6310516681764353208450	1099.668080	1103.223428	0.284750	1.000000
2.8611831627336279382234	-7.5871164756967930387077	1100.869973	1104.425321	0.284750	1.000000
2.4383043942979947260596	-6.5712639347365637831899	1100.431092	1103.986440	0.284750	1.000000
3.1309490437684592833989	-7.0058934829937431487679	1100.440367	1103.995715	0.284750	1.000000
2.9234889618799395627491	-6.8897088910562729324738	1100.981056	1104.536404	0.284750	1.000000
3.1078007576493287267283	-7.4001463280594830251857	1100.745992	1104.301340	0.284750	1.000000
2.4633306278841660130752	-7.9176389431352482972670	1096.535195	1100.090543	0.284750	1.000000
2.9121933866680249636261	-8.3330051208736648504782	1100.973611	1104.528959	0.284750	1.000000
2.7638941026114283161519	-8.4099083556329699007392	1100.410156	1103.965504	0.284750	1.000000
2.2146402457912959249597	-6.2324335782041666575992	1098.999775	1102.555123	0.284750	1.000000
2.8929036605337548060390	-8.3650690070097883932476	1100.939293	1104.494641	0.284750	1.000000
3.0105082532517477567069	-7.6755498858061343980808	1100.988179	1104.543527	0.284750	1.000000
3.2453018726937723492654	-8.2292891504624865461892	1100.152876	1103.708224	0.284750	1.000000
2.7863505075024024293384	-7.6502691455234961281917	1100.557241	1104.112589	0.284750	1.000000
3.1292280771276823614357	-7.3603789677774180688630	1100.659856	1104.215204	0.284750	1.000000
3.1337342878832377124354	-7.9354846193384780406177	1100.684910	1104.240258	0.284750	1.000000
2.8366326427918400199246	-7.0427097939276439575451	1100.916878	1104.472226	0.284750	1.000000
2.9523698965244209446723	-7.6354488048433779567858	1101.012522	1104.567870	0.284750	1.000000
2.9100476254220790650606	-7.3134001800537573600991	1100.988923	1104.544271	0.284750	1.000000
3.0132400530526082249594	-7.5123952312446053980466	1100.981266	1104.536614	0.284750	1.000000
2.7110150807292971997242	-6.8283197702945699347765	1100.741197	1104.296545	0.284750	1.000000
3.1499071690686886171306	-7.1890385926729996057816	1100.511444	1104.066792	0.284750	1.000000
2.9882342486344408705179	-8.4898706943465480634359	1101.008932	1104.564280	0.285400	1.000000
2.9622940234028201089700	-8.4345722603953205975813	1101.014064	1104.569412	0.285400	1.000000
1.7835298452465693230806	-6.2802702671001906509218	1098.625055	1102.180403	0.285400	1.000000
2.2241188334424584205351	-6.4696561844926483431095	1099.815174	1103.370523	0.285400	1.000000
3.0037146174264690579037	-7.9368899340083878257701	1100.997127	1104.552475	0.285400	1.000000
2.8846092965066811864006	-8.1859954915250536799931	1100.921525	1104.476873	0.285400	1.000000
2.8605135186234926791826	-8.3333185481332385791120	1100.856988	1104.412336	0.285400	1.000000
2.9138415909930288627550	-7.5021209467940845883049	1100.983790	1104.539138	0.285400	1.000000
3.2402731030856704030896	-8.1353513675763338142133	1100.180936	1103.736284	0.285400	1.000000
2.8433649973523897891425	-8.3275021934847330840057	1100.800330	1104.355678	0.285400	1.000000
2.9609625094382514554070	-8.4948969906228590787123	1101.013857	1104.569205	0.285400	1.000000
3.2305315621190504593585	-8.2448890902762581589514	1100.236226	1103.791574	0.285400	1.000000
2.7686110295332162500870	-8.2343915213875309433433	1100.440109	1103.995457	0.285400	1.000000
3.2205561327201501775619	-7.8642158167024787118748	1100.285071	1103.840419	0.285400	1.000000
2.9566041200288450951916	-7.9093301785613343568571	1101.013092	1104.568440	0.285400	1.000000
3.0139110842758056740820	-6.7293661268868190106218	1100.311954	1103.867302	0.285400	1.000000
3.2447162056933445128948	-6.8540440409618099693034	1099.322306	1102.877654	0.285400	1.000000
3.3478848546923325457669	-7.0332979097752472696925	1099.045265	1102.600613	0.285400	1.000000
3.3103458401283747392085	-7.1939278599491576215996	1099.558708	1103.114056	0.285400	1.000000
3.4586112694978439208171	-8.2520519239963743274302	1098.593001	1102.148350	0.285400	1.000000
2.7555958133276070576301	-7.2857232868544166137781	1100.449506	1104.004854	0.285400	1.000000
3.2499781117147068520978	-7.2522229302634011460782	1100.005531	1103.560879	0.285400	1.000000
3.0344023364097680861562	-6.9801792755709293203381	1100.802838	1104.358186	0.285400	1.000000
2.7939734312615165379157	-7.7997701795818406012017	1100.590238	1104.145586	0.285400	1.000000
2.8572489012398185614927	-7.8709720978531585444671	1100.849759	1104.405107	0.285400	1.000000
2.9560679264915887820564	-6.9306094540741360887637	1100.955495	1104.510843	0.285400	1.000000
3.1836482749739984932091	-7.8535721663831177252746	1100.470986	1104.026334	0.285400	1.000000
2.7326617658237757346740	-6.5504702942245272012656	1100.679253	1104.234601	0.285400	1.000000
3.0035502639305868832764	-6.9077327379074207058807	1100.821273	1104.376621	0.285400	1.000000
2.8397254027277876176072	-6.5504741976688363180870	1100.074222	1103.629570	0.285400	1.000000
2.7499222361619284349388	-8.2277124896131734743676	1100.319258	1103.874606	0.285400	1.000000
2.9749533194549426795561	-8.3292570861917187841073	1101.013694	1104.569042	0.285400	1.000000
2.9749533194549426795561	-8.3292570861917187841073	1101.013694	1104.569042	0.285400	1.000000
2.9571119053357457495679	-8.2745243081595845069387	1101.013033	1104.568381	0.285400	1.000000
3.0139876197558077564054	-8.3957698990981235454001	1100.987152	1104.542500	0.285400	1.000000
3.0446643581606007700202	-6.7847576382325209820578	1100.374846	1103.930194	0.285400	1.000000
3.2086572773923434098720	-7.4764789741687325275166	1100.316725	1103.872073	0.285400	1.000000
2.7578250726145796534183	-6.9233223914654029584881	1100.769782	1104.325131	0.285400	1.000000
2.5985549476720448680567	-6.7203639386204416794612	1100.509643	1104.064991	0.285400	1.000000
2.6045262964111777215237	-6.8236401243348421274959	1100.091430	1103.646778	0.285400	1.000000
3.0045377879465129389303	-6.8584147118844338564259	1100.745597	1104.300945	0.285400	1.000000
2.6946391378221021817296	-7.3785881582503778375326	1099.964337	1103.519685	0.285400	1.000000
3.0172980761452952158663	-7.8498214980099252358059	1100.981803	1104.537152	0.285400	1.000000
2.3684441181061348657977	-6.3558429411290493504794	1100.594803	1104.150151	0.285400	1.000000
2.3878327034794706307252	-6.3696591311918826505689	1100.664880	1104.220228	0.285400	1.000000
2.3824094645333371289553	-6.3880333393588539792063	1100.864273	1104.419621	0.285400	1.000000
2.9622788030354434418712	-6.6933376619127047391089	1100.416281	1103.971629	0.285400	1.000000
2.6697982331760830021494	-6.7874646787892798371900	1100.654293	1104.209641	0.285400	1.000000
1.6236941025950155648161	-6.0298613605349222765994	1098.762790	1102.318139	0.285400	1.000000
1.6353697532582331941597	-6.0547510903376737800841	1099.716105	1103.271453	0.285400	1.000000
1.6353697532582331941597	-6.0547510903376737800841	1099.716105	1103.271453	0.285400	1.000000
1.2146437672242451633053	-5.9350408757849280050323	1100.882212	1104.437560	0.285400	1.000000
1.2146437672242451633053	-5.9350408757849280050323	1100.882212	1104.437560	0.285400	1.000000
1.2724632183260009554715	-6.0307385864420357535209	1099.847451	1103.402799	0.285400	1.000000
1.7199712723753934895399	-6.0850083799415592977766	1099.746693	1103.302041	0.285400	1.000000
1.7199712723753934895399	-6.0850083799415592977766	1099.746693	1103.302041	0.285400	1.000000
3.1949594133380156968371	-7.3764363713399614397304	1100.366301	1103.921649	0.285400	1.000000
3.1744042601935134051416	-6.9638947018118377840779	1100.135619	1103.690967	0.285400	1.000000
3.0267965559641147876846	-7.4575535792575875504440	1100.959156	1104.514504	0.285400	1.000000
2.7382330342085428043220	-7.7162048945553065593117	1100.250227	1103.805575	0.285400	1.000000
2.9035009353161163048185	-8.0267840267645578222755	1100.960169	1104.515517	0.285400	1.000000
2.9662696648578998903645	-7.5718777938349379752481	1101.014306	1104.569654	0.285400	1.000000
2.9780636916699894101157	-6.5932561120002235455217	1099.515673	1103.071021	0.285400	1.000000
2.9800668130042864412133	-8.0480840984842778595976	1101.012262	1104.567610	0.285400	1.000000
2.4769801760865082229657	-6.3922286546495579173666	1100.453707	1104.009055	0.285400	1.000000
2.3113293946357331698493	-6.4150023637430688694394	1100.978905	1104.534253	0.285400	1.000000
2.5484311865742914626765	-6.5549276620954417538201	1100.980979	1104.536327	0.285400	1.000000
2.9129974384049255320406	-7.4983057525585747882246	1100.982820	1104.538168	0.285400	1.000000
1.8409192037979218437016	-6.2300711213756114759121	1100.801802	1104.357150	0.285400	1.000000
1.9116599864675705156003	-6.1968869657966250130698	1100.828509	1104.383857	0.285400	1.000000
1.9116599864675705156003	-6.1968869657966250130698	1100.828509	1104.383857	0.285400	1.000000
1.9116599864675705156003	-6.1968869657966250130698	1100.828509	1104.383857	0.285400	1.000000
1.9425026364711250881356	-6.1824188293474460209609	1100.359223	1103.914571	0.285400	1.000000
1.9226697919837916206376	-6.2887938531708194034309	1100.373063	1103.928411	0.285400	1.000000
3.0761361243776628171531	-7.2579214604384016951144	1100.818978	1104.374326	0.285400	1.000000
2.9911061300765005022129	-7.9782009047898050368985	1101.006954	1104.562302	0.285400	1.000000
2.6180207320733472897700	-8.3688067613802097355347	1099.065381	1102.620729	0.285400	1.000000
2.6103541733389254986264	-6.6377597196358575359909	1100.894488	1104.449836	0.285400	1.000000
2.6103541733389254986264	-6.6377597196358575359909	1100.894488	1104.449836	0.285400	1.000000
2.8093688040038307107693	-7.0620119113915400532733	1100.827236	1104.382584	0.285400	1.000000
2.6453205759635833871357	-6.5679312496748245564504	1100.994282	1104.549630	0.285400	1.000000
3.1939653749236529556299	-7.2572028145720581804312	1100.329059	1103.884407	0.285400	1.000000
2.6013742266454822349431	-6.5067940360892562168260	1100.899389	1104.454737	0.285400	1.000000
2.5650445212763930413757	-7.1534117821939791070918	1098.700828	1102.256176	0.285400	1.000000
2.8664149543440040623921	-8.1163686052240517909695	1100.874969	1104.430317	0.285400	1.000000
2.9695271793784248082204	-6.5465156756555904493666	1098.959296	1102.514644	0.285400	1.000000
3.1766361165425220924874	-7.0200180284320596868497	1100.217860	1103.773208	0.285400	1.000000
2.8639740995073794671555	-6.8115943244125656264032	1101.003203	1104.558551	0.285400	1.000000
2.9972677475341118480401	-6.9628317408308619818058	1100.891952	1104.447300	0.285400	1.000000
2.6524577422984969565789	-7.1327094265472537060191	1099.755624	1103.310972	0.285400	1.000000
2.1781405311431605298367	-6.3324307276988340831281	1101.013735	1104.569083	0.285400	1.000000
2.1222598500520635234068	-6.3640461915533279579904	1100.643175	1104.198523	0.285400	1.000000
1.8629652838431738359759	-6.2229956291231145470988	1100.962749	1104.518097	0.285400	1.000000
1.5271933690821151152761	-6.1270143096070013299936	1100.277625	1103.832973	0.285400	1.000000
0.9693618196056897895474	-5.8867229550159674289489	1099.900105	1103.455453	0.285400	1.000000
0.9693618196056897895474	-5.8867229550159674289489	1099.900105	1103.455453	0.285400	1.000000
0.9693618196056897895474	-5.8867229550159674289489	1099.900105	1103.455453	0.285400	1.000000
1.0736765226163038633445	-5.9336221641906892187990	1100.117366	1103.672714	0.285400	1.000000
1.0736765226163038633445	-5.9336221641906892187990	1100.117366	1103.672714	0.285400	1.000000
1.0736765226163038633445	-5.9336221641906892187990	1100.117366	1103.672714	0.285400	1.000000
1.0797059846570988828063	-5.8914686693882281076640	1101.013654	1104.569002	0.273667	1.000000
1.0797059846570988828063	-5.8914686693882281076640	1101.013654	1104.569002	0.273667	1.000000
1.0609714133567242910772	-5.9024157152281526705906	1100.856815	1104.412163	0.273667	1.000000
1.0384556621621574556968	-5.9165866557009190174199	1100.116719	1103.672067	0.273667	1.000000
1.0384556621621574556968	-5.9165866557009190174199	1100.116719	1103.672067	0.273667	1.000000
1.0384556621621574556968	-5.9165866557009190174199	1100.116719	1103.672067	0.273667	1.000000
1.0384556621621574556968	-5.9165866557009190174199	1100.116719	1103.672067	0.273667	1.000000
0.3336212214760432281935	-5.3759437187250336265265	1100.738542	1104.293890	0.273667	1.000000
0.3530018080035011718287	-5.3646191911594378609607	1100.887146	1104.442494	0.273667	1.000000
0.2574999309988696971629	-5.2011790493873464313879	1100.122090	1103.677438	0.273667	1.000000
0.2352366205809787724768	-5.1630780326833534132902	1100.181949	1103.737297	0.273667	1.000000
0.7928822715175651847375	-5.7435484744321172456694	1101.014347	1104.569695	0.273667	1.000000
0.7928822715175651847375	-5.7435484744321172456694	1101.014347	1104.569695	0.273667	1.000000
0.8335810219447170599238	-5.8131995613886395801728	1099.887501	1103.442849	0.273667	1.000000
0.8335810219447170599238	-5.8131995613886395801728	1099.887501	1103.442849	0.273667	1.000000
0.8335810219447170599238	-5.8131995613886395801728	1099.887501	1103.442849	0.273667	1.000000
0.8086843789614873712068	-5.7705919081523493474606	1100.854042	1104.409390	0.273667	1.000000
0.8086843789614873712068	-5.7705919081523493474606	1100.854042	1104.409390	0.273667	1.000000
0.8086843789614873712068	-5.7705919081523493474606	1100.854042	1104.409390	0.273667	1.000000
0.9280693075032401262447	-5.8014485793916028555373	1100.872745	1104.428093	0.273667	1.000000
1.8548772037127638778742	-6.1869642577759238477597	1100.944256	1104.499604	0.273667	1.000000
1.8548772037127638778742	-6.1869642577759238477597	1100.944256	1104.499604	0.273667	1.000000
1.8328156370677211040032	-6.1998553443928354766967	1101.011087	1104.566435	0.273667	1.000000
1.8405944692026403597396	-6.2131678934947851544734	1100.969265	1104.524613	0.273667	1.000000
2.9042174108017269062998	-6.8634296252845112817909	1100.990403	1104.545751	0.273667	1.000000
2.6474794265120928926649	-6.5220800354281074362461	1100.836023	1104.391371	0.273667	1.000000
2.8186872107432328071752	-7.1948002012506071523035	1100.793442	1104.348790	0.273667	1.000000
2.7808638759486954405986	-7.1226157125049907037351	1100.672995	1104.228343	0.273667	1.000000
2.6764964831867548156197	-7.7246125022579299468362	1099.729663	1103.285011	0.273667	1.000000
3.0963464904518143150369	-7.1721173971727294471634	1100.722804	1104.278152	0.273667	1.000000
2.7931813344088434192258	-6.9345253135013678047471	1100.877686	1104.433034	0.273667	1.000000
3.0762951245062271077302	-8.3954560223075009872673	1100.870097	1104.425446	0.273667	1.000000
2.8454908093595632223582	-8.4144583642489472197212	1100.807714	1104.363062	0.273667	1.000000
2.7688183095855216642178	-8.3914904598510151600976	1100.440785	1103.996133	0.273667	1.000000
2.7953770211369359799392	-6.6353263562955113741282	1100.859040	1104.414388	0.273667	1.000000
2.6103280298965692018953	-6.7434547867389458275511	1100.478927	1104.034275	0.273667	1.000000
3.1674206304241332432525	-7.4848304477396201406236	1100.520388	1104.075736	0.273667	1.000000
2.8331696923858542547237	-7.3583301540492360715007	1100.802250	1104.357598	0.273667	1.000000
2.9762697794710226695258	-7.8284440944270894391366	1101.013133	1104.568481	0.273667	1.000000
3.1714131102770002357261	-7.3144217506518502958102	1100.464415	1104.019763	0.273667	1.000000
2.4217422313542145140275	-6.5324779424329806332139	1100.652877	1104.208225	0.273667	1.000000
3.1063909802830171891230	-7.0203240694477804240137	1100.572240	1104.127588	0.273667	1.000000
3.0032335655582120814699	-6.8437823823493486585789	1100.723253	1104.278601	0.273667	1.000000
2.7833844317991851546878	-6.4675366506732663296475	1099.330311	1102.885659	0.273667	1.000000
2.8144107953765269414248	-7.4266240274077368610506	1100.717251	1104.272599	0.273667	1.000000
2.8377365855444933728791	-8.1120843661508832411755	1100.780494	1104.335842	0.273667	1.000000
2.9922779334249232086052	-8.0814427714862517859729	1101.006378	1104.561726	0.273667	1.000000
3.1992490319985344982001	-8.2086728816817462472955	1100.400219	1103.955567	0.273667	1.000000
2.8593387897947408760047	-7.1360357593793946051619	1100.932408	1104.487756	0.273667	1.000000
2.9766988294591065766781	-7.7618536738757857307291	1101.012892	1104.568240	0.273667	1.000000
2.9095106698564854319500	-7.0154773958018630253264	1101.014168	1104.569516	0.273667	1.000000
1.3494303888669310076409	-5.9501251369468262097939	1099.718723	1103.274071	0.273667	1.000000
1.5144011382725577341546	-6.0548480252549934377271	1100.888289	1104.443637	0.273667	1.000000
2.2676302199674811532759	-6.4676308574726819600187	1100.277015	1103.832363	0.273667	1.000000
2.8228100379504432737576	-7.3101634805390522942048	1100.773826	1104.329174	0.273667	1.000000
3.5227825820795062305990	-7.1355410110269748003020	1097.654105	1101.209453	0.273667	1.000000
2.7673161888388628781854	-6.7648420269402205207143	1100.991727	1104.547075	0.273667	1.000000
2.7997192730714264286007	-6.8202960645667936034897	1100.990381	1104.545729	0.273667	1.000000
3.0151029824376922583440	-7.5090575391889773371190	1100.978732	1104.534080	0.273667	1.000000
2.9326516830792024315144	-7.6811869620387280832574	1101.000582	1104.555930	0.273667	1.000000
3.2016461268528768613351	-7.9842991962899665381315	1100.386008	1103.941356	0.273667	1.000000
2.9515732406045125379990	-8.3977572336655121887361	1101.011106	1104.566454	0.273667	1.000000
2.9515732406045125379990	-8.3977572336655121887361	1101.011106	1104.566454	0.273667	1.000000
3.0035687642402280062015	-8.3673750396144708219026	1100.997896	1104.553244	0.273667	1.000000
1.2917178372510498274295	-6.0114749985493975970030	1100.742188	1104.297536	0.273667	1.000000
1.2917178372510498274295	-6.0114749985493975970030	1100.742188	1104.297536	0.273667	1.000000
1.2917178372510498274295	-6.0114749985493975970030	1100.742188	1104.297536	0.273667	1.000000
1.3467833053921205443970	-5.9792989645066461079637	1100.703187	1104.258535	0.273667	1.000000
1.3467833053921205443970	-5.9792989645066461079637	1100.703187	1104.258535	0.273667	1.000000
1.3374722793532676234918	-5.9633642471632377635160	1100.382683	1103.938031	0.273667	1.000000
1.4428558674364044822624	-5.9999795624278240424587	1100.259757	1103.815105	0.273667	1.000000
1.4824321301525094085605	-5.9761209978470173354026	1098.534537	1102.089886	0.273667	1.000000
1.4824321301525094085605	-5.9761209978470173354026	1098.534537	1102.089886	0.273667	1.000000
3.1880740321816438687108	-7.6676992614953682902978	1100.441774	1103.997122	0.273667	1.000000
3.5625699585618999520875	-7.5553804301747984339954	1097.577951	1101.133299	0.273667	1.000000
3.2872518546099422920292	-6.9939951961112400979914	1099.436490	1102.991838	0.273667	1.000000
2.6978526592208407208773	-6.8380595663058754141161	1100.658985	1104.214333	0.273667	1.000000
1.8993832198079285689118	-6.2863072219723443723183	1100.195837	1103.751185	0.273667	1.000000
1.8993832198079285689118	-6.2863072219723443723183	1100.195837	1103.751185	0.273667	1.000000
1.8993832198079285689118	-6.2863072219723443723183	1100.195837	1103.751185	0.273667	1.000000
2.4634586849829704924275	-6.4846695485079894893943	1101.007789	1104.563137	0.273667	1.000000
1.2924902721829236718065	-5.9788035085172879234960	1100.995440	1104.550788	0.273667	1.000000
1.2924902721829236718065	-5.9788035085172879234960	1100.995440	1104.550788	0.273667	1.000000
1.2924902721829236718065	-5.9788035085172879234960	1100.995440	1104.550788	0.273667	1.000000
1.2924902721829236718065	-5.9788035085172879234960	1100.995440	1104.550788	0.273667	1.000000
0.9933984790906330575311	-5.8723761488132275587759	1100.804238	1104.359586	0.273667	1.000000
1.1969141171594834816005	-5.9319387133476038087565	1100.939973	1104.495321	0.273667	1.000000
1.1969141171594834816005	-5.9319387133476038087565	1100.939973	1104.495321	0.273667	1.000000
1.1969141171594834816005	-5.9319387133476038087565	1100.939973	1104.495321	0.273667	1.000000
1.1969141171594834816005	-5.9319387133476038087565	1100.939973	1104.495321	0.273667	1.000000
1.1969141171594834816005	-5.9319387133476038087565	1100.939973	1104.495321	0.273667	1.000000
1.1648316481140208455969	-5.9019199375772126714423	1100.649690	1104.205038	0.273667	1.000000
1.1648316481140208455969	-5.9019199375772126714423	1100.649690	1104.205038	0.273667	1.000000
3.1676042587522981186510	-7.8498790874922619309473	1100.544271	1104.099619	0.273667	1.000000
3.2058700386448220065461	-7.1939585583672167601321	1100.229218	1103.784566	0.273667	1.000000
3.0926115567688237106836	-7.4350038195273508989658	1100.800474	1104.355822	0.273667	1.000000
2.7813785860407529426652	-6.7010551782203524595616	1101.005748	1104.561096	0.273667	1.000000
2.9275938993704646584604	-7.0727207833625591604232	1101.014385	1104.569733	0.273667	1.000000
2.8698961403035507800041	-7.5317718514515510364049	1100.897025	1104.452373	0.273667	1.000000
2.6467968528337766365155	-7.6362059876190233609350	1099.432941	1102.988289	0.273667	1.000000
2.6782868258211540712921	-7.5744383421293228764171	1099.765097	1103.320445	0.274000	1.000000
2.4738130446354769098605	-8.4831271455881687160172	1096.736760	1100.292108	0.274000	1.000000
2.4738130446354769098605	-8.4831271455881687160172	1096.736760	1100.292108	0.274000	1.000000
2.5264796100250608290594	-6.7074406827881567494387	1100.047373	1103.602721	0.274000	1.000000
2.6632795041276597913793	-6.5954633089650656074809	1101.009689	1104.565037	0.274000	1.000000
2.7376558361490093140844	-7.2052970926924615469034	1100.377339	1103.932687	0.274000	1.000000
3.1001665491694585519156	-8.3980529534132024593873	1100.802567	1104.357915	0.274000	1.000000
2.9492579308840936036518	-7.8932310092063380224658	1101.010474	1104.565822	0.274000	1.000000
3.2102549365361019440002	-8.1260927144810413125242	1100.343781	1103.899129	0.274000	1.000000
2.7286614995622882062776	-7.1948617675069845844860	1100.324039	1103.879387	0.274000	1.000000
2.7939500552513982789549	-6.7780245415991133839384	1101.007826	1104.563174	0.274000	1.000000
2.1252323340335079748797	-6.3908348580636049618420	1100.242847	1103.798195	0.274000	1.000000
3.1149136523363383233232	-7.5999032164003725853263	1100.741807	1104.297155	0.274000	1.000000
2.7901528275591749306273	-7.0138600284323535660747	1100.795047	1104.350396	0.274000	1.000000
2.5967582852646913238459	-7.4830413308972820729537	1098.864146	1102.419494	0.274000	1.000000
2.9156268146757642334421	-7.1559404854164583298370	1101.007070	1104.562418	0.274000	1.000000
3.1945098363695385579319	-7.1556761490964273519921	1100.264602	1103.819950	0.274000	1.000000
2.8406863876053964901303	-7.0206478781435368574648	1100.936957	1104.492305	0.274000	1.000000
2.9940712084155718386569	-7.3938952882502197994086	1100.997771	1104.553119	0.274000	1.000000
3.3750638269327675189402	-7.0820342802618521105273	1098.913462	1102.468810	0.274000	1.000000
2.6641404160245811816310	-6.8035015006095429512811	1100.576433	1104.131781	0.274000	1.000000
2.4729899069892806728888	-6.5567344500069140167398	1100.742434	1104.297782	0.274000	1.000000
2.6176502105499510619779	-6.4383229483355295386104	1100.188273	1103.743621	0.274000	1.000000
2.8347335577761567648736	-6.8246067729642501120679	1101.013492	1104.568840	0.274000	1.000000
2.7152542112973887533656	-6.5698027053716003820227	1100.849946	1104.405294	0.274000	1.000000
2.9060341260718760558746	-7.6772434233747937071257	1100.967839	1104.523187	0.274000	1.000000
2.9574261211124763804037	-7.7459599249793749109472	1101.013530	1104.568878	0.274000	1.000000
2.7455724743026159728743	-6.6263935830186619924120	1100.954535	1104.509883	0.274000	1.000000
2.6493333928419833256385	-6.5088207582340267265408	1100.748642	1104.303990	0.274000	1.000000
2.9833869205965046766948	-6.9169254106401041326535	1100.887052	1104.442400	0.274000	1.000000
3.0936527190467129067031	-7.1325058108300360970588	1100.712622	1104.267970	0.274000	1.000000
3.2560922323240792941590	-7.5036567267350999799191	1100.052877	1103.608225	0.274000	1.000000
3.0834180393661303476449	-7.4553993222525907214049	1100.830262	1104.385610	0.274000	1.000000
2.8504690519765580880573	-6.8920839987719046959569	1101.006274	1104.561622	0.274000	1.000000
2.9278239562524164263380	-6.9865865071980479683589	1101.008301	1104.563649	0.274000	1.000000
2.5801149828472378366939	-6.7928595832994016490147	1100.021255	1103.576603	0.274000	1.000000
2.5902792887558456769170	-7.6173991258289950323501	1098.742736	1102.298084	0.274000	1.000000
2.8095264770743271220965	-6.7632495391245850413497	1101.014167	1104.569515	0.274000	1.000000
2.9766567870542988138993	-6.9674283649534141105164	1100.940037	1104.495385	0.274000	1.000000
2.9966519685294796815356	-6.9918559668427784359324	1100.913244	1104.468592	0.274000	1.000000
2.5566454913989780095562	-6.5663470505026504397961	1100.968579	1104.523927	0.274000	1.000000
2.8558139366807999692810	-7.2038527826806539877680	1100.905228	1104.460576	0.274000	1.000000
3.1485996213102191987332	-6.9968361935437357601586	1100.337323	1103.892671	0.274000	1.000000
3.5649482432744723503504	-8.3522610297493642406153	1097.607434	1101.162782	0.274000	1.000000
3.0954879270862942775011	-8.4154849649928404886623	1100.816772	1104.372120	0.274000	1.000000
2.7936335289760614308818	-8.4935590516648158398993	1100.581450	1104.136798	0.274000	1.000000
2.7922012800586206715536	-8.4947314171369381341492	1100.573910	1104.129258	0.274000	1.000000
2.8458608117684267568848	-8.4508084778623331345671	1100.808965	1104.364313	0.274000	1.000000
2.8458608117684267568848	-8.4508084778623331345671	1100.808965	1104.364313	0.274000	1.000000
2.8946638484717381878397	-8.4108608162031064381381	1100.942829	1104.498177	0.274000	1.000000
2.8860411826802039314543	-8.3915420348999099076082	1100.924448	1104.479796	0.274000	1.000000
0.5963878125072372693438	-5.5927529358576126838898	1100.789790	1104.345138	0.274000	1.000000
0.5963878125072372693438	-5.5927529358576126838898	1100.789790	1104.345138	0.274000	1.000000
0.5833155730663077687126	-5.6034532002999526412168	1101.014342	1104.569690	0.274000	1.000000
0.6333557236199073292582	-5.5952668120822881547838	1099.954531	1103.509879	0.274000	1.000000
0.6133121312158483773302	-5.6116734683455140597630	1100.906063	1104.461411	0.274000	1.000000
1.6703066790254716966757	-6.1300084627938655756907	1101.009576	1104.564924	0.274000	1.000000
3.0419559064092807076918	-6.6690377693405888948064	1099.752149	1103.307497	0.274000	1.000000
2.4141571126528376112219	-6.4408356378600961633651	1101.011921	1104.567269	0.274000	1.000000
2.4141571126528376112219	-6.4408356378600961633651	1101.011921	1104.567269	0.274000	1.000000
2.7017113153957046378650	-6.7921332539850194365272	1100.783800	1104.339148	0.274000	1.000000
2.6854326650940611997953	-6.9362371127665785053296	1100.362214	1103.917562	0.274000	1.000000
2.8059759451489103554422	-7.5442109006945710092396	1100.664861	1104.220209	0.274000	1.000000
1.1355902192819993246076	-5.8950477865658914566893	1100.781361	1104.336709	0.274000	1.000000
1.3131222885636799624365	-5.9769623282264818797671	1100.898335	1104.453683	0.274000	1.000000
1.3131222885636799624365	-5.9769623282264818797671	1100.898335	1104.453683	0.274000	1.000000
2.7362731666669399821501	-6.7312867884981217869722	1100.982758	1104.538106	0.274000	1.000000
2.7379689561699214195301	-7.9126324970031793881731	1100.239632	1103.794980	0.274000	1.000000
2.4827563522036855125918	-6.6628605724322369496804	1099.991020	1103.546368	0.274000	1.000000
2.9534117851278964828055	-7.7433691145785621401387	1101.012460	1104.567808	0.274000	1.000000
2.7311787951650510208879	-7.8143201893175753269816	1100.193038	1103.748387	0.274000	1.000000
2.7206058644977115790198	-6.8476872008152023241223	1100.741910	1104.297258	0.274000	1.000000
2.4161291506204909396160	-6.4735214947239292371250	1100.972043	1104.527391	0.274000	1.000000
2.9302914011396334892368	-7.3907033384043776536032	1101.004386	1104.559734	0.274000	1.000000
2.8111384044544918126007	-7.8779590261012648610972	1100.672154	1104.227502	0.274000	1.000000
3.0341691261453913597279	-7.0298848023857694045091	1100.842711	1104.398059	0.274000	1.000000
3.2035493116846152084065	-6.7605491432074265034657	1099.154914	1102.710262	0.274000	1.000000
2.8202522511699252838469	-6.4434817003487276920737	1098.443752	1101.999100	0.274000	1.000000
3.3193223038666501700789	-7.1397873707654992969651	1099.437554	1102.992902	0.274000	1.000000
2.7688730124425662282306	-7.5431926974611922531722	1100.467951	1104.023299	0.274000	1.000000
2.0735752388644330679313	-6.4700269070025919759814	1097.334026	1100.889374	0.274000	1.000000
2.9627527079804099052751	-8.4280919347364591232008	1101.014124	1104.569472	0.274000	1.000000
3.0690598248085980692679	-8.3954789883803861982869	1100.888160	1104.443508	0.274000	1.000000
2.7728996208211231788709	-8.2693150888451629754172	1100.465875	1104.021223	0.274000	1.000000
2.8646127428480414600642	-8.4393571042264543535794	1100.869033	1104.424381	0.274000	1.000000
2.9264279741464251927141	-7.3730292045146716972681	1101.002020	1104.557368	0.274000	1.000000
2.9674230378443486877416	-6.6125320794796653700587	1099.802292	1103.357640	0.274000	1.000000
3.0621867009355332456266	-8.4575854079041796751426	1100.904316	1104.459664	0.274000	1.000000
3.0621867009355332456266	-8.4575854079041796751426	1100.904316	1104.459664	0.274000	1.000000
2.9280381353236069053025	-8.2936995357571881015701	1100.993867	1104.549215	0.274000	1.000000
3.0940071955648180690446	-8.4477757453238400131568	1100.821202	1104.376550	0.274000	1.000000
2.9232525084612110966020	-7.0283777408487457805109	1101.013869	1104.569217	0.274000	1.000000
3.1150107204811012806545	-7.2626438448124659430505	1100.688805	1104.244153	0.274000	1.000000
3.4231136318412560548552	-7.0986062213748315485873	1098.527556	1102.082904	0.274000	1.000000
2.7707644360995762333744	-6.6042666805177887567879	1100.819460	1104.374808	0.274000	1.000000
2.8404860271122860382320	-7.4228907032017730216467	1100.818106	1104.373455	0.274000	1.000000
3.2234068617296127712279	-6.9955982615029226323600	1099.890461	1103.445810	0.274000	1.000000
3.4146192249443667598996	-6.9282538086781313424467	1098.148432	1101.703780	0.274000	1.000000
1.2948862593771013340671	-5.9323352255450627623645	1099.869496	1103.424844	0.274000	1.000000
1.3122350230637227497255	-6.0332682430828565856018	1100.400805	1103.956153	0.274000	1.000000
1.3558788470763463163138	-6.0132292781332434827846	1101.013522	1104.568870	0.275625	1.000000
1.3558788470763463163138	-6.0132292781332434827846	1101.013522	1104.568870	0.275625	1.000000
1.3558788470763463163138	-6.0132292781332434827846	1101.013522	1104.568870	0.275625	1.000000
1.3307114531499439902262	-6.0334120254081708978333	1100.617205	1104.172553	0.275625	1.000000
1.2911565574118899490941	-5.9840880345165015086195	1101.013949	1104.569297	0.275625	1.000000
2.2157370776317568683567	-6.4648670161158694469350	1099.808285	1103.363633	0.275625	1.000000
2.4868047549852869693154	-6.4562969456064864814948	1100.958263	1104.513611	0.275625	1.000000
3.3571188824368207725968	-8.2929988833819940907688	1099.413288	1102.968636	0.275625	1.000000
2.6903530216115338902227	-7.7583254838685968834966	1099.857423	1103.412771	0.275625	1.000000
3.0906908752952029217909	-8.1110704037642982200396	1100.830031	1104.385379	0.275625	1.000000
2.9543053866868365098242	-7.9500777071239356885712	1101.012367	1104.567715	0.275625	1.000000
3.2433668563303599263747	-8.3239066404558990086571	1100.164445	1103.719793	0.275625	1.000000
3.2969700575435978429084	-8.2809200735361159217973	1099.834460	1103.389808	0.275625	1.000000
2.6934409507847285603077	-8.4914755112205480003240	1099.871112	1103.426460	0.275625	1.000000
2.6748006598373126330159	-8.3898793346248403679510	1099.695406	1103.250755	0.275625	1.000000
2.4112826714071804445894	-6.4111086130367169744204	1100.925810	1104.481158	0.275625	1.000000
3.1575750675754892249358	-7.5691835838121930279954	1100.573521	1104.128869	0.275625	1.000000
2.2675437572485868109595	-6.3518939648643248929716	1100.958152	1104.513500	0.275625	1.000000
3.0386487359335059288412	-8.1306142519868647156045	1100.951006	1104.506354	0.275625	1.000000
2.9470139809926316765143	-7.8550735630968882006187	1101.009477	1104.564825	0.275625	1.000000
2.9874252522612025906312	-7.1691345230065968152644	1100.986412	1104.541760	0.275625	1.000000
3.0195446475241687345203	-7.8299570837733760697574	1100.978752	1104.534100	0.275625	1.000000
2.9593615216095310316291	-8.4572056592546296371893	1101.013552	1104.568900	0.275625	1.000000
2.9319963593507312182851	-8.4791508855113431053496	1100.997744	1104.553092	0.275625	1.000000
2.8859809961731039962274	-8.4035889132436132342718	1100.924300	1104.479648	0.275625	1.000000
2.8916074990576223768812	-6.7319827813029959884261	1100.850125	1104.405473	0.275625	1.000000
3.0929219450346558950571	-6.8931307510310011466004	1100.434559	1103.989907	0.275625	1.000000
2.8846961144217972972115	-6.7858403966935059159482	1100.957026	1104.512374	0.275625	1.000000
2.8979413855553954881827	-7.2227232973194652743132	1100.982537	1104.537885	0.275625	1.000000
2.7384163908019449884534	-6.4649780757609036641043	1099.679448	1103.234796	0.275625	1.000000
3.2891131341673918164759	-7.0622789302646697962018	1099.553075	1103.108423	0.275625	1.000000
2.6110040003582781764635	-6.4382409663158810531058	1100.233068	1103.788416	0.275625	1.000000
3.1186199666277634179323	-7.0712257038449557455806	1100.568920	1104.124268	0.275625	1.000000
2.7651323409130776909137	-7.1597534527852202401732	1100.569921	1104.125269	0.275625	1.000000
3.0469132496328938941588	-8.2182054173166996235977	1100.936043	1104.491391	0.275625	1.000000
3.5215458192656017288868	-8.3754087076837322456413	1098.024470	1101.579818	0.275625	1.000000
2.1702511825142005719158	-6.4934499674668106905528	1098.544359	1102.099708	0.275625	1.000000
3.1166362576588255706156	-7.6387519617884587219692	1100.738056	1104.293404	0.275625	1.000000
3.3741895040233402802698	-8.4841010525896738414531	1099.285347	1102.840695	0.275625	1.000000
2.8795722147047526640051	-7.6617013617217866183751	1100.915569	1104.470917	0.275625	1.000000
2.6381296616909892804870	-7.3606283829285388264907	1099.416614	1102.971962	0.275625	1.000000
2.8126264641020313206354	-7.4946428708738483948082	1100.700338	1104.255686	0.275625	1.000000
2.4041778268334930146466	-6.4499384066334997100967	1101.009469	1104.564817	0.275625	1.000000
2.4041778268334930146466	-6.4499384066334997100967	1101.009469	1104.564817	0.275625	1.000000
2.9065038283973745336652	-6.8678022479410651968124	1100.990104	1104.545452	0.275625	1.000000
2.7773592857854350057778	-7.1542939602201096604972	1100.636150	1104.191498	0.275625	1.000000
3.1935445556169943515101	-7.1772907970485455564358	1100.285650	1103.840999	0.275625	1.000000
2.5574012876766976098963	-6.4275981632757206440942	1100.434858	1103.990206	0.275625	1.000000
3.0168852370719472233418	-7.7905869458255994075557	1100.981848	1104.537196	0.275625	1.000000
2.8063424957657829850177	-7.2326285603815918534565	1100.730786	1104.286134	0.275625	1.000000
2.0138311090425338178989	-6.2897439648793502797730	1100.923507	1104.478855	0.275625	1.000000
2.5924171799778199520858	-6.8519073298271937488835	1099.866715	1103.422063	0.275625	1.000000
3.2826726658154585791749	-7.2236524355016422660469	1099.775573	1103.330921	0.275625	1.000000
2.7584441229002121254155	-6.7768859601115032376129	1100.967682	1104.523030	0.275625	1.000000
3.0738895176778102680260	-8.1169561064812665307500	1100.875574	1104.430922	0.275625	1.000000
2.6554440449087182152255	-7.6346108452275860400960	1099.526243	1103.081591	0.275625	1.000000
2.3449446475223121311160	-6.5098057627120686774447	1100.365424	1103.920772	0.275625	1.000000
2.8499776497195998814504	-7.1395696069991467780369	1100.909510	1104.464858	0.275625	1.000000
3.1924596121425539152483	-7.5666362666353963462029	1100.411819	1103.967167	0.275625	1.000000
2.9408610896740770002111	-7.0208501664133002861945	1101.005645	1104.560993	0.275625	1.000000
2.9553648121964508632686	-6.8859747066501437728903	1100.922988	1104.478336	0.275625	1.000000
2.6334486859606363040598	-6.6130248828228053170619	1100.995481	1104.550829	0.275625	1.000000
2.9035689588702409125176	-7.8181955736977233328844	1100.961714	1104.517062	0.275625	1.000000
3.1597855553356755109462	-7.9906708421092558225496	1100.580884	1104.136232	0.275625	1.000000
3.1704586963179326453144	-7.8416021325269706920835	1100.531339	1104.086687	0.275625	1.000000
3.3800573509129181459798	-7.0000883728653118254215	1098.695328	1102.250676	0.275625	1.000000
3.0430635931164640162194	-7.3869712060300729561391	1100.923755	1104.479103	0.275625	1.000000
2.7236974917380307736892	-7.5108000935044127999163	1100.165923	1103.721271	0.275625	1.000000
3.0295240654419099968209	-6.7933763624790985957702	1100.481925	1104.037273	0.275625	1.000000
3.0328244093072211917672	-7.4976920772060093867140	1100.951064	1104.506412	0.275625	1.000000
1.5012288623482246130436	-6.1146858732234434796737	1100.327309	1103.882657	0.275625	1.000000
1.4764147090199439826819	-6.0837432288323700646515	1100.814812	1104.370160	0.275625	1.000000
3.0002031048227646436999	-7.5150240978116764622996	1100.995922	1104.551270	0.275625	1.000000
2.7186217829381664756738	-6.9210621190447696449155	1100.592093	1104.147441	0.275625	1.000000
2.8794602028498439416637	-7.3583464778877623047038	1100.934025	1104.489373	0.275625	1.000000
3.2665517544775579672489	-7.5484166461104971190821	1099.996190	1103.551538	0.275625	1.000000
2.8860472173832856235265	-6.9806874521678174971839	1101.009629	1104.564977	0.275625	1.000000
3.2611271306118929658169	-6.6798957564232281924888	1097.903112	1101.458460	0.275625	1.000000
2.4958877747955918735556	-6.4601746851306431906892	1100.954564	1104.509912	0.275625	1.000000
2.3364795409378689150515	-6.3994786266717902378787	1101.009073	1104.564421	0.275625	1.000000
2.9870174096306953970270	-7.0550390938870499724089	1100.960968	1104.516316	0.275625	1.000000
2.8047077904930350911172	-6.7083494299216299694422	1100.989577	1104.544925	0.275625	1.000000
2.8859586602932689736178	-6.9145836452495483825942	1101.014325	1104.569673	0.275625	1.000000
2.8859586602932689736178	-6.9145836452495483825942	1101.014325	1104.569673	0.275625	1.000000
3.2721136813445044211335	-7.2488612049934708636556	1099.862552	1103.417900	0.275625	1.000000
3.2721136813445044211335	-7.2488612049934708636556	1099.862552	1103.417900	0.275625	1.000000
2.7964700484963929127957	-6.6557451879612141709686	1100.915290	1104.470638	0.275625	1.000000
3.1581759410797616283162	-7.1599849829210073792751	1100.454990	1104.010338	0.275625	1.000000
2.7292410362396064549273	-6.5021575972886962446751	1100.269136	1103.824484	0.275625	1.000000
3.0899660843099789886423	-7.5330756258749680398523	1100.817698	1104.373046	0.275625	1.000000
2.9175081641619402539334	-7.6813398305219422468326	1100.984346	1104.539694	0.275625	1.000000
3.0026600282736475300283	-7.3521534741474194873945	1100.986668	1104.542017	0.275625	1.000000
3.0756112187985227279796	-7.4007147946210372069231	1100.846281	1104.401629	0.275625	1.000000
3.2062011425418215360139	-6.8371393615699735946123	1099.545436	1103.100784	0.275625	1.000000
2.9788634035400636257407	-6.5536547420651452000584	1098.982241	1102.537589	0.275625	1.000000
1.9902769294574955694088	-6.3421816384054219284394	1099.843401	1103.398749	0.275625	1.000000
2.1601219559944175863109	-6.3169885093471611625660	1101.000843	1104.556191	0.275625	1.000000
1.4009305313168076700947	-6.0933956021869795094403	1099.530803	1103.086151	0.275625	1.000000
2.8160805248543900880520	-7.7475440007327733837883	1100.698113	1104.253461	0.275625	1.000000
3.2220325832160590096009	-7.4987994104822544016997	1100.248508	1103.803856	0.275625	1.000000
2.9641817288537861685427	-6.9639709836585961255651	1100.960438	1104.515786	0.278667	1.000000
2.8106325420779261214932	-7.1960641511869898323539	1100.762332	1104.317680	0.278667	1.000000
3.0434694809845446172858	-6.9540170297183312442257	1100.745449	1104.300797	0.278667	1.000000
2.7820511132524323727466	-6.6233931044592360137813	1100.857515	1104.412863	0.278667	1.000000
2.7261008648110878205273	-6.6676319556261036680667	1101.014417	1104.569765	0.278667	1.000000
2.7440185422709681972719	-7.8325684517647484739200	1100.285340	1103.840688	0.278667	1.000000
2.7831155943858854051598	-6.5840071624533447192107	1100.670057	1104.225405	0.278667	1.000000
2.7281547056049606503336	-8.4685557171466836479112	1100.160895	1103.716244	0.278667	1.000000
2.7281547056049606503336	-8.4685557171466836479112	1100.160895	1103.716244	0.278667	1.000000
3.1691781532712623992154	-7.2898633897914661972095	1100.466644	1104.021992	0.278667	1.000000
2.9371718438670595396900	-6.8755086344522293728687	1100.949919	1104.505267	0.278667	1.000000
2.8800849595167492545045	-6.7831341622697696180921	1100.961922	1104.517270	0.278667	1.000000
2.7578698346912555727783	-6.6888001603470641498461	1101.012399	1104.567747	0.278667	1.000000
2.9993758117677464802853	-7.0136288160168245298109	1100.919776	1104.475124	0.278667	1.000000
2.6871158904890739549387	-7.6133665471128706414561	1099.841982	1103.397330	0.278667	1.000000
2.7899656048767309535208	-7.8367489086339192638775	1100.568020	1104.123368	0.278667	1.000000
3.2624058204632380153498	-7.6500720182260470991764	1100.033593	1103.588941	0.278667	1.000000
2.6445162010310649947087	-7.8754521876075083142155	1099.386929	1102.942277	0.278667	1.000000
2.9834220498729595583143	-7.3050428423096702701400	1101.002627	1104.557975	0.278667	1.000000
2.8020508671802732969525	-7.1743866431753806622851	1100.737148	1104.292496	0.278667	1.000000
3.3048032987091682244341	-7.6583438218969011046511	1099.762413	1103.317761	0.278667	1.000000
2.7210901697412008815036	-8.1198752530509814562265	1100.107827	1103.663175	0.278667	1.000000
3.2959537329088925972087	-6.6827989702928043413976	1097.571632	1101.126980	0.278667	1.000000
2.8853466054418448472063	-7.7287705373929860286353	1100.927189	1104.482537	0.278667	1.000000
3.1503943955762889750361	-7.4420124699947560742430	1100.588671	1104.144020	0.278667	1.000000
2.5966636388427928316958	-6.4283903034717866376013	1100.188172	1103.743520	0.278667	1.000000
3.0832097672594125370438	-7.4146780369454079462344	1100.826350	1104.381698	0.278667	1.000000
3.0734979665364003942329	-8.0444170284499598722050	1100.876204	1104.431552	0.278667	1.000000
3.0734979665364003942329	-8.0444170284499598722050	1100.876204	1104.431552	0.278667	1.000000
2.9005279856107235580964	-8.1811812691043837020288	1100.954397	1104.509745	0.278667	1.000000
2.0135694711966309888851	-6.2998434112689611907854	1100.828000	1104.383348	0.278667	1.000000
2.9498854942139143275881	-7.1754483207544730305472	1101.013492	1104.568840	0.278667	1.000000
2.9717623571486226907723	-7.0398616431178036023653	1100.978806	1104.534154	0.278667	1.000000
2.8122115714475626191415	-6.5445200228207394133051	1100.194977	1103.750325	0.278667	1.000000
2.6410477945230801388732	-6.8405434456656415420639	1100.311137	1103.866485	0.278667	1.000000
3.2228991669738937808631	-7.8588087773891786014246	1100.272290	1103.827639	0.278667	1.000000
2.8867919517725391109764	-7.7834539247867313704887	1100.929395	1104.484743	0.278667	1.000000
0.3174230697894172004148	-5.3100982255014983479668	1100.720837	1104.276185	0.278667	1.000000
0.3174230697894172004148	-5.3100982255014983479668	1100.720837	1104.276185	0.278667	1.000000
0.4308645374818186324362	-5.4535711714195498345248	1100.902755	1104.458103	0.278667	1.000000
0.4329428856812989612202	-5.4519278590262878481099	1100.835485	1104.390833	0.278667	1.000000
2.0502544018606867481935	-6.2975313104836159183719	1100.971987	1104.527335	0.278667	1.000000
2.9398745748374164321604	-7.0919382398381030085943	1101.012989	1104.568337	0.278667	1.000000
2.9280220124272475779037	-7.5751629508750024655228	1100.997839	1104.553187	0.278667	1.000000
3.0637035515951924757871	-7.2554137747536948666038	1100.853855	1104.409203	0.278667	1.000000
2.4937818726378533362720	-6.4643028828097879312509	1100.973009	1104.528357	0.278667	1.000000
2.9726362239133501397248	-7.4451854701500161937133	1101.012349	1104.567697	0.278667	1.000000
2.9730798327592853347312	-7.8321839383677236412495	1101.013826	1104.569174	0.278667	1.000000
3.2623213307383487347124	-7.6761088085982613904434	1100.036350	1103.591698	0.278667	1.000000
2.8244175742697548159299	-7.0589230375290865637794	1100.876127	1104.431475	0.278667	1.000000
3.1523259516022461568241	-7.2817242491214964061896	1100.541446	1104.096794	0.278667	1.000000
2.4680043845004111524588	-6.6636561366827349317532	1099.841967	1103.397315	0.278667	1.000000
3.1007940386398185061978	-7.2278169642196674615775	1100.729240	1104.284588	0.278667	1.000000
2.5414009085456972236727	-7.6701190114026234212474	1098.005418	1101.560767	0.278667	1.000000
2.6929347864414903135355	-8.0936423739588008174906	1099.869189	1103.424537	0.278667	1.000000
2.9881981308001726027612	-6.6187132603599660995997	1099.707016	1103.262364	0.278667	1.000000
2.6130609232183106271918	-8.2788800183463013837581	1099.003910	1102.559258	0.278667	1.000000
2.9868384092178565936138	-7.9284746508002932330328	1101.009258	1104.564606	0.278667	1.000000
2.9446372538412859398704	-7.9035348728335250712007	1101.008053	1104.563401	0.278667	1.000000
2.9650726039347983231664	-7.9996192032709103614252	1101.014370	1104.569718	0.278667	1.000000
3.0638335651183905561368	-7.6794688871796141782511	1100.894480	1104.449828	0.278667	1.000000
1.8998317183958421949797	-6.2073196158376120479261	1100.969300	1104.524648	0.278667	1.000000
1.9155131607970596885337	-6.2279608489738951249137	1101.014418	1104.569766	0.278667	1.000000
3.1026427239890135290068	-7.5407766945910594813540	1100.778836	1104.334185	0.278667	1.000000
2.9543463649607164533961	-7.7283731841776539539524	1101.012789	1104.568137	0.278667	1.000000
3.4784554528053015509670	-7.6645026562106224332638	1098.390967	1101.946315	0.278667	1.000000
2.4685625807883271320975	-6.4011800324329373168553	1100.615622	1104.170970	0.278667	1.000000
2.4037292195401480654482	-6.4336814714262633430053	1101.010202	1104.565551	0.278667	1.000000
2.5741280580545744527399	-6.6491901724329292022730	1100.712806	1104.268154	0.278667	1.000000
3.2188562029530252139864	-7.3801261296806917044933	1100.240208	1103.795556	0.278667	1.000000
2.8517413687432306979019	-7.0327503109463620489805	1100.953657	1104.509005	0.278667	1.000000
2.3373786225942674299461	-6.4983438189005324758796	1100.439175	1103.994524	0.278667	1.000000
2.9871256179597365232326	-7.3752249143645602913466	1101.002864	1104.558212	0.278667	1.000000
2.8227436763502233851852	-7.1072427875508639161239	1100.845704	1104.401053	0.278667	1.000000
2.2669168272587505441606	-6.4042713161685052014604	1100.925823	1104.481171	0.278667	1.000000
2.4087563642865301716256	-6.4570706383448523979496	1101.002680	1104.558028	0.278667	1.000000
2.3739094564137479537180	-6.4846234591804137181725	1100.780734	1104.336082	0.278667	1.000000
3.2474783289046391665522	-7.3837736773518045652054	1100.076502	1103.631850	0.278667	1.000000
3.2987422909404751081297	-7.0581992286859449592384	1099.475671	1103.031019	0.278667	1.000000
3.3338208000802418418118	-7.2269784672408938774879	1099.414112	1102.969460	0.278667	1.000000
2.5195700714230260253146	-7.6629378173626996328949	1097.640071	1101.195419	0.278667	1.000000
2.9826665408927994782573	-7.2967758009374774630373	1101.002775	1104.558123	0.278667	1.000000
1.8654609940717548077771	-6.2590404080676664833049	1100.479134	1104.034482	0.278667	1.000000
2.6495387913072532271030	-7.1630516998734350408995	1099.690891	1103.246239	0.278667	1.000000
2.8781166398402473483031	-7.1930905972217562549531	1100.956029	1104.511377	0.278667	1.000000
3.1539583238166528644797	-7.2091449622490317850065	1100.503356	1104.058704	0.278667	1.000000
3.7086783633857036690529	-8.4763776466640408102649	1096.104117	1099.659465	0.278667	1.000000
2.8851863446450161099222	-8.2271767690474497669584	1100.922750	1104.478098	0.278667	1.000000
2.8307555027859980789628	-7.9111679522253792740116	1100.755564	1104.310912	0.278667	1.000000
1.0476506875584943312418	-5.9044907496954888159735	1100.676433	1104.231781	0.278667	1.000000
1.0303962376834128189529	-5.8826685112836427649086	1100.932845	1104.488193	0.278667	1.000000
1.7840228114119867086629	-6.1232661037221713939971	1100.268742	1103.824090	0.278667	1.000000
1.8024781284231972122711	-6.1086738178031518842204	1099.569679	1103.125027	0.278667	1.000000
3.2585410938291370364084	-7.1989522853954248660102	1099.916270	1103.471618	0.278667	1.000000
3.2323540929582881275905	-7.2115097055320083185848	1100.087704	1103.643052	0.278667	1.000000
3.0750292976187934002041	-6.7942791442273131607976	1100.241715	1103.797064	0.278667	1.000000
3.0477432091556004856159	-7.5617358196709938411573	1100.925733	1104.481081	0.278667	1.000000
2.9335097884282457236793	-7.4172612661638943620801	1101.005874	1104.561222	0.278667	1.000000
2.9219066131036233180396	-6.5181935016301242313830	1098.943841	1102.499189	0.278667	1.000000
2.9345470893224505637420	-7.7232839412518750066283	1101.001802	1104.557150	0.278667	1.000000
2.3108336677549501381179	-6.4094640972889056484973	1100.995035	1104.550384	0.278100	1.000000
1.6130845149229990909134	-6.0734417283043056201564	1100.556909	1104.112257	0.278100	1.000000
1.6130845149229990909134	-6.0734417283043056201564	1100.556909	1104.112257	0.278100	1.000000
1.6130845149229990909134	-6.0734417283043056201564	1100.556909	1104.112257	0.278100	1.000000
1.6130845149229990909134	-6.0734417283043056201564	1100.556909	1104.112257	0.278100	1.000000
1.5756827607952386127721	-6.1034232743837861789871	1101.005291	1104.560639	0.278100	1.000000
2.8295525515534634131143	-7.0482465084538503674594	1100.896143	1104.451491	0.278100	1.000000
2.3642334878985447055300	-6.3277123109704573877821	1100.153372	1103.708720	0.278100	1.000000
3.3184648850353015703263	-7.0062322730741986021030	1099.223085	1102.778433	0.278100	1.000000
3.4090310664698955100960	-8.0671043589106741222849	1099.007365	1102.562713	0.278100	1.000000
1.7509851634634991945916	-6.1071326258476572590439	1100.134713	1103.690061	0.278100	1.000000
2.6120413896872882730804	-6.7505573245063041909475	1100.459073	1104.014422	0.278100	1.000000
2.3757183541800386272769	-6.4557461081221836352029	1100.953593	1104.508941	0.278100	1.000000
3.2291593916303744649099	-7.9319800135156182108176	1100.240071	1103.795419	0.278100	1.000000
3.0854562628660660017488	-6.9690783346179321355862	1100.600476	1104.155824	0.278100	1.000000
3.2175550239720340783833	-7.3370589025912194003354	1100.233943	1103.789291	0.278100	1.000000
2.6432291263692628824344	-7.0598465418806872762048	1099.774352	1103.329700	0.278100	1.000000
2.8302753545546042168723	-6.5751550112244681045581	1100.368420	1103.923768	0.278100	1.000000
3.1228364901399978670327	-6.9117677564856467853360	1100.319698	1103.875046	0.278100	1.000000
2.8290101880615226015436	-7.0836725387768888495543	1100.876357	1104.431705	0.278100	1.000000
2.9525538347121496052239	-7.6032249071398458895032	1101.012734	1104.568082	0.278100	1.000000
3.2751630659764487951691	-7.9063855235994680015210	1099.968882	1103.524230	0.278100	1.000000
3.3349207668019205108578	-8.4060206130612478148123	1099.575237	1103.130585	0.278100	1.000000
3.2032100792381794640562	-8.1279896582265021010016	1100.379805	1103.935154	0.278100	1.000000
3.0401894866700813757632	-8.4854388316234334865840	1100.948771	1104.504119	0.278100	1.000000
3.2618624933999931236883	-8.4893934341687007361088	1100.056242	1103.611590	0.278100	1.000000
3.2945474571966730792383	-8.4781603691737750239099	1099.851028	1103.406376	0.278100	1.000000
1.3564668189031703349201	-6.0604192920103807651344	1100.117016	1103.672364	0.278100	1.000000
1.5649806498544969191045	-6.1342373127994536119445	1100.506844	1104.062192	0.278100	1.000000
1.5649806498544969191045	-6.1342373127994536119445	1100.506844	1104.062192	0.278100	1.000000
3.2105700473496603386536	-7.5936181439693175576622	1100.322298	1103.877646	0.278100	1.000000
2.7767284568482488715802	-7.9413890424245536792114	1100.491770	1104.047118	0.278100	1.000000
3.2586784227998024654482	-8.1405557216663986253025	1100.073709	1103.629057	0.278100	1.000000
2.8900459716000908017008	-7.5178259668039721930199	1100.944057	1104.499405	0.278100	1.000000
2.8927491545974919340267	-7.4936220802733881640734	1100.950528	1104.505876	0.278100	1.000000
3.1730108817324169656615	-7.6574142296382561312384	1100.511867	1104.067216	0.278100	1.000000
2.6715010630682045622564	-6.9519186287913443678121	1100.229263	1103.784611	0.278100	1.000000
1.5376374559978662759363	-6.1254385808796678603017	1100.446270	1104.001618	0.278100	1.000000
1.5376374559978662759363	-6.1254385808796678603017	1100.446270	1104.001618	0.278100	1.000000
2.1465750970666155339472	-6.2826053249862772176471	1100.796593	1104.351942	0.278100	1.000000
2.1465750970666155339472	-6.2826053249862772176471	1100.796593	1104.351942	0.278100	1.000000
2.1465750970666155339472	-6.2826053249862772176471	1100.796593	1104.351942	0.278100	1.000000
2.5255116676624167482146	-6.4895180493671507093723	1100.992455	1104.547803	0.278100	1.000000
2.7221925525574359738812	-6.7348759798412078936281	1100.954638	1104.509986	0.278100	1.000000
2.9745309972092712769154	-7.0060240973809406739292	1100.962854	1104.518203	0.278100	1.000000
2.7903007906999128806547	-7.4461135825501605367549	1100.600865	1104.156213	0.278100	1.000000
2.4781053847586842486805	-6.6454601374295849680607	1100.096279	1103.651627	0.278100	1.000000
2.9497823578769279961875	-8.1441308232391662613736	1101.010411	1104.565759	0.278100	1.000000
3.5593966977546700469759	-7.6554590791459986576228	1097.629160	1101.184508	0.278100	1.000000
2.7878431019846003913187	-7.1366207049912295801164	1100.696016	1104.251364	0.278100	1.000000
3.1532517105194557416326	-7.9244187574634015192032	1100.607399	1104.162747	0.278100	1.000000
2.9800611591264458688499	-7.3143403368746175985393	1101.005494	1104.560842	0.278100	1.000000
2.7087980453257149981994	-7.5880345871168204396895	1100.034955	1103.590303	0.278100	1.000000
3.0739065855795555393115	-7.2953606529949039938288	1100.834108	1104.389456	0.278100	1.000000
2.7863124681950020011811	-6.5128891517058962179476	1100.009867	1103.565216	0.278100	1.000000
2.9513884824632947712075	-6.9247547893631846704920	1100.959863	1104.515211	0.278100	1.000000
2.9464864293809727158191	-7.2725531128589375740034	1101.014171	1104.569519	0.278100	1.000000
3.0279079135526081323349	-7.2072849981279309972138	1100.928160	1104.483508	0.278100	1.000000
2.9145215702724112105670	-7.2600767587550496529047	1100.997749	1104.553097	0.278100	1.000000
2.8284651452009406114030	-7.0735759376823930111300	1100.879884	1104.435232	0.278100	1.000000
2.9605314574440226849106	-6.6645809274776306452281	1100.261614	1103.816962	0.278100	1.000000
3.3247653456361185853041	-7.6561397031105595800682	1099.624851	1103.180199	0.278100	1.000000
2.7484662215086621550597	-8.0447805225980388854623	1100.311042	1103.866390	0.278100	1.000000
2.7239162954215405676450	-8.0499621930567197836126	1100.130991	1103.686339	0.278100	1.000000
2.8954698349468932505602	-7.0000728142901245121266	1101.011559	1104.566907	0.278100	1.000000
2.7710846284402301797911	-7.7305155980723707642710	1100.465523	1104.020871	0.278100	1.000000
2.8202116425526559950754	-8.4643952937975743822108	1100.708595	1104.263943	0.278100	1.000000
2.8826116768717660043819	-7.6055969310088862300745	1100.924489	1104.479837	0.278100	1.000000
2.9562289126386134263669	-6.9966642690676774662961	1100.985285	1104.540633	0.278100	1.000000
2.9711389602901352446906	-7.5238466469392975000119	1101.013405	1104.568753	0.278100	1.000000
3.0525648222383789942569	-7.2683972770202984747812	1100.885507	1104.440855	0.278100	1.000000
2.9057228655267044459265	-6.9726484852366796829415	1101.014276	1104.569624	0.278100	1.000000
2.5277866344160089262516	-6.3893776311769032716370	1100.053107	1103.608455	0.278100	1.000000
2.7898749534208810985092	-6.9396942937104233450896	1100.862848	1104.418196	0.278100	1.000000
2.3739011552033137952833	-6.4207700966967058420209	1101.012345	1104.567693	0.278100	1.000000
2.9065178485873808256201	-7.5315553071979497445909	1100.972434	1104.527782	0.278100	1.000000
3.1346637949618512131167	-7.5283510691056489960715	1100.663548	1104.218896	0.278100	1.000000
3.0995368335598252329532	-7.6623688542223122865948	1100.795727	1104.351075	0.278100	1.000000
2.9172718622489153261768	-7.6851634838216407175082	1100.983985	1104.539333	0.278100	1.000000
2.2470581216385703271499	-6.2717172541855070733163	1099.876916	1103.432264	0.278100	1.000000
3.4090937393457476645153	-8.2200667110260887682216	1099.008908	1102.564256	0.278100	1.000000
2.9530543435715599365210	-8.3659056635130504275821	1101.011701	1104.567049	0.278100	1.000000
2.9530543435715599365210	-8.3659056635130504275821	1101.011701	1104.567049	0.278100	1.000000
2.7089014878791006779579	-7.7698298920818134050137	1100.018792	1103.574140	0.278100	1.000000
2.9004778645254107871665	-7.9133282722820128540775	1100.955423	1104.510771	0.278100	1.000000
2.7780184028637378013116	-7.4182152869713355869408	1100.540699	1104.096047	0.278100	1.000000
3.2433044590992463618306	-7.9096820228707027666815	1100.160004	1103.715353	0.278100	1.000000
3.0378367590183477098265	-8.1523375346774997751709	1100.952468	1104.507816	0.278100	1.000000
3.0378367590183477098265	-8.1523375346774997751709	1100.952468	1104.507816	0.278100	1.000000
2.7290442900681171067845	-6.9012173116650314952381	1100.679601	1104.234949	0.278100	1.000000
2.2976365922644257366869	-6.3753026509326122805987	1100.996835	1104.552183	0.278100	1.000000
0.6853005513137726545381	-5.6763327445593025899484	1101.014415	1104.569763	0.278100	1.000000
0.6853005513137726545381	-5.6763327445593025899484	1101.014415	1104.569763	0.278100	1.000000
0.6853005513137726545381	-5.6763327445593025899484	1101.014415	1104.569763	0.278100	1.000000
0.7040300003326703803808	-5.6613190680112666086643	1100.621088	1104.176436	0.278100	1.000000
0.7354623576333549905826	-5.7005306982687447003855	1100.977036	1104.532384	0.278100	1.000000
0.7354623576333549905826	-5.7005306982687447003855	1100.977036	1104.532384	0.278100	1.000000
0.6810219182284671379790	-5.6959181290403018138591	1100.735184	1104.290532	0.278100	1.000000
0.6810219182284671379790	-5.6959181290403018138591	1100.735184	1104.290532	0.278100	1.000000
0.6113799901458093488671	-5.6090403454788511083962	1100.886948	1104.442296	0.278100	1.000000
0.6113799901458093488671	-5.6090403454788511083962	1100.886948	1104.442296	0.289909	1.000000
1.3628597795167400885674	-5.9975609091115726911880	1100.906741	1104.462089	0.289909	1.000000
1.3444908995102313742365	-6.0125476123449690390999	1101.002953	1104.558301	0.289909	1.000000
1.3444908995102313742365	-6.0125476123449690390999	1101.002953	1104.558301	0.289909	1.000000
1.3444908995102313742365	-6.0125476123449690390999	1101.002953	1104.558301	0.289909	1.000000
1.3444908995102313742365	-6.0125476123449690390999	1101.002953	1104.558301	0.289909	1.000000
1.3438840018739826032146	-6.0471248427120851687278	1100.388547	1103.943896	0.289909	1.000000
2.7307840194659234178687	-8.2321209342655645713194	1100.181826	1103.737174	0.289909	1.000000
2.6525684328837733083617	-7.5700200957391867717661	1099.506194	1103.061542	0.289909	1.000000
1.5786710567000741267663	-6.1238055288447874602298	1100.826750	1104.382098	0.289909	1.000000
1.5786710567000741267663	-6.1238055288447874602298	1100.826750	1104.382098	0.289909	1.000000
2.7586717682547630126066	-8.4237761776593078622000	1100.376716	1103.932064	0.289909	1.000000
3.0675577532792455137667	-7.9002902482376349269089	1100.889680	1104.445028	0.289909	1.000000
3.1055857943424940437183	-7.8210495666617827481559	1100.781353	1104.336701	0.289909	1.000000
3.0464625105033311669445	-7.3436246260955053699604	1100.911685	1104.467033	0.289909	1.000000
3.0411976067071639917572	-8.3714233313513890522017	1100.946893	1104.502241	0.289909	1.000000
3.1174567179451679876934	-7.6369352087282935670487	1100.735093	1104.290441	0.289909	1.000000
2.5878359240416908271243	-8.0690393795680304123152	1098.672950	1102.228298	0.289909	1.000000
2.5878359240416908271243	-8.0690393795680304123152	1098.672950	1102.228298	0.289909	1.000000
2.9831275264541443625887	-7.6253431730332819071805	1101.009850	1104.565198	0.289909	1.000000
2.1695292148285854061385	-6.4859441027477329200224	1098.717257	1102.272606	0.289909	1.000000
2.7680788115376993019368	-7.2685384304424545121037	1100.529635	1104.084983	0.289909	1.000000
3.5049103197491273675723	-8.1058164318561090055937	1098.176326	1101.731674	0.289909	1.000000
3.1293770859319982591273	-7.4185706831164068830731	1100.670081	1104.225429	0.289909	1.000000
3.3058838020366532184369	-7.6405056467164840228179	1099.753289	1103.308637	0.289909	1.000000
2.9249490244364508839681	-7.1125856983886173168230	1101.013582	1104.568930	0.289909	1.000000
2.9249490244364508839681	-7.1125856983886173168230	1101.013582	1104.568930	0.289909	1.000000
2.9249490244364508839681	-7.1125856983886173168230	1101.013582	1104.568930	0.289909	1.000000
3.2887159736177333790863	-7.6199126786503397212869	1099.864835	1103.420183	0.289909	1.000000
2.9061996410656898426339	-7.1227385924780364234721	1101.003695	1104.559043	0.289909	1.000000
2.2879340637966825156013	-6.3649437643465347491656	1100.976769	1104.532117	0.289909	1.000000
2.7755867786537127273050	-6.6340974252834437052684	1100.908634	1104.463982	0.289909	1.000000
2.9667843668937310397382	-7.7326679074914830280818	1101.014398	1104.569746	0.289909	1.000000
3.2616212011239253953931	-8.0940430775425458165273	1100.055560	1103.610908	0.289909	1.000000
3.2616212011239253953931	-8.0940430775425458165273	1100.055560	1103.610908	0.289909	1.000000
2.5445811106578721805249	-6.6540166605044950287606	1100.527536	1104.082884	0.289909	1.000000
2.3596919749814673217259	-6.4274020211901641275176	1101.008377	1104.563725	0.289909	1.000000
2.5505834661989190692566	-6.6613736186675289729919	1100.521444	1104.076792	0.289909	1.000000
2.9476884876660340850663	-7.4545264482499273839267	1101.012333	1104.567682	0.289909	1.000000
2.9373702859320451885594	-7.4418796501794730602342	1101.007748	1104.563097	0.289909	1.000000
2.6497332633907086929526	-6.6038765858699326471992	1101.013673	1104.569021	0.289909	1.000000
2.8033369767229801006181	-6.7921453555128259438334	1101.008160	1104.563508	0.289909	1.000000
3.1330092104318536527785	-8.0247799905477865678449	1100.688708	1104.244056	0.289909	1.000000
2.8097796646017068056267	-6.9549099807386465244008	1100.905346	1104.460694	0.289909	1.000000
2.8097796646017068056267	-6.9549099807386465244008	1100.905346	1104.460694	0.289909	1.000000
2.6600029085474830026214	-7.0891241190622444889868	1099.885235	1103.440584	0.289909	1.000000
2.7148883879886103187573	-6.5645315497780050151277	1100.827105	1104.382453	0.289909	1.000000
0.6209966848950260187578	-5.6369368438598144166463	1100.997592	1104.552941	0.289909	1.000000
0.6209966848950260187578	-5.6369368438598144166463	1100.997592	1104.552941	0.289909	1.000000
1.1897287392495143887317	-5.9175085879727360449465	1100.760098	1104.315446	0.289909	1.000000
1.2277935363248486666521	-5.9641637915261647151510	1101.001156	1104.556504	0.289909	1.000000
1.2277935363248486666521	-5.9641637915261647151510	1101.001156	1104.556504	0.289909	1.000000
1.2277935363248486666521	-5.9641637915261647151510	1101.001156	1104.556504	0.289909	1.000000
1.2197400884226752282302	-5.9872886923701393868669	1100.574744	1104.130093	0.289909	1.000000
2.9762766667788334018496	-8.1402378188309540973933	1101.013375	1104.568723	0.289909	1.000000
2.8133945628307448494354	-8.2731291956071224547031	1100.678706	1104.234054	0.289909	1.000000
3.0230091900975382124273	-8.1021099385205026521817	1100.975351	1104.530699	0.289909	1.000000
2.8861118312280811259996	-7.1340323267194554190951	1100.980434	1104.535782	0.289909	1.000000
2.7894144055473546472967	-6.8855600280888822339875	1100.915706	1104.471055	0.289909	1.000000
2.2469897902252915500299	-6.4295532574529659086693	1100.616052	1104.171400	0.289909	1.000000
2.2469897902252915500299	-6.4295532574529659086693	1100.616052	1104.171400	0.289909	1.000000
2.3225697248778995884777	-6.4302931615590921410330	1100.939043	1104.494391	0.289909	1.000000
2.3225697248778995884777	-6.4302931615590921410330	1100.939043	1104.494391	0.289909	1.000000
3.0458301034972046217320	-7.4604669385598150199712	1100.924084	1104.479432	0.289909	1.000000
1.5108633931354644719391	-6.0371863499703604105662	1100.588930	1104.144278	0.289909	1.000000
2.0168359244165148247419	-6.2438652484022609812087	1100.910595	1104.465943	0.289909	1.000000
2.1968862708030938435400	-6.3090124310724107203896	1100.864092	1104.419440	0.289909	1.000000
3.2781821310081666887015	-7.6399138678312574768370	1099.934601	1103.489949	0.289909	1.000000
3.2353371676483546615088	-7.0990326425575549507130	1099.969388	1103.524736	0.289909	1.000000
2.6248055386349946616065	-6.5439685758116379332705	1100.975480	1104.530828	0.289909	1.000000
2.8052049501781208817874	-6.7650802567646710627969	1101.014389	1104.569737	0.289909	1.000000
3.0335812665602972515444	-7.8888382173973647937260	1100.958428	1104.513776	0.289909	1.000000
2.7776177799720516148341	-8.0619682224175353013607	1100.495132	1104.050480	0.289909	1.000000
2.6584825105252689603219	-6.8308537704634506582124	1100.459094	1104.014442	0.289909	1.000000
2.2929125397708101097294	-6.3827825154186648148880	1101.013155	1104.568503	0.289909	1.000000
2.7253942382905762542578	-7.0910352059628971588268	1100.391253	1103.946601	0.289909	1.000000
2.4929653970988510103268	-6.8724771012152690019548	1098.573208	1102.128556	0.289909	1.000000
3.0702873820977960583889	-8.3479752299697587147875	1100.885116	1104.440465	0.289909	1.000000
3.1272055155883697885599	-8.3015371686987506905098	1100.711615	1104.266963	0.289909	1.000000
2.9120852758680868532792	-7.6529801676639905849697	1100.977477	1104.532825	0.289909	1.000000
2.8695213858429680087170	-7.8688651597542085269765	1100.885622	1104.440970	0.289909	1.000000
2.9638528854919843347204	-8.4557954180682823874804	1101.014243	1104.569591	0.289909	1.000000
3.0892341509518970177339	-8.3535000241297527878714	1100.834927	1104.390275	0.289909	1.000000
3.2559754714698510014159	-8.2174600104510897580212	1100.090409	1103.645757	0.289909	1.000000
3.1829089056180306371857	-8.2770731680478846215010	1100.479501	1104.034849	0.289909	1.000000
3.2333189300113271968939	-8.1237230155258330910328	1100.219920	1103.775268	0.289909	1.000000
3.1621467140080996571783	-8.0364887602529773147353	1100.571294	1104.126642	0.289909	1.000000
2.9388452384789034432799	-8.3305100438102872573154	1101.003643	1104.558991	0.289909	1.000000
2.9388452384789034432799	-8.3305100438102872573154	1101.003643	1104.558991	0.289909	1.000000
2.9497554266789300925211	-8.3216086980169468034774	1101.010320	1104.565668	0.289909	1.000000
2.9497554266789300925211	-8.3216086980169468034774	1101.010320	1104.565668	0.289909	1.000000
2.8069183841150664449060	-8.4381458176933819004262	1100.648071	1104.203419	0.289909	1.000000
2.8069183841150664449060	-8.4381458176933819004262	1100.648071	1104.203419	0.289909	1.000000
2.8069183841150664449060	-8.4381458176933819004262	1100.648071	1104.203419	0.289909	1.000000
3.0536870221957075344221	-8.4120771300826628902314	1100.922740	1104.478088	0.289909	1.000000
2.9100568665801578305263	-8.2360327357465550335291	1100.970451	1104.525799	0.289909	1.000000
2.9100568665801578305263	-8.2360327357465550335291	1100.970451	1104.525799	0.289909	1.000000
2.7682416185369320693610	-8.3517361991934944143168	1100.437361	1103.992709	0.289909	1.000000
2.9082043920742552955971	-8.0980574130359705975479	1100.967794	1104.523143	0.289909	1.000000
3.2221807895194762849655	-8.3717385440870657475898	1100.282186	1103.837534	0.289909	1.000000
3.0805234974851778417815	-7.7593269419267381081795	1100.854276	1104.409624	0.302000	1.000000
3.1064574309039336696969	-7.4194832287593639463807	1100.753443	1104.308791	0.302000	1.000000
3.0898939890067840252641	-6.9569411314441023108657	1100.564083	1104.119431	0.302000	1.000000
3.2326222535993673901089	-7.8169255625457818581481	1100.217474	1103.772822	0.302000	1.000000
2.7561726524316125797043	-7.3180435216796961839236	1100.440638	1103.995986	0.302000	1.000000
3.0999273404744442927949	-7.3683234746216159649634	1100.767408	1104.322756	0.302000	1.000000
2.9560536727416444335859	-7.6954508410451927247209	1101.013332	1104.568680	0.302000	1.000000
3.0368529220396376366864	-7.4043904143562189190675	1100.937701	1104.493049	0.302000	1.000000
2.7271974359027586487514	-6.7670790936327138709316	1100.915383	1104.470731	0.302000	1.000000
3.1240034751501459808765	-6.9226533083088561681961	1100.336706	1103.892054	0.302000	1.000000
2.8974582633769960793302	-6.9808483772106022513526	1101.013683	1104.569031	0.302000	1.000000
2.9491456529608162107081	-7.1971177700640236452045	1101.014061	1104.569410	0.302000	1.000000
2.9491456529608162107081	-7.1971177700640236452045	1101.014061	1104.569410	0.302000	1.000000
3.0300195871482906717631	-7.2973413718393702609433	1100.939374	1104.494723	0.302000	1.000000
3.0300195871482906717631	-7.2973413718393702609433	1100.939374	1104.494723	0.302000	1.000000
2.9185997300536037357688	-7.2861601332470842251610	1100.999696	1104.555044	0.302000	1.000000
2.3236791309652935488828	-6.5910002449013083136720	1098.982184	1102.537532	0.302000	1.000000
2.8135069844721556364675	-6.7825664317941711800586	1101.014108	1104.569456	0.302000	1.000000
2.8128429855068772802440	-6.6320452391941895342597	1100.790834	1104.346182	0.302000	1.000000
2.9062367310233145900611	-7.2722163909630292977226	1100.987758	1104.543106	0.302000	1.000000
3.1264176810535868611396	-7.7274249672431043478582	1100.707065	1104.262413	0.302000	1.000000
3.1264176810535868611396	-7.7274249672431043478582	1100.707065	1104.262413	0.302000	1.000000
3.1264176810535868611396	-7.7274249672431043478582	1100.707065	1104.262413	0.302000	1.000000
2.6582295377467661801063	-7.0737681040525313136413	1099.891989	1103.447337	0.302000	1.000000
3.1215578783635997695001	-7.6036488410791092107388	1100.718592	1104.273940	0.302000	1.000000
2.8673604038343944999667	-7.2499928658248427026933	1100.922864	1104.478212	0.302000	1.000000
2.9664916586220604344248	-7.3728419828258591195436	1101.013247	1104.568595	0.302000	1.000000
3.0308875412961122641775	-7.3324944888591767622188	1100.942034	1104.497382	0.302000	1.000000
2.4220852328277460152606	-6.5039398454060499688012	1100.850366	1104.405714	0.302000	1.000000
2.9262623384574406593117	-7.1061205405299929793728	1101.014004	1104.569352	0.302000	1.000000
2.0596334109580736182465	-6.3133769072369432251435	1100.890109	1104.445457	0.302000	1.000000
3.1340034779395833375304	-7.4072026618625415039787	1100.650093	1104.205441	0.302000	1.000000
2.8124013999909212024875	-6.6080649442564460827043	1100.680390	1104.235738	0.302000	1.000000
2.7603668080405845408620	-7.1269799997026597182526	1100.567018	1104.122366	0.302000	1.000000
2.7755421316405812781625	-6.8417265948628607219462	1100.929296	1104.484644	0.302000	1.000000
2.7577300991710917976718	-6.9582193899193605091114	1100.723629	1104.278977	0.302000	1.000000
0.8283324039486708034730	-5.7096106151834362663067	1099.557140	1103.112488	0.302000	1.000000
0.8283324039486708034730	-5.7096106151834362663067	1099.557140	1103.112488	0.302000	1.000000
0.8283324039486708034730	-5.7096106151834362663067	1099.557140	1103.112488	0.302000	1.000000
0.8283324039486708034730	-5.7096106151834362663067	1099.557140	1103.112488	0.302000	1.000000
0.8283324039486708034730	-5.7096106151834362663067	1099.557140	1103.112488	0.302000	1.000000
0.8283324039486708034730	-5.7096106151834362663067	1099.557140	1103.112488	0.302000	1.000000
0.8283324039486708034730	-5.7096106151834362663067	1099.557140	1103.112488	0.302000	1.000000
0.8842246614483865174705	-5.7788754953238195000154	1100.879990	1104.435338	0.302000	1.000000
0.8842246614483865174705	-5.7788754953238195000154	1100.879990	1104.435338	0.302000	1.000000
0.8842246614483865174705	-5.7788754953238195000154	1100.879990	1104.435338	0.302000	1.000000
0.8842246614483865174705	-5.7788754953238195000154	1100.879990	1104.435338	0.302000	1.000000
0.8842246614483865174705	-5.7788754953238195000154	1100.879990	1104.435338	0.302000	1.000000
0.8842246614483865174705	-5.7788754953238195000154	1100.879990	1104.435338	0.302000	1.000000
0.8842246614483865174705	-5.7788754953238195000154	1100.879990	1104.435338	0.302000	1.000000
0.8842246614483865174705	-5.7788754953238195000154	1100.879990	1104.435338	0.302000	1.000000
0.7255202245594565280129	-5.6866335386047106581486	1100.879751	1104.435099	0.302000	1.000000
0.7255202245594565280129	-5.6866335386047106581486	1100.879751	1104.435099	0.302000	1.000000
0.9658619259826578540284	-5.8322570201059900085738	1100.999351	1104.554699	0.302000	1.000000
0.9764145706641385036306	-5.8237417215499984735061	1100.836613	1104.391961	0.302000	1.000000
0.9720486395550047564740	-5.8272647442605434164875	1100.925173	1104.480521	0.302000	1.000000
0.9477283226940699245588	-5.7971256175244771924326	1100.543357	1104.098705	0.302000	1.000000
0.9477283226940699245588	-5.7971256175244771924326	1100.543357	1104.098705	0.302000	1.000000
0.9477283226940699245588	-5.7971256175244771924326	1100.543357	1104.098705	0.302000	1.000000
0.9075918572523041794042	-5.7663807428524709308704	1100.194575	1103.749923	0.302000	1.000000
2.7096172823166142507034	-7.0676663705259938907943	1100.311732	1103.867080	0.302000	1.000000
3.0491818858077004428253	-6.6235062438819500840737	1099.265293	1102.820641	0.302000	1.000000
2.6249247266269541967176	-6.6529496198198163625648	1100.891599	1104.446947	0.302000	1.000000
2.6249247266269541967176	-6.6529496198198163625648	1100.891599	1104.446947	0.302000	1.000000
2.4332864467903587701869	-6.4892415457944574441740	1100.952810	1104.508158	0.302000	1.000000
2.9686731580700054244915	-7.6535724136912808290845	1101.014210	1104.569558	0.302000	1.000000
2.9397904725965342542793	-6.8247722066945124552717	1100.889200	1104.444548	0.302000	1.000000
2.9397904725965342542793	-6.8247722066945124552717	1100.889200	1104.444548	0.302000	1.000000
2.9421353650562145354286	-6.7118823488363084095454	1100.599103	1104.154451	0.302000	1.000000
2.9252203575666166912583	-7.1467543019856671904222	1101.012295	1104.567643	0.302000	1.000000
2.6915733483503281320282	-6.8168682695063971266336	1100.680304	1104.235652	0.302000	1.000000
2.8182193413952689731161	-6.9062410345217957186037	1100.959661	1104.515009	0.302000	1.000000
2.7747270421841658816220	-6.8635262765933502393523	1100.902254	1104.457602	0.302000	1.000000
2.8788119054873622104651	-7.5614003321867535589718	1100.917559	1104.472907	0.302000	1.000000
2.5631726470066586998087	-7.0860651332194208862347	1098.798610	1102.353958	0.302000	1.000000
3.0387870705399313564499	-7.8367648722380280901234	1100.949087	1104.504435	0.302000	1.000000
2.9716662213577809126264	-7.5088506826867211785270	1101.013188	1104.568536	0.302000	1.000000
2.9323914910730919380910	-7.5405428379875703015500	1101.002297	1104.557645	0.302000	1.000000
3.0245378121397408222037	-6.6538577183942235748759	1099.755643	1103.310991	0.302000	1.000000
2.9577718970817747923263	-6.7077334734530751347847	1100.508065	1104.063413	0.302000	1.000000
2.7358348204423577065825	-6.7753544421635245598168	1100.923440	1104.478788	0.302000	1.000000
2.7358348204423577065825	-6.7753544421635245598168	1100.923440	1104.478788	0.302000	1.000000
2.3813399747090504554592	-6.3360441673866256806491	1100.184910	1103.740258	0.302000	1.000000
3.0212428753798512559570	-7.4886375543327785564429	1100.969328	1104.524676	0.302000	1.000000
3.0212428753798512559570	-7.4886375543327785564429	1100.969328	1104.524676	0.302000	1.000000
2.4689496203584480049642	-7.3816074326698446483874	1096.808911	1100.364259	0.302000	1.000000
2.7788049659700453375422	-7.1556475641589516456520	1100.642405	1104.197753	0.302000	1.000000
2.0017082816526841071436	-6.2075608829467432414617	1100.451953	1104.007301	0.302000	1.000000
2.5534838737427554278270	-6.3923236681052824081917	1099.902064	1103.457412	0.302000	1.000000
3.2933915641159052789533	-7.6215818096349572385861	1099.834451	1103.389799	0.302000	1.000000
3.2551648158228485563370	-7.8433832260185045726075	1100.088694	1103.644042	0.302000	1.000000
3.1598152849391913932209	-7.3097223428016837587506	1100.516983	1104.072332	0.302000	1.000000
3.2041080719129051423977	-8.1032430681584539655660	1100.375046	1103.930394	0.302000	1.000000
3.1422315104853111300542	-8.4531586346552263222520	1100.655166	1104.210514	0.302000	1.000000
3.1422315104853111300542	-8.4531586346552263222520	1100.655166	1104.210514	0.302000	1.000000
3.1422315104853111300542	-8.4531586346552263222520	1100.655166	1104.210514	0.302000	1.000000
3.1422315104853111300542	-8.4531586346552263222520	1100.655166	1104.210514	0.302000	1.000000
3.1422315104853111300542	-8.4531586346552263222520	1100.655166	1104.210514	0.302000	1.000000
3.3310690455260179021479	-8.0491823464840503987716	1099.599519	1103.154867	0.302000	1.000000
3.1951129501870254578932	-7.3896236717037755425963	1100.368891	1103.924239	0.302000	1.000000
2.0540219981341016897147	-6.1918083288453846790844	1099.496222	1103.051570	0.315538	1.000000
2.9610945066196165953443	-6.8522925395821951966013	1100.871637	1104.426985	0.315538	1.000000
2.9977716083045415906838	-6.8213510209789394167501	1100.697182	1104.252530	0.315538	1.000000
3.2798503624037089743126	-7.5359638765325627218772	1099.910552	1103.465900	0.315538	1.000000
3.1838349660403122420860	-6.8567591372393099646843	1099.784472	1103.339820	0.315538	1.000000
3.1585553557682635172910	-6.6156439300874829712029	1098.134280	1101.689628	0.315538	1.000000
3.1539645866434415921731	-8.0254918721037320494816	1100.605818	1104.161166	0.315538	1.000000
3.0400500949640911763083	-8.2376867529621158325881	1100.948773	1104.504121	0.315538	1.000000
3.1108076710372198903087	-8.4962074690025879419863	1100.768745	1104.324093	0.315538	1.000000
3.2359508779707377712498	-8.3906342179134476566560	1100.206671	1103.762019	0.315538	1.000000
3.1933923463754503302425	-8.4627367192904667803077	1100.429893	1103.985241	0.315538	1.000000
3.1933923463754503302425	-8.4627367192904667803077	1100.429893	1103.985241	0.315538	1.000000
2.7517492408250716628970	-7.3532253447364137599607	1100.401104	1103.956452	0.315538	1.000000
2.9699390666762974788639	-7.6118606926640195453615	1101.013970	1104.569318	0.315538	1.000000
2.9438729839597161941356	-7.5187643085354913807805	1101.010026	1104.565374	0.315538	1.000000
2.9148991022022006092129	-7.5432072405073258281050	1100.983876	1104.539224	0.315538	1.000000
3.0893155200511506208727	-7.3555279705999616624013	1100.799338	1104.354686	0.315538	1.000000
2.9979028864376644492040	-7.4326454519053832825648	1100.995661	1104.551009	0.315538	1.000000
2.9979028864376644492040	-7.4326454519053832825648	1100.995661	1104.551009	0.315538	1.000000
2.9979028864376644492040	-7.4326454519053832825648	1100.995661	1104.551009	0.315538	1.000000
3.0226561074973794518428	-6.7666362041737544430475	1100.423275	1103.978623	0.315538	1.000000
3.0727079374723262894520	-8.2987766663891733287528	1100.879056	1104.434404	0.315538	1.000000
3.1361412429789559119797	-8.3625519667728323014444	1100.678540	1104.233888	0.315538	1.000000
3.2356719254466361768152	-8.2785859410594575535924	1100.207828	1103.763176	0.315538	1.000000
2.7967359273423175736184	-6.8587973771066605976898	1100.956486	1104.511834	0.315538	1.000000
2.7967359273423175736184	-6.8587973771066605976898	1100.956486	1104.511834	0.315538	1.000000
2.5419542919113458090408	-6.5567872505199833454981	1100.965438	1104.520786	0.315538	1.000000
2.5419542919113458090408	-6.5567872505199833454981	1100.965438	1104.520786	0.315538	1.000000
3.0002573103913481311622	-7.1000452149021997527711	1100.952921	1104.508269	0.315538	1.000000
2.9743435041916015393326	-8.4987072986586014167187	1101.013819	1104.569167	0.315538	1.000000
2.9372376619929356778016	-7.6726131888420914251014	1101.004327	1104.559675	0.315538	1.000000
3.1591449895746603893087	-7.4854078375699986125369	1100.557346	1104.112694	0.315538	1.000000
2.2818801293552350983873	-6.4455257007089477028217	1100.651835	1104.207183	0.315538	1.000000
3.0384961656039095601045	-6.6969401705219038234418	1099.978181	1103.533530	0.315538	1.000000
2.1627864643469982830482	-6.3537234048765975913398	1100.931218	1104.486566	0.315538	1.000000
2.1347120618425718951983	-6.3204448923187159792292	1101.011893	1104.567241	0.315538	1.000000
3.2492330285174149118177	-7.6121663380573965085318	1100.108761	1103.664109	0.315538	1.000000
2.7437892315624794470352	-7.4532021736430733582779	1100.322479	1103.877827	0.315538	1.000000
2.9349496109814254829473	-7.2703032682369856942728	1101.011163	1104.566511	0.315538	1.000000
2.7899278453082789752671	-7.3218748532010025087402	1100.626604	1104.181952	0.315538	1.000000
3.4788334491332624232030	-8.2091425984763404244404	1098.414361	1101.969709	0.315538	1.000000
2.7104073599854312526247	-8.3961304171800961171357	1100.019043	1103.574391	0.315538	1.000000
2.7180421425241894084479	-8.4051804479528868796478	1100.081653	1103.637001	0.315538	1.000000
2.7180421425241894084479	-8.4051804479528868796478	1100.081653	1103.637001	0.315538	1.000000
3.0221448626379787683049	-8.2159954587010393112223	1100.976743	1104.532091	0.315538	1.000000
2.9633782121092400174689	-7.4475091482513358087658	1101.014275	1104.569623	0.315538	1.000000
3.1433541321491649256359	-7.2956779505222568715794	1100.585241	1104.140589	0.315538	1.000000
2.0895362036709990150030	-6.2949024676423155355565	1101.013481	1104.568829	0.315538	1.000000
2.9150751089754987077640	-8.0700711278206149756898	1100.978234	1104.533582	0.315538	1.000000
2.5929496719162279383397	-6.7983218305631432087921	1100.105099	1103.660447	0.315538	1.000000
3.1378704221607924829129	-7.9820341503250649140000	1100.669766	1104.225114	0.315538	1.000000
1.5269600764315431895568	-6.0725117602574751884958	1100.999628	1104.554976	0.315538	1.000000
2.9041966400094145761557	-7.8587871123337293965960	1100.962395	1104.517743	0.315538	1.000000
2.5741085545359552178013	-7.0323974842222307657380	1099.064925	1102.620273	0.315538	1.000000
2.5778865017929430969446	-7.0292103342031699853010	1099.120109	1102.675457	0.315538	1.000000
2.0430948159665698327103	-6.4401285582313398947463	1097.687390	1101.242739	0.315538	1.000000
3.3253811500937398015765	-7.3829015891092959478215	1099.562815	1103.118163	0.315538	1.000000
2.8447285322100714921589	-7.6625903066947689268318	1100.814127	1104.369475	0.315538	1.000000
2.1508191443031638989680	-6.3038742792654236524186	1100.962911	1104.518259	0.315538	1.000000
2.3177225583308018741491	-6.4546547129353344374181	1100.756657	1104.312005	0.315538	1.000000
2.4027883183059719485186	-6.5554889857620874948907	1100.317843	1103.873191	0.315538	1.000000
3.3798242643028237885972	-8.3065326684183489192037	1099.241303	1102.796651	0.315538	1.000000
2.7125314891477634304806	-7.7981522452715505977494	1100.047313	1103.602661	0.315538	1.000000
2.8459959593921433373964	-7.1375535563506788960808	1100.900116	1104.455464	0.315538	1.000000
2.8459959593921433373964	-7.1375535563506788960808	1100.900116	1104.455464	0.315538	1.000000
2.8459959593921433373964	-7.1375535563506788960808	1100.900116	1104.455464	0.315538	1.000000
3.3402436508372925771937	-7.8813482394707783385002	1099.529589	1103.084937	0.315538	1.000000
3.2458866360681635221397	-7.7695004058285990211630	1100.139965	1103.695313	0.315538	1.000000
3.1517605467506353278395	-7.8489070113092891389783	1100.612036	1104.167384	0.315538	1.000000
2.8830148002015509867135	-8.0465690077441553995641	1100.918337	1104.473685	0.315538	1.000000
2.7415386675670170291141	-7.2302998672028708782022	1100.387758	1103.943106	0.315538	1.000000
3.0837455304811842715651	-7.3593013497315258319986	1100.816970	1104.372318	0.315538	1.000000
2.2377467467015601521041	-6.3564810351932665710706	1101.012099	1104.567447	0.315538	1.000000
2.8069066799317705651617	-7.7210325924947813547305	1100.657288	1104.212636	0.315538	1.000000
3.4012840258625764988665	-7.0563380737132561648650	1098.640336	1102.195684	0.315538	1.000000
2.7834473951825118298586	-7.5152887664157201896842	1100.554496	1104.109844	0.315538	1.000000
3.2058243535508679222801	-8.0310426151343321521381	1100.365524	1103.920872	0.315538	1.000000
3.2058243535508679222801	-8.0310426151343321521381	1100.365524	1103.920872	0.315538	1.000000
2.8746748717625565383571	-7.5307503510558317927348	1100.909181	1104.464529	0.315538	1.000000
2.9088307058212858891011	-7.7433485347947978993943	1100.971186	1104.526535	0.315538	1.000000
3.1462848557013067818389	-7.5341421277876285955699	1100.617661	1104.173009	0.315538	1.000000
2.7698851169808533789762	-7.0879697317832279779282	1100.646126	1104.201474	0.315538	1.000000
2.9951188574988307777858	-7.1407123140286410389876	1100.971248	1104.526596	0.315538	1.000000
2.5488029872317210511312	-6.5004931971484190000865	1100.986310	1104.541658	0.315538	1.000000
2.8683938365456276287091	-6.8793261247806256619697	1101.014408	1104.569756	0.315538	1.000000
2.5345755929643813963992	-6.4836284920592559544161	1100.962108	1104.517456	0.315538	1.000000
2.5664545517379266925673	-6.4567347804345587292119	1100.698813	1104.254161	0.315538	1.000000
3.1617317841364349639832	-6.8582685028062995158393	1099.938916	1103.494265	0.315538	1.000000
2.9651253533637524917310	-7.0241295238741932038806	1100.982780	1104.538128	0.315538	1.000000
2.9463909579440574759701	-6.7680756864912687831293	1100.761226	1104.316574	0.315538	1.000000
3.2958533911391878490349	-7.8211069781490305530269	1099.833116	1103.388464	0.315538	1.000000
2.6419034003585704084571	-6.3907486810911011687608	1099.040402	1102.595750	0.315538	1.000000
2.8608248768885977675325	-7.4560100278341288060346	1100.878004	1104.433352	0.315538	1.000000
2.8155384281376756305804	-7.9312383163036255240286	1100.691144	1104.246492	0.315538	1.000000
3.0131552471433158402192	-7.3500985601501351851539	1100.972884	1104.528232	0.315538	1.000000
2.9514794710091996066126	-7.2769900375280540671952	1101.014416	1104.569764	0.315538	1.000000
2.9979365623079292646480	-7.2719573589438581961986	1100.986053	1104.541401	0.315538	1.000000
2.2023358751617898576569	-6.3288773609251158802635	1100.980658	1104.536006	0.315538	1.000000
2.2023358751617898576569	-6.3288773609251158802635	1100.980658	1104.536006	0.315538	1.000000
3.4158205457484065448170	-7.8583773503002074534152	1098.945399	1102.500747	0.315538	1.000000
2.9932107295609786667967	-7.1338764977091857488745	1100.972593	1104.527941	0.328214	1.000000
2.9597880889185645969519	-7.1383857968852524322756	1101.007463	1104.562811	0.328214	1.000000
2.6257506717550977981546	-6.5908555098095717994511	1101.010900	1104.566248	0.328214	1.000000
2.5935351501746444213836	-7.9036473748105509073980	1098.756979	1102.312327	0.328214	1.000000
3.0695284642323241719453	-7.6653683608667950721838	1100.880226	1104.435574	0.328214	1.000000
3.0695284642323241719453	-7.6653683608667950721838	1100.880226	1104.435574	0.328214	1.000000
3.0695284642323241719453	-7.6653683608667950721838	1100.880226	1104.435574	0.328214	1.000000
3.1533771170989943755103	-7.9441830084183688853727	1100.607201	1104.162549	0.328214	1.000000
2.8356122089172135503077	-7.4656177423975842444293	1100.795863	1104.351211	0.328214	1.000000
2.8356122089172135503077	-7.4656177423975842444293	1100.795863	1104.351211	0.328214	1.000000
3.2173124476748418132388	-7.7031635155353459509797	1100.295355	1103.850703	0.328214	1.000000
2.4661447769740822977269	-6.5202941609674915923733	1100.911348	1104.466696	0.328214	1.000000
2.9011079203307201801465	-7.2141447865949039908173	1100.987622	1104.542970	0.328214	1.000000
3.1184221398617641973772	-7.3563482464412368599938	1100.700184	1104.255532	0.328214	1.000000
2.4904010572403256773555	-6.5937516161355276267386	1100.589272	1104.144620	0.328214	1.000000
2.4355938192489672289298	-6.5272000047881633122415	1100.760847	1104.316195	0.328214	1.000000
2.4355938192489672289298	-6.5272000047881633122415	1100.760847	1104.316195	0.328214	1.000000
3.1560940726229951280857	-7.1251351183278837098101	1100.440071	1103.995419	0.328214	1.000000
2.9853889346460675824346	-7.4160534080989313210353	1101.005412	1104.560760	0.328214	1.000000
2.6353133266158543790425	-7.2095735591225862393117	1099.494530	1103.049878	0.328214	1.000000
2.5252075294392066773241	-6.5059671552081654866129	1101.013447	1104.568795	0.328214	1.000000
2.5252075294392066773241	-6.5059671552081654866129	1101.013447	1104.568795	0.328214	1.000000
3.2013604289832553462247	-8.0833139064422780961650	1100.388709	1103.944057	0.328214	1.000000
2.4928816048660968895945	-6.3867802801384954136665	1100.266906	1103.822254	0.328214	1.000000
2.9620936120855652085027	-6.8550578377737627633337	1100.872628	1104.427976	0.328214	1.000000
2.4849991569023597293153	-6.3899623472523643386012	1100.369982	1103.925330	0.328214	1.000000
2.4967130491695148641895	-6.3803156074019922172624	1100.128871	1103.684219	0.328214	1.000000
2.4967130491695148641895	-6.3803156074019922172624	1100.128871	1103.684219	0.328214	1.000000
2.3688649888981192503934	-6.3295996362878534924334	1100.154825	1103.710173	0.328214	1.000000
2.4754805477583494699445	-6.5502927840170936946151	1100.792068	1104.347416	0.328214	1.000000
2.1200437950235713202574	-6.3423158009285645064779	1100.871313	1104.426661	0.328214	1.000000
2.1045346830674995786126	-6.2772906237501464588036	1100.907130	1104.462478	0.328214	1.000000
2.1289886949095087054218	-6.4533597650409939561200	1098.883582	1102.438930	0.328214	1.000000
2.8170794561668945910071	-7.0900718315826001258984	1100.836314	1104.391662	0.328214	1.000000
3.2122492967642881644963	-7.6507888814383617770432	1100.318538	1103.873886	0.328214	1.000000
2.6257358242468211706466	-6.9385943227720403569947	1099.880283	1103.435632	0.328214	1.000000
2.9850753508110217104843	-7.1260207795282068943266	1100.982052	1104.537400	0.328214	1.000000
2.9850753508110217104843	-7.1260207795282068943266	1100.982052	1104.537400	0.328214	1.000000
2.9853587948753492753440	-6.6511451762624611561137	1100.010162	1103.565510	0.328214	1.000000
2.6057597213866285912331	-6.6388683546266680224335	1100.877217	1104.432565	0.328214	1.000000
2.7587331120004625617526	-6.5128902023929509113032	1100.200317	1103.755665	0.328214	1.000000
3.4630056051235480474304	-7.3260028448667160461127	1098.420551	1101.975899	0.328214	1.000000
3.1961528484535635108443	-6.6460014076600586463428	1098.157954	1101.713302	0.328214	1.000000
3.3173616431713801588899	-6.7931834386030240935384	1098.360659	1101.916007	0.328214	1.000000
3.2242327731953510649987	-8.0226845847875694062168	1100.268614	1103.823962	0.328214	1.000000
3.0246589254004003777254	-7.4415220525718108746105	1100.961704	1104.517052	0.328214	1.000000
2.7432135490802047605996	-6.7475009508594840923479	1100.975269	1104.530617	0.328214	1.000000
2.2879094112093127932894	-6.3928437093136105673352	1101.006800	1104.562148	0.328214	1.000000
3.1858898831862365597090	-8.3468375865655044520963	1100.465685	1104.021033	0.328214	1.000000
2.9348162939694857342943	-7.9139669990659440301783	1101.001002	1104.556350	0.328214	1.000000
2.9407267031517849709132	-7.8380100920022091059991	1101.005793	1104.561141	0.328214	1.000000
3.1545925721092040738824	-7.7947551936620218526741	1100.598766	1104.154115	0.328214	1.000000
2.6749900862645854537902	-7.7302154978247958894144	1099.714539	1103.269887	0.328214	1.000000
3.2513866554656036811366	-7.2555357221433949277412	1099.998683	1103.554032	0.328214	1.000000
2.9253239263955537197148	-6.7708489674438192551520	1100.836421	1104.391769	0.328214	1.000000
2.8820626994157714229061	-7.1020755474862742318010	1100.981491	1104.536839	0.328214	1.000000
2.8010823079987310357808	-7.3950718370326713468899	1100.662994	1104.218342	0.328214	1.000000
3.1615309091573000621622	-7.8377784023689409664826	1100.570500	1104.125849	0.328214	1.000000
2.9565226968445026400900	-8.1321366628874010018535	1101.012913	1104.568261	0.328214	1.000000
3.0908761426280699780023	-8.2192199027886108098073	1100.829916	1104.385264	0.328214	1.000000
2.8633603493676402784729	-7.9729584887747790844514	1100.867048	1104.422396	0.328214	1.000000
2.8033428013204360063071	-7.8723077851865248533159	1100.635328	1104.190676	0.328214	1.000000
2.5504108423750100342886	-8.2112456310072587939430	1098.115486	1101.670834	0.328214	1.000000
3.0268681875184673124579	-7.7926898202229386569684	1100.968083	1104.523431	0.328214	1.000000
2.8924256138501132085139	-7.9773777696985037621857	1100.939409	1104.494757	0.328214	1.000000
2.8924256138501132085139	-7.9773777696985037621857	1100.939409	1104.494757	0.328214	1.000000
3.5466472780606603798503	-8.0069020994447814842943	1097.780249	1101.335597	0.328214	1.000000
2.6514770282882595964224	-7.3636186408389647795047	1099.558728	1103.114076	0.328214	1.000000
1.9848511685003582538656	-6.2454029475062533549590	1100.996753	1104.552101	0.328214	1.000000
1.9848511685003582538656	-6.2454029475062533549590	1100.996753	1104.552101	0.328214	1.000000
1.9848511685003582538656	-6.2454029475062533549590	1100.996753	1104.552101	0.328214	1.000000
2.8842041298145670857878	-8.1130843295410013382707	1100.920817	1104.476165	0.328214	1.000000
2.9222172572315345817628	-8.0817793847176009336408	1100.987560	1104.542908	0.328214	1.000000
2.8586660419228961949045	-7.7124010935431215330027	1100.857528	1104.412876	0.328214	1.000000
3.0632408932966814774090	-7.7550818229702924710978	1100.897717	1104.453065	0.328214	1.000000
2.8490907176865163386026	-7.5324532867636539990031	1100.836134	1104.391482	0.328214	1.000000
2.9849839046083572746682	-7.3770017303929735774659	1101.004503	1104.559851	0.328214	1.000000
3.0400235892463483011738	-7.3424980193629236779884	1100.925264	1104.480613	0.328214	1.000000
2.9304169793040850677812	-7.2094043482837530945062	1101.011513	1104.566861	0.328214	1.000000
2.9287975245543984570418	-8.0557602874453309027558	1100.994971	1104.550319	0.328214	1.000000
2.9287975245543984570418	-8.0557602874453309027558	1100.994971	1104.550319	0.328214	1.000000
2.5468885417639710588844	-6.6180437678872596762858	1100.737911	1104.293259	0.328214	1.000000
1.0892987412825549942141	-5.9534370988592639761805	1099.529026	1103.084374	0.328214	1.000000
1.0892987412825549942141	-5.9534370988592639761805	1099.529026	1103.084374	0.328214	1.000000
1.8671651871285686041801	-6.2822769302905454580355	1099.924342	1103.479690	0.328214	1.000000
1.8112555442596685040257	-6.2684348161901040086263	1099.577432	1103.132780	0.328214	1.000000
3.3108161643554643305265	-8.2667081860572722007419	1099.742026	1103.297374	0.328214	1.000000
3.0036509480343021039062	-7.6968733509594544628385	1100.995653	1104.551001	0.328214	1.000000
2.9992846111403266284867	-7.6915713732165631455473	1100.999586	1104.554934	0.328214	1.000000
2.6202622343459096576623	-7.8135512621548519618386	1099.107050	1102.662398	0.328214	1.000000
3.0622474259193395162981	-7.4495632670816052112173	1100.886209	1104.441557	0.328214	1.000000
3.2929667207858512867347	-7.8542695801349413642356	1099.853412	1103.408760	0.328214	1.000000
2.7139985845688672227993	-8.2319535275748432212595	1100.049610	1103.604958	0.328214	1.000000
2.9015301436275717783531	-7.9685331482410770576053	1100.956970	1104.512318	0.328214	1.000000
2.8942573340388424441016	-7.7467306393805293041055	1100.945539	1104.500887	0.328214	1.000000
2.0946047487738366221777	-6.3021617249872807775546	1101.013310	1104.568658	0.328214	1.000000
2.0946047487738366221777	-6.3021617249872807775546	1101.013310	1104.568658	0.328214	1.000000
2.9317562025637808886813	-7.3187022446955349863629	1101.007867	1104.563215	0.328214	1.000000
2.8754569520468975518668	-7.2293977477578001966663	1100.944093	1104.499441	0.328214	1.000000
2.7480870912218406942884	-7.1587595280962199595365	1100.473949	1104.029297	0.328214	1.000000
3.4141206538974384621099	-7.1559125827091349947295	1098.692810	1102.248158	0.334800	1.000000
3.0548142690426276502080	-7.6163165529084428939655	1100.912927	1104.468275	0.334800	1.000000
3.1413806924469382941822	-6.7338202587996223158484	1099.477366	1103.032714	0.334800	1.000000
2.9809137624721691040008	-7.3151501756509000884421	1101.004947	1104.560295	0.334800	1.000000
2.7464756472631854933297	-7.0264645526737021796748	1100.586611	1104.141959	0.334800	1.000000
2.8276934771674087087945	-8.2177287830389467160330	1100.740662	1104.296010	0.334800	1.000000
2.9022137945820900561955	-8.1572117313780374558974	1100.957496	1104.512844	0.334800	1.000000
2.8677002281360857161019	-8.4143964707744647313348	1100.877898	1104.433247	0.334800	1.000000
2.8009047256119172786271	-8.4686402933615010368840	1100.618657	1104.174006	0.334800	1.000000
2.8009047256119172786271	-8.4686402933615010368840	1100.618657	1104.174006	0.334800	1.000000
3.0155562464961049862211	-8.2943243802105168782646	1100.985237	1104.540585	0.334800	1.000000
2.8963666024545648980393	-8.3911168536747577917367	1100.946220	1104.501568	0.334800	1.000000
2.7446362218934021726113	-8.4826240759801834201426	1100.281770	1103.837118	0.334800	1.000000
2.8637614127159007892942	-8.3858839441983423768079	1100.866607	1104.421955	0.334800	1.000000
2.8637614127159007892942	-8.3858839441983423768079	1100.866607	1104.421955	0.334800	1.000000
3.3590881729090735774435	-8.1104855299911147170633	1099.396927	1102.952275	0.334800	1.000000
2.4157610795128192648917	-6.3436086468784687042444	1100.063159	1103.618507	0.334800	1.000000
2.8332623264031631116211	-6.7798569745989585300094	1101.010375	1104.565723	0.334800	1.000000
3.3466390501372624832754	-7.4120258485939505277429	1099.417981	1102.973329	0.334800	1.000000
2.8460505717910349332556	-6.8630659338322015372569	1101.010844	1104.566192	0.334800	1.000000
2.8130704293035635465969	-6.9385063953174865858387	1100.925905	1104.481253	0.334800	1.000000
2.9119958622526942448872	-6.7050804385219890946246	1100.700835	1104.256183	0.334800	1.000000
2.9490833119933150818781	-7.0886572166178538623171	1101.009069	1104.564417	0.334800	1.000000
2.5344219986549605394544	-6.5780458791272895524571	1100.874292	1104.429640	0.334800	1.000000
2.2770542325031866148777	-6.4257540423089993808503	1100.812073	1104.367422	0.334800	1.000000
2.3710580053033787351069	-6.5415536203816442295533	1100.210290	1103.765638	0.334800	1.000000
2.4711497383726377385926	-6.4602703302518440509061	1100.995149	1104.550497	0.334800	1.000000
2.4711497383726377385926	-6.4602703302518440509061	1100.995149	1104.550497	0.334800	1.000000
2.7754305003610975077777	-6.7684087890257114139558	1100.997937	1104.553285	0.334800	1.000000
3.1351744693016874165892	-8.2047374418773486581813	1100.681731	1104.237080	0.334800	1.000000
3.1351744693016874165892	-8.2047374418773486581813	1100.681731	1104.237080	0.334800	1.000000
2.7908779556719114367525	-8.0403972216151782248517	1100.569045	1104.124393	0.334800	1.000000
1.3749242778883030702275	-6.0333715619985834877070	1100.941191	1104.496539	0.334800	1.000000
1.3749242778883030702275	-6.0333715619985834877070	1100.941191	1104.496539	0.334800	1.000000
1.4035837834301425619543	-6.0686626971631412175157	1100.491503	1104.046851	0.334800	1.000000
1.4035837834301425619543	-6.0686626971631412175157	1100.491503	1104.046851	0.334800	1.000000
2.9604530839227525262913	-7.9857817778473432213104	1101.013868	1104.569216	0.334800	1.000000
3.1437004976887124030327	-8.0971183068440293340018	1100.648102	1104.203450	0.334800	1.000000
3.3213798589375933545398	-7.9528270389480395508031	1099.665300	1103.220648	0.334800	1.000000
3.2954981461624428540347	-7.4445132717730571059178	1099.789155	1103.344503	0.334800	1.000000
2.6525270032919410212457	-6.5981379180296091391256	1101.014266	1104.569614	0.334800	1.000000
3.0495499012199487331998	-6.8476142404413948838737	1100.538361	1104.093709	0.334800	1.000000
2.8821980469066383889754	-6.9835186644211084683320	1101.006947	1104.562295	0.334800	1.000000
2.9855394660015845964551	-6.9927535722011766594619	1100.936976	1104.492324	0.334800	1.000000
3.2900365336995296416944	-6.8172987575191275055886	1098.760796	1102.316144	0.334800	1.000000
2.7917221232419393572854	-7.3401451826634485087197	1100.630458	1104.185806	0.334800	1.000000
3.2698926794831031372723	-8.2430263980051154959483	1100.006478	1103.561826	0.334800	1.000000
2.8172980684272439511062	-7.6857042358971661144551	1100.706053	1104.261401	0.334800	1.000000
2.9905283714466008859745	-7.6168521387662542210251	1101.005510	1104.560858	0.334800	1.000000
2.6924915259330615135980	-7.5420795635410522450570	1099.901893	1103.457241	0.334800	1.000000
3.0404147037214497295565	-7.3498839871852581495659	1100.925317	1104.480665	0.334800	1.000000
2.3510133855445665140849	-6.5515141323503618409063	1099.898330	1103.453678	0.334800	1.000000
1.7664561153524303005469	-6.1520076411028741247833	1100.925179	1104.480527	0.334800	1.000000
1.7664561153524303005469	-6.1520076411028741247833	1100.925179	1104.480527	0.334800	1.000000
1.7664561153524303005469	-6.1520076411028741247833	1100.925179	1104.480527	0.334800	1.000000
1.7520287024054936875217	-6.1209775315613086377198	1100.500437	1104.055786	0.334800	1.000000
1.7520287024054936875217	-6.1209775315613086377198	1100.500437	1104.055786	0.334800	1.000000
1.7284874723822847286669	-6.1400950807465628500381	1100.944760	1104.500108	0.334800	1.000000
1.7284874723822847286669	-6.1400950807465628500381	1100.944760	1104.500108	0.334800	1.000000
1.7561038718750665577062	-6.1047542073772680382149	1100.001779	1103.557127	0.334800	1.000000
1.7561038718750665577062	-6.1047542073772680382149	1100.001779	1103.557127	0.334800	1.000000
2.2285676568726717761137	-6.2502082297257786080991	1099.444951	1103.000299	0.334800	1.000000
2.6605724415620017886397	-6.7821762089342660928537	1100.623348	1104.178696	0.334800	1.000000
2.7414767090098814961152	-6.7164748283901349878988	1101.001967	1104.557315	0.334800	1.000000
2.7363645300392209769313	-6.9473438337583495183480	1100.639654	1104.195002	0.334800	1.000000
3.0942415120178958787278	-7.4848501511324831980687	1100.800702	1104.356050	0.334800	1.000000
2.6125224784271874334252	-6.6698236877562449009815	1100.793190	1104.348538	0.334800	1.000000
2.6863512628144325944390	-6.7607359892626872621690	1100.800223	1104.355571	0.334800	1.000000
2.6039515586988324358231	-6.8276517959018176995301	1100.070019	1103.625367	0.334800	1.000000
2.7075546570620110387040	-6.8341336028976034100424	1100.713423	1104.268771	0.334800	1.000000
2.8086668434096209168160	-7.0807852938487529925737	1100.813117	1104.368465	0.334800	1.000000
2.8086668434096209168160	-7.0807852938487529925737	1100.813117	1104.368465	0.334800	1.000000
2.8014175018224283242319	-7.2659622245456594313850	1100.697893	1104.253242	0.334800	1.000000
3.1231045298662927223177	-7.7913622128680524170363	1100.721073	1104.276421	0.334800	1.000000
3.0638716996700061656611	-7.8394644804021993422793	1100.897666	1104.453014	0.334800	1.000000
3.3857495684762888288333	-7.1407745740014965107889	1098.913775	1102.469123	0.334800	1.000000
3.4420972783394181426786	-6.8228798001969659381416	1097.315911	1100.871259	0.334800	1.000000
2.0856298011108309609085	-6.4141319277131945142401	1099.247023	1102.802371	0.334800	1.000000
2.7678455543562705543081	-6.9004991260788228757406	1100.836274	1104.391622	0.334800	1.000000
2.6047214166162269144422	-6.8043006951812250449052	1100.174459	1103.729807	0.334800	1.000000
2.3048609629761380723778	-6.3180015776749289813097	1100.409048	1103.964396	0.334800	1.000000
3.0772943286745424451567	-7.7470430096716000889501	1100.862614	1104.417962	0.334800	1.000000
2.8564016828659206659324	-7.9264272651562910354528	1100.846381	1104.401729	0.334800	1.000000
3.1955340025445440055307	-7.9885521153681393613510	1100.416482	1103.971830	0.334800	1.000000
1.4260151512274050755735	-6.0421085179708411416755	1101.012447	1104.567795	0.334800	1.000000
1.4347235781282896560640	-6.0350365094377389496572	1100.990759	1104.546107	0.334800	1.000000
0.3291356890840170801305	-5.3408054645707556673528	1100.978195	1104.533543	0.334800	1.000000
0.3417392510551626738646	-5.3305702637908805030520	1100.342242	1103.897590	0.334800	1.000000
0.3417392510551626738646	-5.3305702637908805030520	1100.342242	1103.897590	0.334800	1.000000
0.5466533366949265504431	-5.5829001821447512554641	1100.967490	1104.522838	0.334800	1.000000
0.5408604989066088108984	-5.5751839737330772805990	1100.992963	1104.548311	0.334800	1.000000
0.5408604989066088108984	-5.5751839737330772805990	1100.992963	1104.548311	0.334800	1.000000
0.5408604989066088108984	-5.5751839737330772805990	1100.992963	1104.548311	0.334800	1.000000
0.5408604989066088108984	-5.5751839737330772805990	1100.992963	1104.548311	0.334800	1.000000
0.5408604989066088108984	-5.5751839737330772805990	1100.992963	1104.548311	0.334800	1.000000
0.5408604989066088108984	-5.5751839737330772805990	1100.992963	1104.548311	0.334800	1.000000
0.5408604989066088108984	-5.5751839737330772805990	1100.992963	1104.548311	0.334800	1.000000
0.5408604989066088108984	-5.5751839737330772805990	1100.992963	1104.548311	0.334800	1.000000
0.2437338206970490195324	-5.2093040479129548714354	1100.979401	1104.534749	0.334800	1.000000
0.2437338206970490195324	-5.2093040479129548714354	1100.979401	1104.534749	0.334800	1.000000
0.4064482530698591000728	-5.4163807267726600258584	1100.653229	1104.208577	0.341875	1.000000
0.4064482530698591000728	-5.4163807267726600258584	1100.653229	1104.208577	0.341875	1.000000
0.3616676912784841935178	-5.3627049639296782146403	1100.588547	1104.143895	0.341875	1.000000
0.3555364712992651887724	-5.3553558397477187824620	1100.593803	1104.149151	0.341875	1.000000
0.6143162578379361971059	-5.6655395867833027168103	1100.128729	1103.684077	0.341875	1.000000
0.6143162578379361971059	-5.6655395867833027168103	1100.128729	1103.684077	0.341875	1.000000
0.6143162578379361971059	-5.6655395867833027168103	1100.128729	1103.684077	0.341875	1.000000
2.9914317614294794189789	-7.7151638289959096894677	1101.005754	1104.561102	0.341875	1.000000
2.9914317614294794189789	-7.7151638289959096894677	1101.005754	1104.561102	0.341875	1.000000
3.0973234968622724849752	-7.4150932767238408871435	1100.783065	1104.338413	0.341875	1.000000
3.3035631434472310097306	-8.2712539979806294354603	1099.790785	1103.346133	0.341875	1.000000
3.0341876686399849027964	-7.3281441983278625684761	1100.935247	1104.490595	0.341875	1.000000
3.2499925129133759860167	-7.1481027484814507744204	1099.927828	1103.483176	0.341875	1.000000
2.9786135264833921709737	-7.3745085381161201709688	1101.008440	1104.563788	0.341875	1.000000
2.9786135264833921709737	-7.3745085381161201709688	1101.008440	1104.563788	0.341875	1.000000
3.1463530433544359965481	-8.0102989989345090293682	1100.636744	1104.192092	0.341875	1.000000
3.1488903992806758225242	-8.0081821361677132387058	1100.626478	1104.181826	0.341875	1.000000
3.0620722918492200292917	-8.0806126600862544506754	1100.903786	1104.459134	0.341875	1.000000
3.0620722918492200292917	-8.0806126600862544506754	1100.903786	1104.459134	0.341875	1.000000
3.0362737462468936122661	-8.3657633430005553520914	1100.955449	1104.510797	0.341875	1.000000
3.1636449824985097833974	-8.1314363659025854502715	1100.565636	1104.120984	0.341875	1.000000
3.1636449824985097833974	-8.1314363659025854502715	1100.565636	1104.120984	0.341875	1.000000
3.1828682562522967458563	-8.1153987922833312751436	1100.478771	1104.034119	0.341875	1.000000
2.5759146987078209711797	-6.5535114317662435112766	1101.010921	1104.566269	0.341875	1.000000
2.8826105645828654644447	-7.6936133130326052054215	1100.921798	1104.477146	0.341875	1.000000
3.0290129596176540438535	-7.7967309054872719897844	1100.964861	1104.520209	0.341875	1.000000
2.7213092670873497702644	-7.5674205215191330253788	1100.138367	1103.693715	0.341875	1.000000
2.5501315700702487099250	-6.6585200354682303469644	1100.535104	1104.090453	0.341875	1.000000
2.9577553544665855511653	-7.1471141197128513766756	1101.009269	1104.564617	0.341875	1.000000
2.6594179879260271270880	-6.6931809721083359576710	1100.882992	1104.438340	0.341875	1.000000
3.0507788053863471589011	-8.0077720464184363180493	1100.927684	1104.483032	0.341875	1.000000
2.8618083357914931852406	-8.1654261409711690333779	1100.861323	1104.416671	0.341875	1.000000
2.7127490891579313370130	-6.7668793636184876305606	1100.875951	1104.431299	0.341875	1.000000
2.8933479557934953518838	-7.6156108099233277286544	1100.946770	1104.502118	0.341875	1.000000
3.2339783978479696990860	-7.8054414082653220674501	1100.209445	1103.764793	0.341875	1.000000
3.4577913717983217445351	-7.1434894556281518518404	1098.286262	1101.841610	0.341875	1.000000
2.8328672107070422825359	-7.0735218666922703434352	1100.892077	1104.447425	0.341875	1.000000
2.8328672107070422825359	-7.0735218666922703434352	1100.892077	1104.447425	0.341875	1.000000
3.0351444780030276682226	-7.2027676098772985824326	1100.911782	1104.467130	0.341875	1.000000
2.0246929165615923373878	-6.4237203887284088921206	1097.872255	1101.427603	0.341875	1.000000
2.8608831317505725166939	-6.8329818101908799121702	1101.011826	1104.567174	0.341875	1.000000
2.8388144637115728663446	-6.6077557366169719088589	1100.558358	1104.113706	0.341875	1.000000
3.0330408916815221331831	-6.8405632599822210337948	1100.595807	1104.151155	0.341875	1.000000
2.9094731786521816907509	-6.9436532081384543246827	1101.010986	1104.566334	0.341875	1.000000
3.1881060058047441252427	-7.7093524683307670386512	1100.444098	1103.999446	0.341875	1.000000
2.8067526053392084506299	-7.2522471113654747298938	1100.725613	1104.280961	0.341875	1.000000
2.9383389833796673684674	-7.3388532985813261788621	1101.010669	1104.566017	0.341875	1.000000
3.0086714454033400834021	-7.2801764024409969522367	1100.972833	1104.528181	0.341875	1.000000
2.9654609715236137645888	-7.0839213699566965232179	1100.996216	1104.551564	0.341875	1.000000
3.2562483554782351014012	-8.1426790251153864375055	1100.088206	1103.643554	0.341875	1.000000
2.7973139630799943589068	-8.3589407044091981191514	1100.600747	1104.156095	0.341875	1.000000
2.7973139630799943589068	-8.3589407044091981191514	1100.600747	1104.156095	0.341875	1.000000
3.0773824127467923617019	-7.5706745338713847814915	1100.855801	1104.411149	0.341875	1.000000
1.6826559767553346258495	-6.0873464797678149551530	1100.263172	1103.818520	0.341875	1.000000
2.8759582702966697276281	-7.5177915496465104183699	1100.913051	1104.468399	0.341875	1.000000
2.7837411624965757717121	-6.4941063527153950474258	1099.771160	1103.326508	0.341875	1.000000
3.0583419513363501174297	-7.2196808316405851613240	1100.859339	1104.414687	0.341875	1.000000
2.3711817204017853200071	-6.4725641512526257415061	1100.852252	1104.407600	0.341875	1.000000
2.6091435486384932929127	-6.8327033586995877811887	1100.093144	1103.648492	0.341875	1.000000
2.1334068606067448925501	-6.2624664384603221378711	1100.581593	1104.136941	0.341875	1.000000
2.7440269287930059149971	-6.5073247358060104517108	1100.232835	1103.788183	0.341875	1.000000
2.8308085590489722171981	-7.0530023489538011816080	1100.896948	1104.452296	0.341875	1.000000
3.1063080836467347189966	-6.7846606842782808399761	1100.010218	1103.565566	0.341875	1.000000
3.3630021412304045291819	-7.2657211332667825942622	1099.220084	1102.775432	0.341875	1.000000
2.7050430319043656801625	-6.4464654153997837937595	1099.638668	1103.194016	0.341875	1.000000
2.7050430319043656801625	-6.4464654153997837937595	1099.638668	1103.194016	0.341875	1.000000
2.7395138082739793894405	-6.6300868196529760822955	1100.972306	1104.527654	0.341875	1.000000
2.5710788295687989624128	-6.5817433227757247138356	1100.957700	1104.513048	0.341875	1.000000
2.9367489126960526490961	-7.2993534912032984607322	1101.011039	1104.566387	0.341875	1.000000
2.9436997096951378338758	-7.7878098563113704599914	1101.007882	1104.563230	0.341875	1.000000
2.3266346885003756916888	-6.4102672165715874896819	1101.009019	1104.564367	0.341875	1.000000
2.3266346885003756916888	-6.4102672165715874896819	1101.009019	1104.564367	0.341875	1.000000
2.2523887894736263071138	-6.3151978666827561781361	1100.684613	1104.239961	0.341875	1.000000
2.7677607645774449096621	-8.1669718715880730286472	1100.435309	1103.990657	0.341875	1.000000
3.3944559473911639635446	-7.9632750076012106532630	1099.121771	1102.677119	0.341875	1.000000
2.5163900679107031876924	-7.3361450310054978629637	1097.728392	1101.283740	0.341875	1.000000
3.3048619524507589773066	-8.1989504898406302402236	1099.781615	1103.336963	0.341875	1.000000
2.8378365917313166377767	-6.8320586339865183589382	1101.013289	1104.568637	0.341875	1.000000
2.8378365917313166377767	-6.8320586339865183589382	1101.013289	1104.568637	0.341875	1.000000
2.8592940983074597305347	-6.7168911746957533637215	1100.903357	1104.458705	0.341875	1.000000
2.3719640390425849041378	-6.3773059631608495223531	1100.815170	1104.370518	0.341875	1.000000
2.5601289396228623651552	-6.4318561676875845023460	1100.471843	1104.027191	0.341875	1.000000
2.5601289396228623651552	-6.4318561676875845023460	1100.471843	1104.027191	0.341875	1.000000
1.7458652034078632198089	-6.1119655534812222796859	1100.327337	1103.882685	0.341875	1.000000
1.7458652034078632198089	-6.1119655534812222796859	1100.327337	1103.882685	0.341875	1.000000
2.8398470730871427925024	-6.8955121759919517643311	1100.996035	1104.551383	0.341875	1.000000
2.7992017679487428694074	-6.7512706229290042614366	1101.014343	1104.569691	0.341875	1.000000
2.6592087254601857182479	-7.3922913085703028102103	1099.625881	1103.181229	0.341875	1.000000
2.7984811475855764228982	-6.5874955444199905230107	1100.622691	1104.178039	0.341875	1.000000
2.7984811475855764228982	-6.5874955444199905230107	1100.622691	1104.178039	0.341875	1.000000
2.7984811475855764228982	-6.5874955444199905230107	1100.622691	1104.178039	0.341875	1.000000
3.0957321777982049759714	-7.7081966764425038363129	1100.809174	1104.364522	0.341875	1.000000
3.1016255673370571877001	-7.7746291153399322837458	1100.792886	1104.348234	0.341875	1.000000
1.7248600624052765617478	-6.1243832100429189679858	1100.764039	1104.319387	0.341875	1.000000
1.7248600624052765617478	-6.1243832100429189679858	1100.764039	1104.319387	0.341875	1.000000
1.8153779391684967681186	-6.2328815381529665273774	1100.582811	1104.138159	0.341875	1.000000
2.7197405227429358731683	-6.5385306677443768563762	1100.654786	1104.210134	0.341875	1.000000
2.4966932349218411424374	-6.6308791964518452033417	1100.361854	1103.917202	0.341875	1.000000
2.2617041470352283738521	-6.3492119272725684453462	1100.957358	1104.512706	0.341875	1.000000
3.0795782488450655911549	-7.3185261697103847211565	1100.822188	1104.377536	0.341875	1.000000
2.5550925786416143203894	-6.6577956257265533679401	1100.568624	1104.123973	0.351353	1.000000
2.5550925786416143203894	-6.6577956257265533679401	1100.568624	1104.123973	0.351353	1.000000
2.5550925786416143203894	-6.6577956257265533679401	1100.568624	1104.123973	0.351353	1.000000
1.5655102310048401026421	-6.0737932548821671474570	1100.884211	1104.439559	0.351353	1.000000
1.5655102310048401026421	-6.0737932548821671474570	1100.884211	1104.439559	0.351353	1.000000
1.5655102310048401026421	-6.0737932548821671474570	1100.884211	1104.439559	0.351353	1.000000
1.5326551253646258921037	-6.0346247203483480703312	1100.301205	1103.856553	0.351353	1.000000
2.0741425228936010149994	-6.1920759975160919452719	1099.260605	1102.815953	0.351353	1.000000
2.8452421403471563898790	-7.1461886845574582594054	1100.895120	1104.450468	0.351353	1.000000
3.0382096449837123763871	-7.1784848016284863447822	1100.898483	1104.453831	0.351353	1.000000
2.9801057871277221167361	-7.2272231169799132644016	1101.000267	1104.555615	0.351353	1.000000
2.9801057871277221167361	-7.2272231169799132644016	1101.000267	1104.555615	0.351353	1.000000
2.9463495459858548564114	-6.6249130843612249464059	1100.061562	1103.616910	0.351353	1.000000
2.9392501403007171845161	-6.6384351998395514371509	1100.212030	1103.767378	0.351353	1.000000
2.9891243123199036091364	-7.1179662207226170878016	1100.974988	1104.530336	0.351353	1.000000
2.1692275450802420699858	-6.2283713727861549358522	1099.402647	1102.957995	0.351353	1.000000
3.1762003213164788917311	-7.1724824396249271529769	1100.373671	1103.929019	0.351353	1.000000
2.4405987759472855813669	-6.4055985360986911203440	1100.790019	1104.345367	0.351353	1.000000
2.4405987759472855813669	-6.4055985360986911203440	1100.790019	1104.345367	0.351353	1.000000
1.2930130377802107055629	-5.9360920513421371325080	1100.049156	1103.604505	0.351353	1.000000
1.1697811587717408254861	-5.8995708242897446638153	1100.531058	1104.086406	0.351353	1.000000
1.1697811587717408254861	-5.8995708242897446638153	1100.531058	1104.086406	0.351353	1.000000
2.8623165807649120218059	-7.7046306961629698051297	1100.868620	1104.423968	0.351353	1.000000
2.8623165807649120218059	-7.7046306961629698051297	1100.868620	1104.423968	0.351353	1.000000
2.4335111054874447589214	-6.5329473287429014050076	1100.711142	1104.266490	0.351353	1.000000
3.2393619591112523536935	-7.1827607082607665134333	1100.024497	1103.579845	0.351353	1.000000
3.3148538838599037603672	-7.2486302955932613301115	1099.569102	1103.124450	0.351353	1.000000
2.1698165865540022245739	-6.3255745553121514035411	1101.010323	1104.565671	0.351353	1.000000
2.9113915527754685719231	-8.1611360294007351257051	1100.972629	1104.527977	0.351353	1.000000
3.0135788167674615323222	-8.0817111621705102209035	1100.987259	1104.542607	0.351353	1.000000
3.0135788167674615323222	-8.0817111621705102209035	1100.987259	1104.542607	0.351353	1.000000
3.3624024043055791288737	-8.4496587203094737361653	1099.374537	1102.929885	0.351353	1.000000
2.8366411354700145075469	-7.6227185747680596961118	1100.787148	1104.342496	0.351353	1.000000
3.1636949731966876875333	-8.3798897549890956071295	1100.566439	1104.121787	0.351353	1.000000
2.9224476060045203595905	-7.0077958616173452455200	1101.012942	1104.568290	0.351353	1.000000
2.3540286263858716253594	-6.3301496328491602127997	1100.278631	1103.833979	0.351353	1.000000
2.3540286263858716253594	-6.3301496328491602127997	1100.278631	1103.833979	0.351353	1.000000
2.3540286263858716253594	-6.3301496328491602127997	1100.278631	1103.833979	0.351353	1.000000
2.8701063553438972419940	-6.5561608002693683161510	1099.922457	1103.477805	0.351353	1.000000
2.9673329034177462482091	-7.6755582409689262490815	1101.014344	1104.569692	0.351353	1.000000
2.7795687276147007516158	-6.7170255919430106317236	1101.013237	1104.568585	0.351353	1.000000
2.7441746532815227688218	-6.7797253497623835016839	1100.936295	1104.491643	0.351353	1.000000
2.8005419396815525168165	-7.0254308160791589799032	1100.822686	1104.378034	0.351353	1.000000
3.2600022074180685649480	-7.0074029672202424734451	1099.663815	1103.219163	0.351353	1.000000
2.5242253653044168792974	-6.4219475561092833615362	1100.557416	1104.112764	0.351353	1.000000
3.4090853035374188984008	-7.3208025460249732674356	1098.883716	1102.439064	0.351353	1.000000
2.5192776882412721839444	-6.5818834012228553120849	1100.801903	1104.357251	0.351353	1.000000
2.8734809707392927613512	-8.1980530820575197026301	1100.894045	1104.449393	0.351353	1.000000
2.5359458358214208573145	-8.3510456730929618629489	1097.879623	1101.434971	0.351353	1.000000
2.9171804132048992919124	-7.7598943034606993052194	1100.982924	1104.538272	0.351353	1.000000
2.8852415529450539111167	-8.1224918347731822620972	1100.923162	1104.478511	0.351353	1.000000
2.8377960521242044933388	-8.0659292183650581620213	1100.781018	1104.336366	0.351353	1.000000
2.9468265071948920308387	-7.9452244458760263867703	1101.009177	1104.564525	0.351353	1.000000
2.8417027256625062570095	-8.1004735495568720438087	1100.795182	1104.350531	0.351353	1.000000
2.8153394324330109910193	-7.9687227832597962162708	1100.689706	1104.245054	0.351353	1.000000
2.9314861672925212054963	-8.2716641748090555807948	1100.997356	1104.552704	0.351353	1.000000
3.2092733878949846193507	-8.3249568141046399460947	1100.349960	1103.905308	0.351353	1.000000
2.7325591891415452749925	-7.3589558996064887708144	1100.269833	1103.825181	0.351353	1.000000
3.3302143227055598373454	-8.2132148497949462040424	1099.607542	1103.162890	0.351353	1.000000
2.9746683862562619538039	-7.7893472950022433209938	1101.013455	1104.568803	0.351353	1.000000
3.1006295235075511662615	-8.0777947747621094976012	1100.800105	1104.355453	0.351353	1.000000
3.0581307435109863490652	-8.1134433361133595496995	1100.912697	1104.468045	0.351353	1.000000
2.9215640544450081073080	-8.2279973537604274014257	1100.986522	1104.541870	0.351353	1.000000
2.9215640544450081073080	-8.2279973537604274014257	1100.986522	1104.541870	0.351353	1.000000
2.6619988181784801639651	-7.8831694399665108718978	1099.574463	1103.129811	0.351353	1.000000
3.0591542903109263384920	-7.5780031262905271915997	1100.901668	1104.457016	0.351353	1.000000
2.6348814855600419804205	-7.9338889919801003358657	1099.274954	1102.830302	0.351353	1.000000
2.6348814855600419804205	-7.9338889919801003358657	1099.274954	1102.830302	0.351353	1.000000
2.6511248827131175254124	-7.3382280531470520656967	1099.567823	1103.123171	0.351353	1.000000
2.6544824670616051776051	-6.8760857007601963175603	1100.296556	1103.851904	0.351353	1.000000
3.0494909050330152311403	-8.0264434394092454283509	1100.930368	1104.485716	0.351353	1.000000
2.7342559282528284825275	-8.2908668748753040489419	1100.207466	1103.762814	0.351353	1.000000
3.0426864801887467670838	-7.7848593751942658514054	1100.941373	1104.496721	0.351353	1.000000
2.8555564008419587196386	-8.0341840555752668251444	1100.842718	1104.398066	0.351353	1.000000
3.1338239551290727469279	-7.7425994774856707891786	1100.680005	1104.235353	0.351353	1.000000
2.9970244138490254037777	-7.9846665778076015840270	1101.002904	1104.558252	0.351353	1.000000
3.3182195316944631535705	-8.3675824692733282716972	1099.691985	1103.247333	0.351353	1.000000
3.0424985606646512970030	-8.4281151606835482681390	1100.944585	1104.499933	0.351353	1.000000
2.7882232315918051845927	-8.1785978446207465708540	1100.553614	1104.108963	0.351353	1.000000
3.0330044900775927629866	-7.2868682214789988194070	1100.932118	1104.487466	0.351353	1.000000
2.8882674350928891904289	-6.9947231936709703958854	1101.008788	1104.564136	0.351353	1.000000
3.0960274825746210147770	-7.3145638912216535132416	1100.769841	1104.325189	0.351353	1.000000
2.8855338104093819495688	-6.7316370887483083507163	1100.866630	1104.421978	0.351353	1.000000
2.8120548151787403412527	-6.7932722808578072104524	1101.012071	1104.567419	0.351353	1.000000
2.8932352410373862738879	-6.7365471788993920299049	1100.855943	1104.411291	0.351353	1.000000
2.8472759812795089828796	-6.6817563992656827664973	1100.849871	1104.405219	0.351353	1.000000
1.5547077142967462570766	-6.0802995444014422687928	1100.984774	1104.540122	0.351353	1.000000
1.5113447513454936199651	-6.0286039653202418975297	1100.355712	1103.911060	0.351353	1.000000
2.8040062089175323833956	-8.0680057328011418604774	1100.635640	1104.190988	0.351353	1.000000
2.9906293460847548359993	-8.2904903253935646745276	1101.007544	1104.562892	0.351353	1.000000
2.8859501238447604620774	-7.9975848900190333878868	1100.925344	1104.480692	0.351353	1.000000
2.8818177928040888957639	-8.2579817532547536984566	1100.914825	1104.470173	0.351353	1.000000
2.8818177928040888957639	-8.2579817532547536984566	1100.914825	1104.470173	0.351353	1.000000
2.8801535367788959618451	-7.9995307465668297197681	1100.911790	1104.467138	0.351353	1.000000
1.4044944716261853479011	-6.0467173344353977171295	1100.926733	1104.482081	0.351353	1.000000
2.6871071998688127457910	-6.7964375538986896430060	1100.711708	1104.267056	0.351353	1.000000
2.7948115269482514122501	-6.7060936825688148843483	1100.998151	1104.553499	0.351353	1.000000
2.5108843687561823720955	-6.4846430454748782423735	1100.999505	1104.554853	0.351353	1.000000
3.0699758028488610683837	-7.3343348273684112470505	1100.852309	1104.407657	0.351353	1.000000
2.8367856922584895329464	-6.9682838123015828912798	1100.956072	1104.511420	0.351353	1.000000
3.0715656909471307223214	-7.0420378083402290769754	1100.731582	1104.286930	0.358111	1.000000
3.5739432490206768378016	-8.3439966007105255130227	1097.518654	1101.074002	0.358111	1.000000
3.5739432490206768378016	-8.3439966007105255130227	1097.518654	1101.074002	0.358111	1.000000
3.1770503056758654381042	-7.8612173868631849416033	1100.501930	1104.057278	0.358111	1.000000
3.0387714048118077414529	-7.9748965146969181816416	1100.950182	1104.505530	0.358111	1.000000
3.0509978333691503138425	-7.9648451639396071755073	1100.926979	1104.482327	0.358111	1.000000
3.0509978333691503138425	-7.9648451639396071755073	1100.926979	1104.482327	0.358111	1.000000
2.8145887897041164116274	-8.1591971129926932349008	1100.684624	1104.239972	0.358111	1.000000
2.7936144015196400225420	-8.1764401641072055326731	1100.582346	1104.137695	0.358111	1.000000
2.7936144015196400225420	-8.1764401641072055326731	1100.582346	1104.137695	0.358111	1.000000
2.8206848372968780225278	-8.1541855503519169445781	1100.711551	1104.266899	0.358111	1.000000
2.8628046445191648317063	-7.1295041085483044085436	1100.941657	1104.497005	0.358111	1.000000
2.7950184517378708903834	-6.7701107364019117440535	1101.011144	1104.566492	0.358111	1.000000
2.7950184517378708903834	-6.7701107364019117440535	1101.011144	1104.566492	0.358111	1.000000
2.6736596574751994026542	-7.0986501326744706474869	1099.992957	1103.548305	0.358111	1.000000
2.7010572752260730844398	-8.3332753832206556410256	1099.939386	1103.494734	0.358111	1.000000
2.7010572752260730844398	-8.3332753832206556410256	1099.939386	1103.494734	0.358111	1.000000
2.7010572752260730844398	-8.3332753832206556410256	1099.939386	1103.494734	0.358111	1.000000
2.6279788098305263410737	-8.4667639967426282510132	1099.186113	1102.741461	0.358111	1.000000
2.6522395303308834435541	-8.4468192507989936501644	1099.462169	1103.017517	0.358111	1.000000
3.0648858828014140520679	-7.3901394274489087266033	1100.873577	1104.428925	0.358111	1.000000
2.9662793774735192187109	-7.1063660878338650306318	1100.999027	1104.554375	0.358111	1.000000
2.3029425983998841331868	-6.2994855068430997135920	1100.051852	1103.607200	0.358111	1.000000
2.7045119560918289280949	-6.6352569226428839144205	1101.012256	1104.567604	0.358111	1.000000
2.7045119560918289280949	-6.6352569226428839144205	1101.012256	1104.567604	0.358111	1.000000
3.0420812101483485356823	-7.0010098661577258027933	1100.797040	1104.352388	0.358111	1.000000
2.3439360032589786619894	-6.6416470605721169562230	1098.507990	1102.063338	0.358111	1.000000
2.0766874250837705773165	-6.4790897427457423418673	1097.101188	1100.656536	0.358111	1.000000
2.9149931923047005533078	-6.9373545051060370170148	1101.006947	1104.562295	0.358111	1.000000
2.9655248458797616173399	-6.8893736782608012703122	1100.903434	1104.458782	0.358111	1.000000
2.4609345869300458531370	-6.6847550046840087389910	1099.573789	1103.129138	0.358111	1.000000
2.1326425108643913830520	-6.4232846356512700580765	1099.664455	1103.219803	0.358111	1.000000
2.5079010316945167247127	-6.5249892658617989482650	1100.985495	1104.540843	0.358111	1.000000
2.5079010316945167247127	-6.5249892658617989482650	1100.985495	1104.540843	0.358111	1.000000
3.3915902259753347713911	-7.5532646722048042420283	1099.108804	1102.664152	0.358111	1.000000
3.4857756568651274697856	-7.9101829553071487666216	1098.345019	1101.900367	0.358111	1.000000
3.0342078526079325762055	-8.4973355785275082041608	1100.958959	1104.514307	0.358111	1.000000
2.3072134906759602657189	-6.4281069457068165107216	1100.907369	1104.462717	0.358111	1.000000
2.3816243858119756637848	-6.7117113499721750002891	1098.184264	1101.739612	0.358111	1.000000
2.7891227853787361468108	-7.1082315891131058194219	1100.719444	1104.274792	0.358111	1.000000
2.9623114049527052848987	-7.8239657212098485672414	1101.014215	1104.569564	0.358111	1.000000
2.9766726560973912896202	-8.0254529954676101510813	1101.013229	1104.568577	0.358111	1.000000
2.9766726560973912896202	-8.0254529954676101510813	1101.013229	1104.568577	0.358111	1.000000
2.6541799305934792307937	-7.7263441843608893222495	1099.502387	1103.057735	0.358111	1.000000
3.0090803285644662778964	-8.2890758930331802645242	1100.992480	1104.547828	0.358111	1.000000
2.6504760863353009625598	-7.0145336050471600586320	1099.925575	1103.480923	0.358111	1.000000
2.6689864512705820942529	-6.8436333297889273552528	1100.486179	1104.041527	0.358111	1.000000
2.9172503049892837267976	-7.8932208393382747857459	1100.981947	1104.537295	0.358111	1.000000
3.0432167791001454304478	-7.4721661524810389920503	1100.930175	1104.485523	0.358111	1.000000
3.0948287854831240117903	-7.5349468198737845625601	1100.803096	1104.358444	0.358111	1.000000
3.1065618549021958294531	-7.1311944589941829164559	1100.662874	1104.218222	0.358111	1.000000
2.8586749427145843327480	-7.3977323209388305969014	1100.877987	1104.433335	0.358111	1.000000
3.1704336295421988722865	-7.4572911458139339302420	1100.502439	1104.057787	0.358111	1.000000
2.7264238148726809285449	-6.5016519672962074238853	1100.281345	1103.836693	0.358111	1.000000
2.5689808619413088131012	-6.6310858683539075641988	1100.772807	1104.328155	0.358111	1.000000
2.5075960214462060804408	-6.6398322649207610623989	1100.374783	1103.930131	0.358111	1.000000
2.9167770802292554144231	-7.5266973139571753392829	1100.986722	1104.542070	0.358111	1.000000
2.8610713075194276200364	-8.1355796010719920730025	1100.859229	1104.414577	0.358111	1.000000
2.8610713075194276200364	-8.1355796010719920730025	1100.859229	1104.414577	0.358111	1.000000
3.0391182913623819850102	-7.9892071197301559593029	1100.949649	1104.504997	0.358111	1.000000
2.7604023809158584334966	-7.6501780430271786315188	1100.405027	1103.960375	0.358111	1.000000
2.5927027470025327815506	-7.0507596211336736047315	1099.249737	1102.805085	0.358111	1.000000
2.8045786938452259562382	-8.1304656732535729446454	1100.637925	1104.193273	0.358111	1.000000
2.8045786938452259562382	-8.1304656732535729446454	1100.637925	1104.193273	0.358111	1.000000
2.8087780414145213647714	-8.1355737452215208804773	1100.657968	1104.213316	0.358111	1.000000
2.8087780414145213647714	-8.1355737452215208804773	1100.657968	1104.213316	0.358111	1.000000
2.7762043345950968564750	-8.1623525998291679428576	1100.486007	1104.041355	0.358111	1.000000
2.4316393202206225687689	-6.5194893470182648798072	1100.793702	1104.349050	0.358111	1.000000
2.7774903868639588822020	-7.1253277001763963838243	1100.655274	1104.210622	0.358111	1.000000
2.8187184859033211914436	-6.5643796335999038404907	1100.343937	1103.899285	0.358111	1.000000
2.6169530294351979193834	-6.7023500915868510219298	1100.687693	1104.243041	0.358111	1.000000
2.9952013900042748772989	-6.5518799051403364686053	1098.799526	1102.354874	0.358111	1.000000
3.4884972564237952674659	-6.9168140100859414332035	1097.366100	1100.921449	0.358111	1.000000
3.2029145666026113126179	-7.1307099245738658765958	1100.196817	1103.752165	0.358111	1.000000
3.1174970594981528115852	-7.2009316839940735732739	1100.655926	1104.211274	0.358111	1.000000
2.9888095943389090258790	-6.6932529975936976285311	1100.267802	1103.823150	0.358111	1.000000
2.9888095943389090258790	-6.6932529975936976285311	1100.267802	1103.823150	0.358111	1.000000
2.9888095943389090258790	-6.6932529975936976285311	1100.267802	1103.823150	0.358111	1.000000
2.5572238941094624919970	-6.4278343419870465069721	1100.438943	1103.994292	0.358111	1.000000
2.5623243827070063538542	-6.4340385588083570667095	1100.485496	1104.040844	0.358111	1.000000
3.2365820754806033932027	-7.2543935584550700568229	1100.088240	1103.643588	0.358111	1.000000
2.8718659174106342391042	-6.8107540757609417170215	1100.995691	1104.551040	0.358111	1.000000
3.0195337758537768024780	-7.2848714514647641138367	1100.956508	1104.511856	0.358111	1.000000
2.5422835541853885388264	-6.7273868858107661594659	1100.055150	1103.610498	0.358111	1.000000
2.6288807008740944226588	-6.8327233577758903493304	1100.249257	1103.804605	0.358111	1.000000
2.9418272702917098726516	-7.2809461878660632905280	1101.013200	1104.568548	0.358111	1.000000
2.8752145800584907320285	-7.3357085014298331060445	1100.927377	1104.482725	0.358111	1.000000
3.3934009297578264785500	-8.1445856407710799373945	1099.133726	1102.689074	0.358111	1.000000
2.9545614720679647113855	-8.4302650625227677494422	1101.012231	1104.567579	0.358111	1.000000
2.9545614720679647113855	-8.4302650625227677494422	1101.012231	1104.567579	0.358111	1.000000
2.9441349616872765082576	-8.4175822910873812077170	1101.007253	1104.562601	0.358111	1.000000
3.0820835643612327636731	-8.3041747014994768960605	1100.854692	1104.410040	0.358111	1.000000
3.0792965701995180793915	-8.3064658902752182001450	1100.862139	1104.417487	0.358111	1.000000
2.9978752289648604723027	-8.3734024004786675732248	1101.002663	1104.558011	0.358111	1.000000
2.8563757604643011944745	-8.4897291579779494696822	1100.843960	1104.399308	0.358111	1.000000
2.8487770276593553653299	-8.4959760786036575552771	1100.818985	1104.374333	0.358111	1.000000
2.5425527744912681527012	-7.2725764365799507871202	1098.215578	1101.770926	0.358111	1.000000
3.0373728143180498406650	-7.7896332144287283583139	1100.951022	1104.506370	0.358111	1.000000
2.9542652839430534328358	-7.8579559412540822549431	1101.012481	1104.567829	0.358111	1.000000
3.1759193241086589587496	-7.3749714095649068212879	1100.460095	1104.015443	0.358111	1.000000
2.8594895732196023985239	-8.0353621596302780005772	1100.854974	1104.410322	0.364211	1.000000
3.0179729984326986169663	-7.9083094746830697729933	1100.981308	1104.536656	0.364211	1.000000
2.4522779261094669323029	-6.5681890102778117679350	1100.549045	1104.104393	0.364211	1.000000
2.8646568430491998746845	-8.1743953678581995347940	1100.869687	1104.425035	0.364211	1.000000
3.0352552546027151691987	-8.0376303641585451487117	1100.956489	1104.511837	0.364211	1.000000
2.9620767250720443364287	-8.0962959857833851629039	1101.014075	1104.569423	0.364211	1.000000
2.9368039948447242082352	-8.1165565791357181524290	1101.002211	1104.557559	0.364211	1.000000
2.9999277553634762227830	-7.2379894062310459190712	1100.979998	1104.535346	0.364211	1.000000
3.1736703423496859244324	-7.6346103170980557095504	1100.507300	1104.062648	0.364211	1.000000
2.7664753318591230879520	-7.8363565128761951683600	1100.433050	1103.988398	0.364211	1.000000
2.7116954991020838505733	-7.6179226248680302902017	1100.055014	1103.610362	0.364211	1.000000
2.6037020680035474207159	-6.8832140451619574506026	1099.851949	1103.407297	0.364211	1.000000
1.8298801681349183834158	-6.1942666001489721239182	1101.014315	1104.569663	0.364211	1.000000
3.1275093174976436039003	-7.5701762831625156735527	1100.694442	1104.249790	0.364211	1.000000
2.6100518810169170969004	-7.3424928993491649364955	1099.098628	1102.653976	0.364211	1.000000
1.5828157454480815680142	-6.1103501077402322394505	1100.985934	1104.541282	0.364211	1.000000
2.7279335214861561986766	-6.8767254049727366549405	1100.718334	1104.273682	0.364211	1.000000
2.9266597223748282985412	-7.6923097239399300661944	1100.994788	1104.550136	0.364211	1.000000
2.8344499937912863707368	-7.0708523225669255296566	1100.897584	1104.452932	0.364211	1.000000
2.7401943885230157782473	-6.9725854804661961949819	1100.622207	1104.177555	0.364211	1.000000
2.8473965597636468061182	-7.1063077020434537445226	1100.915051	1104.470399	0.364211	1.000000
3.0254696753824426025403	-7.1761161334104359710295	1100.925908	1104.481256	0.364211	1.000000
2.9872653305843943627451	-6.8585811604654844941820	1100.804193	1104.359541	0.364211	1.000000
2.8621517698329843604199	-6.9929610191184830014777	1100.985165	1104.540513	0.364211	1.000000
2.7930400501461574158668	-6.9067521990302900292136	1100.904017	1104.459365	0.364211	1.000000
2.9045933915770580924232	-8.4615673929363790506386	1100.961290	1104.516638	0.364211	1.000000
2.9045933915770580924232	-8.4615673929363790506386	1100.961290	1104.516638	0.364211	1.000000
2.8059216608977557427806	-8.3384859023227981822401	1100.643499	1104.198847	0.364211	1.000000
2.6890146074579002188898	-7.3696576142172478540715	1099.918522	1103.473870	0.364211	1.000000
2.8196204929629273827629	-7.3911117378367592323229	1100.744788	1104.300137	0.364211	1.000000
2.9566792775139063564893	-6.8716103181384919906804	1100.905748	1104.461096	0.364211	1.000000
3.2520724571006915937232	-7.2400789018992615098114	1099.985318	1103.540666	0.364211	1.000000
2.8668775560098538335296	-7.2150444419365182824322	1100.928826	1104.484174	0.364211	1.000000
0.8417089414997165341958	-5.7892126801876129249536	1100.860265	1104.415613	0.364211	1.000000
2.2384291580028126134039	-6.4572207372972023620150	1100.172130	1103.727478	0.364211	1.000000
2.2384291580028126134039	-6.4572207372972023620150	1100.172130	1103.727478	0.364211	1.000000
2.9653558300801181601969	-7.3639770873691263730620	1101.013411	1104.568759	0.364211	1.000000
2.8121687549753238144490	-6.5377709882358585602447	1100.123302	1103.678650	0.364211	1.000000
2.9424610174012801877552	-6.7701453064198240383575	1100.779923	1104.335271	0.364211	1.000000
2.8518413172584211601190	-6.6571077859896856665500	1100.750743	1104.306091	0.364211	1.000000
0.9787193306898739342259	-5.8068619472077696030965	1100.363857	1103.919205	0.364211	1.000000
0.9024304439376999997791	-5.7542804589453044883385	1099.791067	1103.346415	0.364211	1.000000
0.9024304439376999997791	-5.7542804589453044883385	1099.791067	1103.346415	0.364211	1.000000
0.9024304439376999997791	-5.7542804589453044883385	1099.791067	1103.346415	0.364211	1.000000
0.4869782518698028139781	-5.4523857669094182298863	1098.485177	1102.040525	0.364211	1.000000
0.4504685093505360060639	-5.4816548264818436564383	1100.995839	1104.551187	0.364211	1.000000
0.4504685093505360060639	-5.4816548264818436564383	1100.995839	1104.551187	0.364211	1.000000
0.4309205951099274178873	-5.4572710804326298728029	1100.952919	1104.508267	0.364211	1.000000
0.4309205951099274178873	-5.4572710804326298728029	1100.952919	1104.508267	0.364211	1.000000
0.4309205951099274178873	-5.4572710804326298728029	1100.952919	1104.508267	0.364211	1.000000
0.4309205951099274178873	-5.4572710804326298728029	1100.952919	1104.508267	0.364211	1.000000
0.4309205951099274178873	-5.4572710804326298728029	1100.952919	1104.508267	0.364211	1.000000
2.9995075264114063884335	-7.8373049087856365702009	1101.000425	1104.555773	0.364211	1.000000
2.9995075264114063884335	-7.8373049087856365702009	1101.000425	1104.555773	0.364211	1.000000
3.1187722295572690711651	-7.2398085738987134618583	1100.666585	1104.221933	0.364211	1.000000
2.5917953113343963345017	-7.0327070594391853930460	1099.279702	1102.835050	0.364211	1.000000
1.7798972954602307883221	-6.2079344401253067076141	1100.765175	1104.320523	0.364211	1.000000
2.9909215176882657516444	-7.5743356964000971842665	1101.004726	1104.560074	0.364211	1.000000
2.9909215176882657516444	-7.5743356964000971842665	1101.004726	1104.560074	0.364211	1.000000
2.8794096243277134128391	-7.9172626393222644836101	1100.910628	1104.465976	0.364211	1.000000
3.0689248436782499140918	-7.0689977179525476103095	1100.760758	1104.316106	0.364211	1.000000
2.9871980673195377420370	-8.1612223915538937291103	1101.009353	1104.564701	0.364211	1.000000
2.8972233808822953626816	-8.0115177413020148833311	1100.948760	1104.504108	0.364211	1.000000
2.8972233808822953626816	-8.0115177413020148833311	1100.948760	1104.504108	0.364211	1.000000
3.0891028864253966546016	-8.0505870265408994157497	1100.834251	1104.389599	0.364211	1.000000
3.1196385334279321810413	-8.4358984383881097102176	1100.738760	1104.294108	0.364211	1.000000
3.1196385334279321810413	-8.4358984383881097102176	1100.738760	1104.294108	0.364211	1.000000
3.1196385334279321810413	-8.4358984383881097102176	1100.738760	1104.294108	0.364211	1.000000
2.7314004967905294307684	-8.1554198927707766131334	1100.187069	1103.742417	0.364211	1.000000
2.8117921111487800267525	-8.3790230545829338382191	1100.671074	1104.226422	0.364211	1.000000
2.9821739316932065477772	-8.4062514864393023117373	1101.011653	1104.567001	0.364211	1.000000
3.0358887971119208337711	-8.3631894573100762357853	1100.956093	1104.511441	0.364211	1.000000
3.0358887971119208337711	-8.3631894573100762357853	1100.956093	1104.511441	0.364211	1.000000
3.0358887971119208337711	-8.3631894573100762357853	1100.956093	1104.511441	0.364211	1.000000
3.1872302119033482092902	-7.0765395182570181020765	1100.230771	1103.786119	0.364211	1.000000
3.5813569781650049783650	-7.4533401797625256079982	1097.357572	1100.912920	0.364211	1.000000
3.6233781050763895770217	-7.5057566409101008630955	1096.945855	1100.501203	0.364211	1.000000
2.3552271702339275805116	-6.4416691462900921294477	1100.964958	1104.520306	0.364211	1.000000
2.3552271702339275805116	-6.4416691462900921294477	1100.964958	1104.520306	0.364211	1.000000
2.3143070052787164669894	-6.3906260069413924895798	1101.011170	1104.566518	0.364211	1.000000
2.3143070052787164669894	-6.3906260069413924895798	1101.011170	1104.566518	0.364211	1.000000
2.5455610742202399165990	-6.6790885211774879692825	1100.383013	1103.938361	0.364211	1.000000
2.3840482311132431547662	-6.4776200626231634771557	1100.867777	1104.423125	0.364211	1.000000
2.9768635297385523941216	-6.9261209835091239739313	1100.910742	1104.466090	0.364211	1.000000
2.9768635297385523941216	-6.9261209835091239739313	1100.910742	1104.466090	0.364211	1.000000
3.5487026952238673871420	-7.4100020039160074958318	1097.662864	1101.218212	0.364211	1.000000
2.7795771303108658401015	-8.0194168504990184231929	1100.506930	1104.062278	0.364211	1.000000
3.1220410822810928941351	-8.3400352842394465113784	1100.730184	1104.285532	0.364211	1.000000
3.1220410822810928941351	-8.3400352842394465113784	1100.730184	1104.285532	0.364211	1.000000
2.7821825622617115669755	-7.3334838893309104435048	1100.583781	1104.139129	0.364211	1.000000
2.7821825622617115669755	-7.3334838893309104435048	1100.583781	1104.139129	0.364211	1.000000
2.7821825622617115669755	-7.3334838893309104435048	1100.583781	1104.139129	0.364211	1.000000
3.3925063337935603691164	-7.6619618838399192739530	1099.118098	1102.673446	0.364211	1.000000
2.6834178398648975694130	-8.2304225723798829505995	1099.779511	1103.334859	0.364211	1.000000
3.2849136596617221073302	-8.4902248273300973124833	1099.913245	1103.468593	0.364211	1.000000
3.0240502125625456919522	-7.2921890932630484272181	1100.949647	1104.504996	0.364211	1.000000
2.8781522975626656624115	-6.9302376590920182763966	1101.012803	1104.568151	0.364211	1.000000
3.0260330707219025292432	-7.0065340907299402672948	1100.849344	1104.404692	0.364211	1.000000
2.7384348953147585881140	-7.0023168894024383490660	1100.573053	1104.128401	0.364211	1.000000
2.9189871654410652901390	-7.8750352377873165110600	1100.984329	1104.539677	0.364211	1.000000
2.9189871654410652901390	-7.8750352377873165110600	1100.984329	1104.539677	0.370400	1.000000
2.5685860421333841507874	-6.5296736778606341289333	1101.011283	1104.566631	0.370400	1.000000
2.9610811183305814076050	-6.9952845471531182042213	1100.978579	1104.533928	0.370400	1.000000
2.9610811183305814076050	-6.9952845471531182042213	1100.978579	1104.533928	0.370400	1.000000
3.0017374292548284486770	-7.0454211442797785025505	1100.930326	1104.485674	0.370400	1.000000
3.4046183397323361852216	-7.5422462973604078584344	1099.001789	1102.557137	0.370400	1.000000
2.7268595315715780103005	-6.5729570146556755005918	1100.826912	1104.382260	0.370400	1.000000
2.9489203198365263602909	-6.6521411523698734669097	1100.249244	1103.804592	0.370400	1.000000
2.8387301348194142747161	-6.8685263273242487258585	1101.005060	1104.560408	0.370400	1.000000
2.8793485395811764249174	-6.8355884219241431765113	1101.001373	1104.556721	0.370400	1.000000
3.0281124965471195586986	-6.6907355762364897344696	1100.006771	1103.562120	0.370400	1.000000
3.0281124965471195586986	-6.6907355762364897344696	1100.006771	1103.562120	0.370400	1.000000
3.3736705040600427629727	-7.3317145199992372894826	1099.176746	1102.732094	0.370400	1.000000
2.8930632113424201712348	-7.5218299556214462953108	1100.949750	1104.505098	0.370400	1.000000
3.3295575366942342654397	-7.1678719683384128913417	1099.391983	1102.947331	0.370400	1.000000
2.4999976818989302351781	-6.8292968851360855708776	1098.930163	1102.485511	0.370400	1.000000
2.9257363783742373897212	-6.9399412067630263933893	1100.999467	1104.554816	0.370400	1.000000
2.8399609138772552441310	-7.0094974621556893623620	1100.940945	1104.496293	0.370400	1.000000
2.8399609138772552441310	-7.0094974621556893623620	1100.940945	1104.496293	0.370400	1.000000
3.2134585918304647833565	-7.0049534136202211698219	1099.971972	1103.527320	0.370400	1.000000
3.2134585918304647833565	-7.0049534136202211698219	1099.971972	1103.527320	0.370400	1.000000
2.9369990306557509640584	-7.2291374731946067555555	1101.013059	1104.568407	0.370400	1.000000
2.9238574458393298272085	-6.5008051590205120362498	1098.602585	1102.157934	0.370400	1.000000
3.1573379214228318723201	-6.7887288853783225306415	1099.679140	1103.234488	0.370400	1.000000
3.0862561410689122176620	-7.4086044076792694212941	1100.816577	1104.371925	0.370400	1.000000
3.3332983519962438023754	-7.2576170913440831711227	1099.440680	1102.996028	0.370400	1.000000
2.8594829597896120887413	-7.8884402650316216565329	1100.856386	1104.411734	0.370400	1.000000
2.5381741858190691729646	-6.7782003691584531424041	1099.700818	1103.256166	0.370400	1.000000
2.5782339233426445623820	-6.8737972129268962717674	1099.635181	1103.190529	0.370400	1.000000
2.8672001218749390005769	-7.2301448881016172620662	1100.926394	1104.481742	0.370400	1.000000
2.5157784349202527707234	-6.4979261432543982124344	1101.012180	1104.567529	0.370400	1.000000
2.6576214270278999407537	-6.6090383523904820961548	1101.013997	1104.569345	0.370400	1.000000
3.0664359010384734105514	-7.5125924725098425227543	1100.880663	1104.436012	0.370400	1.000000
3.2702750146779018258769	-7.7639630294262715892728	1099.993477	1103.548825	0.370400	1.000000
3.1091238709097983594631	-8.2133120750353523220610	1100.773715	1104.329063	0.370400	1.000000
2.9397046812513050184634	-8.3506959352500516047257	1101.004277	1104.559625	0.370400	1.000000
2.8543296090697332090258	-8.1356932241317760912125	1100.838208	1104.393556	0.370400	1.000000
2.9767661970597294462948	-7.7767536355227795397127	1101.012906	1104.568254	0.370400	1.000000
2.9767661970597294462948	-7.7767536355227795397127	1101.012906	1104.568254	0.370400	1.000000
3.1867267634045335356063	-7.9490753390458444016531	1100.458493	1104.013842	0.370400	1.000000
1.8740730694891138963243	-6.1463885348228552985006	1100.027452	1103.582800	0.370400	1.000000
2.0005619567574215444949	-6.2506235978021642551994	1100.993389	1104.548737	0.370400	1.000000
3.1698384461243374055073	-7.2175905779725733069085	1100.432034	1103.987382	0.370400	1.000000
2.9626303729391385566316	-6.9161748123856039427437	1100.933290	1104.488638	0.370400	1.000000
2.7868812528260602512375	-6.7454995516678772915498	1101.013914	1104.569263	0.370400	1.000000
2.7868812528260602512375	-6.7454995516678772915498	1101.013914	1104.569263	0.370400	1.000000
3.0174913227941519977549	-6.9484521774620766620956	1100.824206	1104.379554	0.370400	1.000000
3.0208068973716493132997	-6.8720545365242067248346	1100.709965	1104.265313	0.370400	1.000000
3.2674350283704747255342	-7.4637215052277454674368	1099.975257	1103.530605	0.370400	1.000000
3.2650437595530870105165	-7.4656606110728747083272	1099.990570	1103.545918	0.370400	1.000000
2.9401866429795600055286	-6.8837910655115299718432	1100.951064	1104.506412	0.370400	1.000000
3.1126597190376945611945	-8.3028510631742591385773	1100.762298	1104.317646	0.370400	1.000000
3.2321605287251311544594	-8.2059465592232267994177	1100.226993	1103.782341	0.370400	1.000000
2.9389180245157122683963	-8.4429285160416895905655	1101.003659	1104.559007	0.370400	1.000000
1.2889770007431406995124	-5.9555190492098581955815	1100.689384	1104.244732	0.370400	1.000000
1.2684473401951055215875	-5.9721667738310877382446	1101.009364	1104.564712	0.370400	1.000000
1.2684473401951055215875	-5.9721667738310877382446	1101.009364	1104.564712	0.370400	1.000000
2.7126617520876474820568	-6.7694069067042494936004	1100.870707	1104.426055	0.370400	1.000000
2.8048838602877208536768	-6.9694908962204813462904	1100.880509	1104.435857	0.370400	1.000000
2.8048838602877208536768	-6.9694908962204813462904	1100.880509	1104.435857	0.370400	1.000000
2.3770323676911382371202	-6.4418724914339877685165	1100.998876	1104.554224	0.370400	1.000000
2.9572359257953957367704	-6.9588346062492840715663	1100.968915	1104.524263	0.370400	1.000000
3.3249043286181456657857	-7.0685000217660167720624	1099.294513	1102.849861	0.370400	1.000000
2.8388483408256108830869	-7.4626480991946193555009	1100.807744	1104.363092	0.370400	1.000000
2.5901343597014796493738	-6.5325430841167282380866	1100.998384	1104.553732	0.370400	1.000000
3.1254543382267065965152	-7.2451077372671628396006	1100.642128	1104.197476	0.370400	1.000000
3.1193801411794876976558	-8.1267034044268164905134	1100.738739	1104.294087	0.370400	1.000000
3.0528592917167021170144	-8.3925007733204690651974	1100.924434	1104.479783	0.370400	1.000000
2.9725141946767137390850	-8.0393783160432317203004	1101.014039	1104.569387	0.370400	1.000000
3.0837568026879731419854	-7.9491704774876117411964	1100.848423	1104.403771	0.370400	1.000000
2.8858817087880681562240	-8.1096295393867556811074	1100.924660	1104.480008	0.370400	1.000000
3.2057378711180763986022	-7.6850727474563118590822	1100.354827	1103.910175	0.370400	1.000000
3.2057378711180763986022	-7.6850727474563118590822	1100.354827	1103.910175	0.370400	1.000000
2.6443670130559531195047	-7.4793985535358080696255	1099.438990	1102.994339	0.370400	1.000000
2.7253925906712512805541	-8.2991001014787659784133	1100.140182	1103.695530	0.370400	1.000000
2.7253925906712512805541	-8.2991001014787659784133	1100.140182	1103.695530	0.370400	1.000000
3.1246767756561566464768	-8.3573134740070003090295	1100.720856	1104.276204	0.370400	1.000000
3.0463521574844807382476	-7.6265001945987016540585	1100.930922	1104.486270	0.370400	1.000000
2.9455252869112080738034	-7.7771353561180678326537	1101.008956	1104.564304	0.370400	1.000000
2.9455252869112080738034	-7.7771353561180678326537	1101.008956	1104.564304	0.370400	1.000000
2.0892070598899046274255	-6.2778794866241991456945	1100.955178	1104.510526	0.370400	1.000000
2.5174170373087223495645	-6.5180616794547079351219	1101.007419	1104.562767	0.370400	1.000000
2.4740325590474347983161	-6.4867847451172142569931	1101.011804	1104.567152	0.370400	1.000000
2.9566366582824201714175	-7.8586956671632108850645	1101.013162	1104.568510	0.370400	1.000000
2.9476683935834677718901	-7.8659681303726785017716	1101.009778	1104.565126	0.370400	1.000000
3.0541712344629390329942	-7.7796038204420998596333	1100.918376	1104.473724	0.370400	1.000000
3.0009884496222989369585	-7.8227303180549316863335	1100.999083	1104.554431	0.370400	1.000000
2.7618581266931747641991	-7.0881727012715627367356	1100.605830	1104.161178	0.370400	1.000000
2.4036291121370454426653	-6.2782185784182535925879	1098.297305	1101.852653	0.370400	1.000000
3.3197916869835424336088	-7.4066284049980817272285	1099.610934	1103.166282	0.370400	1.000000
3.2921237410643726661874	-7.4745946220262995396411	1099.818882	1103.374230	0.370400	1.000000
3.0958591030273820976504	-6.7218002917763683967678	1099.739970	1103.295318	0.370400	1.000000
2.9473374211535454669786	-6.5386461501584305366919	1099.042795	1102.598143	0.370400	1.000000
2.8838951990258570035053	-6.5900921368501945707408	1100.170175	1103.725523	0.370400	1.000000
2.6892300517890066480220	-6.5793012398222785463986	1100.949764	1104.505112	0.370400	1.000000
3.0980191452613654590209	-7.5093248507518319811993	1100.791082	1104.346430	0.370400	1.000000
3.1325928941476974820546	-7.5541653715570165061877	1100.673915	1104.229263	0.370400	1.000000
2.8300562348937514656200	-8.0906830161851548410823	1100.750874	1104.306223	0.370400	1.000000
2.7835842383124171917075	-8.1130165032028074278969	1100.528566	1104.083914	0.370400	1.000000
3.1796632448971742235244	-7.7918317366819449532045	1100.487743	1104.043091	0.370400	1.000000
2.8784938264706871891008	-7.1815189010507349820500	1100.958993	1104.514342	0.371952	1.000000
2.9738900387832734040217	-7.5788514537859725805902	1101.013017	1104.568365	0.371952	1.000000
2.9081268204939370036755	-6.9871643841128801000195	1101.014385	1104.569733	0.371952	1.000000
2.8419379944030596085724	-7.0402617051066833653294	1100.930304	1104.485652	0.371952	1.000000
2.9221126921504261275686	-7.6100131256739063090322	1100.991079	1104.546427	0.371952	1.000000
1.8087337643187051394733	-6.2221230617646323679537	1100.725668	1104.281016	0.371952	1.000000
1.8087337643187051394733	-6.2221230617646323679537	1100.725668	1104.281016	0.371952	1.000000
3.0357332281377424898494	-8.0857278777628973642777	1100.955859	1104.511207	0.371952	1.000000
3.1697252017768842158318	-7.9782382113780840882100	1100.537358	1104.092706	0.371952	1.000000
2.6088716959558868602187	-6.7355643294179143865108	1100.504293	1104.059641	0.371952	1.000000
3.2473021893700457773946	-8.1146223251370983575725	1100.140414	1103.695762	0.371952	1.000000
2.6308045991564199539425	-8.1244393120081177528391	1099.222425	1102.777773	0.371952	1.000000
3.2918546063340410334774	-8.4742978377459134975425	1099.868545	1103.423893	0.371952	1.000000
3.1189950328444213667467	-8.2588185624509726778797	1100.740627	1104.295975	0.371952	1.000000
3.2177132115102007325902	-8.4883502689466574508970	1100.306272	1103.861620	0.371952	1.000000
3.2177132115102007325902	-8.4883502689466574508970	1100.306272	1103.861620	0.371952	1.000000
3.1864820719102344703799	-8.2875636350012698017053	1100.462684	1104.018032	0.371952	1.000000
3.1417166031665995085120	-8.2317609359179240158255	1100.656642	1104.211990	0.371952	1.000000
2.9934590765773547715867	-7.8443357364557586564047	1101.005059	1104.560407	0.371952	1.000000
2.7921994083539476427802	-8.0057882026483504489534	1100.576469	1104.131817	0.371952	1.000000
1.1230446766426374072267	-5.8941873856350124327719	1100.866055	1104.421403	0.371952	1.000000
2.9001120231184676079295	-7.3883687708823719830775	1100.969733	1104.525081	0.371952	1.000000
3.2311110925064383536665	-7.1055324210286725516994	1100.003329	1103.558677	0.371952	1.000000
2.3414573582067741419621	-6.3815662390760659050670	1100.941965	1104.497313	0.371952	1.000000
2.9422609091919307289231	-7.4209184894406430288427	1101.010697	1104.566045	0.371952	1.000000
3.1985333410715330870744	-7.7328922510075521756789	1100.394095	1103.949443	0.371952	1.000000
3.0948424600594210964744	-8.3996798053875760814435	1100.818672	1104.374020	0.371952	1.000000
3.0948424600594210964744	-8.3996798053875760814435	1100.818672	1104.374020	0.371952	1.000000
3.0948424600594210964744	-8.3996798053875760814435	1100.818672	1104.374020	0.371952	1.000000
2.7717963740333058098031	-7.6212643099683932135235	1100.477188	1104.032536	0.371952	1.000000
2.7658018151671055484542	-7.2408831848759245275460	1100.528954	1104.084302	0.371952	1.000000
2.8897018140515666750900	-8.0157589581517463273030	1100.933475	1104.488824	0.371952	1.000000
2.9842451349240715074984	-7.4447936294453720407205	1101.006853	1104.562201	0.371952	1.000000
2.1866657913656619705023	-6.4505656820386780836429	1099.746320	1103.301668	0.371952	1.000000
2.8409704034572742514797	-7.5814801347880544923896	1100.805238	1104.360586	0.371952	1.000000
2.6706827757331375039485	-7.7180865284129751557884	1099.673154	1103.228502	0.371952	1.000000
1.9141431801165968984435	-6.2313990918067840851791	1101.011152	1104.566500	0.371952	1.000000
2.9401382596832235094553	-6.7334470724799651009107	1100.685579	1104.240927	0.371952	1.000000
2.6583298106526260795590	-6.7910318923988901573807	1100.583301	1104.138649	0.371952	1.000000
2.6113242137905530171338	-7.7172092416765467604023	1099.004398	1102.559747	0.371952	1.000000
3.3801091842444543900115	-7.4427283353674553723067	1099.171933	1102.727281	0.371952	1.000000
3.2237532108093125415849	-7.5681586202222668191553	1100.248757	1103.804105	0.371952	1.000000
3.2358174708664404484182	-7.7916896920954075156374	1100.198540	1103.753888	0.371952	1.000000
2.7887409486823870885530	-8.1503388328825092656871	1100.556601	1104.111949	0.371952	1.000000
2.7771662087390880380156	-6.9937468569649352545525	1100.763995	1104.319343	0.371952	1.000000
2.4219004090369460335808	-6.5631706613535616412491	1100.387145	1103.942494	0.371952	1.000000
1.6829220176293939736922	-6.1003673524712711540019	1100.594442	1104.149790	0.371952	1.000000
2.8842301260263942808137	-7.4589196333156380092078	1100.935500	1104.490848	0.371952	1.000000
2.8842301260263942808137	-7.4589196333156380092078	1100.935500	1104.490848	0.371952	1.000000
2.7528966941563197678988	-7.0031213946421857485802	1100.646401	1104.201749	0.371952	1.000000
2.9142277922013271052037	-6.9702495332724989651751	1101.012335	1104.567683	0.371952	1.000000
2.1156981520285089715117	-6.3569245279896202660552	1100.695020	1104.250368	0.371952	1.000000
2.5334029577406345090651	-7.5498456799086550716993	1097.902491	1101.457839	0.371952	1.000000
2.8182170355365334657449	-8.3094338193005512493983	1100.700190	1104.255538	0.371952	1.000000
3.0345303858843060140771	-7.7745848313105261340183	1100.955689	1104.511037	0.371952	1.000000
2.9292943786982532650143	-7.6696856741931398460110	1100.997662	1104.553010	0.371952	1.000000
3.0910401706024930312822	-7.7652775352883605108900	1100.824799	1104.380147	0.371952	1.000000
1.8127598319467312926179	-6.1718284978021245024138	1100.948562	1104.503910	0.371952	1.000000
3.1271280476598857234194	-7.8102631235220769667649	1100.707009	1104.262357	0.371952	1.000000
3.2920382147929672100872	-8.0158330123355412411001	1099.863860	1103.419208	0.371952	1.000000
2.9116309929139769785422	-8.3663909698902489964212	1100.972735	1104.528083	0.371952	1.000000
2.9419410510500276778600	-8.3284686488298955708842	1101.005864	1104.561212	0.371952	1.000000
2.8719570376969860703298	-7.6142534753702193484060	1100.898317	1104.453666	0.371952	1.000000
3.4027766518736326517569	-7.1884248104979011628757	1098.828536	1102.383884	0.371952	1.000000
2.6021427479718139963438	-6.5958379295743023718046	1100.981310	1104.536658	0.371952	1.000000
2.9651342922021162173962	-7.7089091703239622788146	1101.014417	1104.569765	0.371952	1.000000
3.2128430329830885980869	-7.8488687560210115279347	1100.325483	1103.880831	0.371952	1.000000
3.2128430329830885980869	-7.8488687560210115279347	1100.325483	1103.880831	0.371952	1.000000
2.7357747764882009988696	-7.6977845529572697103049	1100.233728	1103.789076	0.371952	1.000000
2.7315809898671639111001	-7.3320690635022778280927	1100.272602	1103.827950	0.371952	1.000000
2.8776846972318841366700	-7.0507486534486352169893	1100.987886	1104.543234	0.371952	1.000000
2.8776846972318841366700	-7.0507486534486352169893	1100.987886	1104.543234	0.371952	1.000000
2.9157424651004282267763	-7.5461033292819408302421	1100.984877	1104.540225	0.371952	1.000000
2.7985178804213264314171	-8.0456518866514592502881	1100.608626	1104.163974	0.371952	1.000000
2.1539300509063465938198	-6.2499030402159885255742	1100.173159	1103.728508	0.371952	1.000000
2.9873218759794224475002	-6.8455966506188117293163	1100.782667	1104.338015	0.371952	1.000000
3.1601825562352967580182	-7.1584167904100803880851	1100.444227	1103.999575	0.371952	1.000000
2.9024360426177064908870	-7.3651835541806986995539	1100.974945	1104.530293	0.371952	1.000000
2.5890429670556338592746	-6.7720735751980294381269	1100.196765	1103.752113	0.371952	1.000000
2.7899363888418009516101	-6.5575508380469020863757	1100.449494	1104.004842	0.371952	1.000000
2.8933347282546075796006	-7.6221043850180638656866	1100.946549	1104.501897	0.371952	1.000000
2.7022359518136815914602	-7.3108511256896644425751	1100.057258	1103.612607	0.371952	1.000000
3.0938876240535000405885	-7.9570492164456538830564	1100.819559	1104.374907	0.371952	1.000000
3.1328976318756223129469	-7.9257550081988101808861	1100.687915	1104.243263	0.371952	1.000000
2.8642852653672639107185	-7.8508485146705595525418	1100.871164	1104.426512	0.371952	1.000000
3.2068698852006245481050	-8.3400082065577869627759	1100.362340	1103.917688	0.371952	1.000000
2.9767107151609164539252	-7.3458856749983398870540	1101.008668	1104.564016	0.371952	1.000000
2.7878575392649382891364	-6.8002223229230365220133	1100.989700	1104.545048	0.371952	1.000000
2.6139523949066472141567	-6.4171124373725598744045	1099.869170	1103.424518	0.371952	1.000000
3.1492342499306817948934	-7.6416013864314207282291	1100.614141	1104.169489	0.371952	1.000000
3.0093540378985172978332	-7.7538146550087407860019	1100.990367	1104.545715	0.371952	1.000000
2.9417828923241580163506	-7.9363354244585000429879	1101.006199	1104.561547	0.371952	1.000000
2.9514944470829478362361	-7.7180498006775577479743	1101.011884	1104.567232	0.371952	1.000000
3.1203481849187211238927	-7.9314870192637760837329	1100.733587	1104.288935	0.371952	1.000000
3.0296548215540370918575	-7.8307817637345351613476	1100.964212	1104.519560	0.371952	1.000000
2.9754644129774665550769	-7.8280947701252721060428	1101.013331	1104.568679	0.371952	1.000000
2.9947318018647099968632	-7.3978754198759375526606	1100.997326	1104.552674	0.371952	1.000000
3.0476511945184618923577	-8.1069812238294485240431	1100.934324	1104.489672	0.371952	1.000000
2.7669434761278686174535	-8.0163809861791435196210	1100.431853	1103.987201	0.371952	1.000000
3.2573953730390119432059	-7.6229356972937418746028	1100.061291	1103.616639	0.371952	1.000000
2.5633400432213653274971	-6.7449412998859488155290	1100.130074	1103.685422	0.373227	1.000000
2.6812375665277627945215	-7.6526969557292607859722	1099.782227	1103.337575	0.373227	1.000000
2.8245132282534766154924	-7.9234627091876772553292	1100.730006	1104.285354	0.373227	1.000000
3.0347067800241034341013	-7.7573045248867051881803	1100.955154	1104.510502	0.373227	1.000000
2.8559020463359474639731	-7.8986498213706983761995	1100.845152	1104.400500	0.373227	1.000000
3.1187088896872734444798	-7.6909007846125279073135	1100.733259	1104.288607	0.373227	1.000000
3.1187088896872734444798	-7.6909007846125279073135	1100.733259	1104.288607	0.373227	1.000000
3.1039931566960841102798	-7.1599755509133737874095	1100.688705	1104.244053	0.373227	1.000000
2.8762775198081191874167	-6.9165199674723192302395	1101.013580	1104.568928	0.373227	1.000000
2.6711619124254601942425	-6.7667715484881165721731	1100.721182	1104.276530	0.373227	1.000000
2.9669092615120487010927	-8.3438580037581431270155	1101.014414	1104.569762	0.373227	1.000000
2.9056304752091532961344	-8.3916272311937323280517	1100.963102	1104.518450	0.373227	1.000000
2.8287048914685111178358	-8.2943147711635596408541	1100.744524	1104.299872	0.373227	1.000000
3.1114043401303312919026	-8.4307575448870988310546	1100.766700	1104.322048	0.373227	1.000000
3.0992055696768723294099	-8.3215248751810122485040	1100.805389	1104.360737	0.373227	1.000000
2.6966942173323400488982	-7.6516241590099056679719	1099.923614	1103.478962	0.373227	1.000000
3.0675469097497152226595	-8.1207605120029722201025	1100.891190	1104.446538	0.373227	1.000000
3.1909719428292229181920	-8.2356505445297205625366	1100.440957	1103.996305	0.373227	1.000000
1.9589030436024623682556	-6.3084956191852930018626	1100.296466	1103.851814	0.373227	1.000000
2.4094211614622125239293	-6.3403951828895106501705	1100.048939	1103.604287	0.373227	1.000000
3.2939472601035704180106	-7.2023785003495541801044	1099.682027	1103.237375	0.373227	1.000000
2.9760159929575560333603	-6.8141940952088031480116	1100.761960	1104.317308	0.373227	1.000000
3.2895124583776369497912	-7.4149527086117492657991	1099.820766	1103.376114	0.373227	1.000000
3.3072265543605503523850	-7.4908418216751497809014	1099.720903	1103.276251	0.373227	1.000000
2.9635771310546283885401	-6.7171134741066165219081	1100.520526	1104.075874	0.373227	1.000000
3.1165490550683152548572	-7.3147475779612101121074	1100.697746	1104.253095	0.373227	1.000000
3.0671412813765144278477	-7.5185149665556370024433	1100.879291	1104.434639	0.373227	1.000000
2.6236194400761907452591	-7.8691193653466378066241	1099.144518	1102.699866	0.373227	1.000000
2.8018623970044367332832	-7.7019587237091133857803	1100.633964	1104.189312	0.373227	1.000000
2.6968131641786579066888	-8.4182605432406774070841	1099.901603	1103.456951	0.373227	1.000000
2.7906989486500175523531	-8.3440437494902344184311	1100.566231	1104.121579	0.373227	1.000000
2.7906989486500175523531	-8.3440437494902344184311	1100.566231	1104.121579	0.373227	1.000000
2.8641437687032977876811	-8.1683719539353170091545	1100.868215	1104.423563	0.373227	1.000000
3.3429809252382818307581	-8.4246834982049652040814	1099.517475	1103.072823	0.373227	1.000000
3.3139891629200421974133	-8.3880083171454362656050	1099.721030	1103.276378	0.373227	1.000000
3.5253312513348102896771	-8.2209422136348297982522	1097.987646	1101.542994	0.373227	1.000000
2.0491346349759012035463	-6.3535228553309419652351	1100.233361	1103.788709	0.373227	1.000000
2.1252947456445361318345	-6.2933182220381436167145	1100.961550	1104.516898	0.373227	1.000000
2.1252947456445361318345	-6.2933182220381436167145	1100.961550	1104.516898	0.373227	1.000000
2.1252947456445361318345	-6.2933182220381436167145	1100.961550	1104.516898	0.373227	1.000000
2.1252947456445361318345	-6.2933182220381436167145	1100.961550	1104.516898	0.373227	1.000000
2.8190306036374224163410	-8.0379258966966737887105	1100.705231	1104.260579	0.373227	1.000000
2.8607173127830045622488	-8.0642381337810604691185	1100.858520	1104.413868	0.373227	1.000000
1.1933054142544115006075	-5.9549274748400282675220	1100.960325	1104.515673	0.373227	1.000000
1.1969277522544736758192	-5.9595098075920978075715	1100.927573	1104.482921	0.373227	1.000000
1.1969277522544736758192	-5.9595098075920978075715	1100.927573	1104.482921	0.373227	1.000000
1.0106039111591478274477	-5.9007414560912181400454	1100.203454	1103.758802	0.373227	1.000000
1.5679573296024476025678	-6.1012788916368041469696	1101.002215	1104.557563	0.373227	1.000000
2.1080149001244525841514	-6.2464522844795054012934	1100.460830	1104.016179	0.373227	1.000000
2.1080149001244525841514	-6.2464522844795054012934	1100.460830	1104.016179	0.373227	1.000000
1.8839643964967305311831	-6.2042462668354980692698	1100.985751	1104.541099	0.373227	1.000000
1.8839643964967305311831	-6.2042462668354980692698	1100.985751	1104.541099	0.373227	1.000000
1.9032216746453658462457	-6.2492569186534216996165	1100.875726	1104.431075	0.373227	1.000000
2.7215217737397034980518	-6.4484976062120926698640	1099.532366	1103.087714	0.373227	1.000000
3.3182659203652882240476	-7.4753170793234664515126	1099.641026	1103.196374	0.373227	1.000000
2.7215176833411089951653	-6.4997905514368907731182	1100.291348	1103.846696	0.373227	1.000000
3.1342131269546369409795	-6.9934970352507219715221	1100.406888	1103.962236	0.373227	1.000000
2.9467432344953703449164	-6.7563437303331976835352	1100.729010	1104.284358	0.373227	1.000000
3.0233882403930154580962	-8.2753760111991869763415	1100.975114	1104.530462	0.373227	1.000000
3.1063528706870364715087	-8.2097923992627990230631	1100.782678	1104.338026	0.373227	1.000000
3.1812921480751885638938	-8.1505528357331336053448	1100.486398	1104.041746	0.373227	1.000000
3.1812921480751885638938	-8.1505528357331336053448	1100.486398	1104.041746	0.373227	1.000000
2.8504133337720936047788	-6.9630283957148710882734	1100.980621	1104.535970	0.373227	1.000000
2.8279170127754920116558	-6.9808117569015468717453	1100.930888	1104.486237	0.373227	1.000000
2.4898278283272601285603	-6.5531219214993638999545	1100.833590	1104.388938	0.373227	1.000000
2.9157911803950615770020	-7.8908068740618420022770	1100.979985	1104.535334	0.373227	1.000000
3.0044821024154182431687	-8.0030027312066369660215	1100.996607	1104.551955	0.373227	1.000000
3.1180472271757451174778	-7.9132294019530302620069	1100.741345	1104.296693	0.373227	1.000000
3.1069183924696357479434	-6.8383470083984772003305	1100.212075	1103.767423	0.373227	1.000000
3.1069183924696357479434	-6.8383470083984772003305	1100.212075	1103.767423	0.373227	1.000000
3.1455700767407472895343	-7.0241617428427414182579	1100.390889	1103.946237	0.373227	1.000000
3.1356273753947592197733	-6.9612448637904122961118	1100.348408	1103.903757	0.373227	1.000000
2.6504023202454773944226	-7.3448156891643732180341	1099.556812	1103.112160	0.373227	1.000000
3.1498839656939927600376	-7.2412571119426818455622	1100.536777	1104.092125	0.373227	1.000000
2.7480609367273616250316	-6.7024212958454123523211	1101.012824	1104.568172	0.373227	1.000000
2.8842063741877730365104	-7.1917908246138377847956	1100.966798	1104.522146	0.373227	1.000000
2.8764988688583383869002	-7.0920572837555369005713	1100.975956	1104.531304	0.373227	1.000000
2.9628687792655128419028	-7.0362682289460742879328	1100.988851	1104.544200	0.373227	1.000000
2.5273686997947764076855	-6.5439782658818774763176	1100.971681	1104.527029	0.373227	1.000000
2.4389933420265470509491	-6.4321816040655912516399	1100.960654	1104.516002	0.373227	1.000000
3.0447465892366003537006	-7.1984720342561354655686	1100.888392	1104.443740	0.373227	1.000000
3.0959741662627080494019	-7.1579765903517245106968	1100.717456	1104.272804	0.373227	1.000000
2.7888830673214668465221	-7.4792332497511218036834	1100.588349	1104.143697	0.373227	1.000000
2.7503897470401876823587	-7.4305384006625541104540	1100.371533	1103.926881	0.373227	1.000000
2.7503897470401876823587	-7.4305384006625541104540	1100.371533	1103.926881	0.373227	1.000000
2.9468377346986489584424	-7.0638859588577274095655	1101.007752	1104.563100	0.373227	1.000000
2.9468377346986489584424	-7.0638859588577274095655	1101.007752	1104.563100	0.373227	1.000000
2.8043472906453317250453	-7.5130552060632833644149	1100.660529	1104.215877	0.373227	1.000000
1.7747356646577137073706	-6.2105751294956590413676	1100.687420	1104.242768	0.373227	1.000000
1.8035905146811255228556	-6.1877653456189447567226	1101.012418	1104.567766	0.373227	1.000000
1.6525878183962814382824	-6.1252121474285967650530	1101.013038	1104.568386	0.373227	1.000000
2.3674484862451063982292	-6.6083454382433357565674	1099.317835	1102.873183	0.373227	1.000000
2.6455709935988673819907	-7.1671699238589061664584	1099.646400	1103.201748	0.373227	1.000000
2.8440019264322651260102	-7.0103100999917833391351	1100.948691	1104.504039	0.373227	1.000000
2.6368212943674511627989	-7.6850306530144223415846	1099.314915	1102.870263	0.373227	1.000000
3.0463961219740314234627	-7.3036600433002245580383	1100.906242	1104.461590	0.373227	1.000000
2.0279894690421431668881	-6.2474899205019758241519	1100.905043	1104.460391	0.373227	1.000000
2.4067983697147394828164	-6.3847744818963914070764	1100.739288	1104.294636	0.373227	1.000000
2.6535189779149686017945	-8.0759235740819228510645	1099.479280	1103.034628	0.373227	1.000000
2.6282485587000783411327	-8.0439559692849833538730	1099.193714	1102.749062	0.373227	1.000000
3.1934951996027334253370	-6.6992338664782851154200	1098.761369	1102.316717	0.375652	1.000000
2.5821071964145376753663	-7.4379370977534957631860	1098.683445	1102.238793	0.375652	1.000000
2.7234463932854073853207	-7.5922155870274812272669	1100.151594	1103.706942	0.375652	1.000000
3.0716686423502581604339	-8.1060091386020047821148	1100.881091	1104.436439	0.375652	1.000000
1.7716192292359198567908	-6.1815292760119620041337	1100.994957	1104.550305	0.375652	1.000000
2.6389933268378733544068	-6.7991966654019977411849	1100.440518	1103.995866	0.375652	1.000000
2.6361895931352603561493	-6.8179914682097413347606	1100.354753	1103.910101	0.375652	1.000000
2.7110482036253364945821	-7.6808921798172224981727	1100.043188	1103.598536	0.375652	1.000000
3.1233411550179361881874	-8.0247306710604409119014	1100.724064	1104.279412	0.375652	1.000000
1.7596415988166185240260	-6.2516114768454631445138	1099.356323	1102.911671	0.375652	1.000000
2.8014329251997134306862	-8.3021801337068925619178	1100.621657	1104.177005	0.375652	1.000000
2.8648642070526295633215	-6.9270133333167533962182	1101.007091	1104.562439	0.375652	1.000000
3.3183498805073563531209	-6.7932226588501389841213	1098.351582	1101.906930	0.375652	1.000000
2.3257873239463102699176	-6.3200257052244435129751	1100.296894	1103.852242	0.375652	1.000000
2.8763778758741795904541	-6.7321168385102572173651	1100.892002	1104.447350	0.375652	1.000000
2.8978301310053211636841	-6.8599890726114685080006	1100.995493	1104.550841	0.375652	1.000000
2.8978301310053211636841	-6.8599890726114685080006	1100.995493	1104.550841	0.375652	1.000000
2.3765777853539447050935	-6.7407376963220162480184	1097.754053	1101.309401	0.375652	1.000000
3.0821106729022025305653	-7.1876573895751860732162	1100.778201	1104.333549	0.375652	1.000000
2.7819064183438300119633	-7.4784163150797215990906	1100.551316	1104.106665	0.375652	1.000000
3.1069419951343837382751	-6.9369043507470182774455	1100.451717	1104.007065	0.375652	1.000000
2.9464689478347865225771	-6.7321052640859075921753	1100.655131	1104.210479	0.375652	1.000000
2.8276828519940382378195	-6.9012718530028003272037	1100.978139	1104.533487	0.375652	1.000000
2.6254097598998402673942	-6.6431266677887945704128	1100.920189	1104.475537	0.375652	1.000000
2.6650071729930537856035	-6.6120995882844617597129	1101.014388	1104.569736	0.375652	1.000000
3.4638223038446263046808	-7.3334379557357163292863	1098.417848	1101.973196	0.375652	1.000000
2.9992272797641148507353	-6.9473429763400842418264	1100.874372	1104.429720	0.375652	1.000000
3.0483982328740322209626	-7.8451078543694130473796	1100.931141	1104.486489	0.375652	1.000000
1.5356915207458066152668	-6.1355663032666631906409	1100.115303	1103.670651	0.375652	1.000000
2.8495440973480317126132	-7.9166987571316438376812	1100.824210	1104.379558	0.375652	1.000000
2.7282295921746499978155	-7.8931464637885158097674	1100.167800	1103.723149	0.375652	1.000000
3.6271019342397665674582	-7.4389078110764916829112	1096.880333	1100.435681	0.375652	1.000000
3.2115691122417460157124	-7.3444594275902215230190	1100.269287	1103.824635	0.375652	1.000000
3.2099466463355277312530	-7.3391382338723909484202	1100.276333	1103.831681	0.375652	1.000000
2.8991579322878715530010	-6.8206014072605363196544	1100.967653	1104.523001	0.375652	1.000000
2.7572672518060765689540	-6.8582776104298659447522	1100.858758	1104.414106	0.375652	1.000000
3.1232194015084311367048	-7.8802640730189903450764	1100.722621	1104.277969	0.375652	1.000000
3.1378717634143682424508	-8.2480752374164900686537	1100.671612	1104.226960	0.375652	1.000000
3.1378717634143682424508	-8.2480752374164900686537	1100.671612	1104.226960	0.375652	1.000000
2.9046539291910797864205	-8.4853844298264498036133	1100.961381	1104.516729	0.375652	1.000000
2.9717502365282539855684	-8.4328102261203383704924	1101.014186	1104.569534	0.375652	1.000000
2.9717502365282539855684	-8.4328102261203383704924	1101.014186	1104.569534	0.375652	1.000000
3.0327513746620398116249	-8.3850119732830563634707	1100.961246	1104.516594	0.375652	1.000000
3.2268516413563661515695	-7.8103648850350566590350	1100.249105	1103.804453	0.375652	1.000000
2.8394223006009182697085	-7.8465927020804233649187	1100.789760	1104.345108	0.375652	1.000000
3.0478719425065241566131	-7.6743099194853483524525	1100.929226	1104.484574	0.375652	1.000000
2.8366481419577587175240	-8.3401395090712142632583	1100.775559	1104.330907	0.375652	1.000000
3.0042613772906952007702	-8.4794934561160832942051	1100.997303	1104.552651	0.375652	1.000000
2.9589726670083074111517	-7.4794586036878225598912	1101.014359	1104.569707	0.375652	1.000000
2.8921523037054051030736	-6.9156525414069056623134	1101.013457	1104.568805	0.375652	1.000000
2.9093569248843733632270	-7.9108467575061691690053	1100.970421	1104.525769	0.375652	1.000000
2.8094185140511402920538	-8.1064010707509357445133	1100.661180	1104.216528	0.375652	1.000000
3.1028160452434514482434	-7.5254461337734177561742	1100.777057	1104.332405	0.375652	1.000000
2.9312228729192080223243	-6.8863031167220096762094	1100.967890	1104.523238	0.375652	1.000000
3.0174044275851970020597	-8.4757881535131396333327	1100.983093	1104.538441	0.375652	1.000000
2.3571670844120866661342	-7.6332742480592745693002	1093.994761	1097.550109	0.375652	1.000000
2.9977671151740694632792	-8.0645420414659483299147	1101.002486	1104.557834	0.375652	1.000000
2.6707195288902112473295	-8.4357250170702045011240	1099.654730	1103.210078	0.375652	1.000000
2.8954628854959794104218	-7.3059992527436143916475	1100.969393	1104.524741	0.375652	1.000000
3.0667246697558296908426	-8.1479096275716038633163	1100.893246	1104.448595	0.375652	1.000000
3.1738854054544756166933	-8.2500414473786474189865	1100.520933	1104.076281	0.375652	1.000000
2.8192676413341870578222	-7.8138080908095526311286	1100.709972	1104.265320	0.375652	1.000000
2.6778359408437895083921	-7.3026663347512972279674	1099.849219	1103.404567	0.375652	1.000000
3.1476186890526447470506	-7.8241078825938403795703	1100.628357	1104.183705	0.375652	1.000000
2.8427293700707711998632	-7.8244369051374054180314	1100.802165	1104.357513	0.375652	1.000000
3.1953172893201733373303	-8.0621950896048950596651	1100.418500	1103.973848	0.375652	1.000000
3.1222022482550890742914	-7.2833099051683705127402	1100.667674	1104.223022	0.375652	1.000000
2.9567627102377147529921	-8.4582380000789711971265	1101.012911	1104.568259	0.375652	1.000000
2.9567627102377147529921	-8.4582380000789711971265	1101.012911	1104.568259	0.375652	1.000000
2.9567627102377147529921	-8.4582380000789711971265	1101.012911	1104.568259	0.375652	1.000000
2.8572729821094089430744	-8.3313111631948171265094	1100.846990	1104.402339	0.375652	1.000000
3.1020007582614854690917	-8.4209511410855633073425	1100.796914	1104.352262	0.375652	1.000000
3.1681310745857760302613	-8.3691338524811200727527	1100.547019	1104.102367	0.375652	1.000000
2.9497332127010249536170	-7.8914930000182055280789	1101.010691	1104.566039	0.375652	1.000000
3.1551134723889826538823	-7.6312268132701701617293	1100.588897	1104.144245	0.375652	1.000000
3.0272357066529158586832	-7.2647604384760500195739	1100.939976	1104.495324	0.375652	1.000000
2.4057640749094701959621	-6.3177051721976171805295	1099.548255	1103.103603	0.375652	1.000000
2.6318602684939551572540	-6.9010646823623815748761	1100.044858	1103.600206	0.375652	1.000000
3.0898651457352417359914	-7.3694929006467058130170	1100.799940	1104.355288	0.375652	1.000000
3.2181603787441508401912	-6.8747515002257513216932	1099.605334	1103.160682	0.375652	1.000000
2.6977649387296112060142	-8.2262642365895608520532	1099.911058	1103.466406	0.375652	1.000000
3.1341573061754584017535	-8.3681133272620158436439	1100.686061	1104.241409	0.375652	1.000000
3.1743935219180303697328	-8.4194636342041757615107	1100.519126	1104.074474	0.375652	1.000000
3.0100011588399917528136	-8.2224291249908194600948	1100.991450	1104.546799	0.375652	1.000000
2.6844612193111365705533	-7.5667983203282993542871	1099.824483	1103.379831	0.375652	1.000000
2.9789777378935093921086	-7.3360259863911458921848	1101.007039	1104.562387	0.375652	1.000000
3.2371530287218881483113	-8.3166899687851199018951	1100.199679	1103.755027	0.375652	1.000000
3.0891697088237459745130	-8.4383961604085211405391	1100.835222	1104.390570	0.375652	1.000000
2.7429089085064699560235	-8.3469091028138908683331	1100.269953	1103.825301	0.375652	1.000000
2.7429089085064699560235	-8.3469091028138908683331	1100.269953	1103.825301	0.375652	1.000000
2.6929524632392736194220	-7.8416684239274347945070	1099.876282	1103.431630	0.375652	1.000000
2.8537490427736877940390	-7.7156741261308940948993	1100.842139	1104.397487	0.375652	1.000000
3.1415709404352321065801	-7.6971755354992845710171	1100.648096	1104.203444	0.375652	1.000000
3.1543764645851020134160	-7.9676197195986642185517	1100.603391	1104.158739	0.375652	1.000000
3.3383111696386822409011	-8.2023610685924683849635	1099.549878	1103.105227	0.375652	1.000000
2.7688313056202562556507	-8.3264945946359318895702	1100.441059	1103.996407	0.375652	1.000000
3.0734216273270384967020	-7.1588170631246814679116	1100.794501	1104.349849	0.375652	1.000000
3.0734216273270384967020	-7.1588170631246814679116	1100.794501	1104.349849	0.375652	1.000000
3.0734216273270384967020	-7.1588170631246814679116	1100.794501	1104.349849	0.375652	1.000000
3.2862277825676726727977	-8.2599919540489654679050	1099.904014	1103.459362	0.375652	1.000000
3.2862277825676726727977	-8.2599919540489654679050	1099.904014	1103.459362	0.376667	1.000000
2.9513919516303022128056	-8.3640998855440660264549	1101.011036	1104.566384	0.376667	1.000000
2.6008777059692982369654	-8.3329391228036957528502	1098.845972	1102.401320	0.376667	1.000000
3.0735915877368285009652	-8.0373995134549662822110	1100.875926	1104.431274	0.376667	1.000000
2.8699956828876813652585	-7.8084720043652966481318	1100.887826	1104.443174	0.376667	1.000000
3.1517708256584513470955	-8.4944384122487441857174	1100.616930	1104.172278	0.376667	1.000000
3.1517708256584513470955	-8.4944384122487441857174	1100.616930	1104.172278	0.376667	1.000000
2.6889441359481982551927	-7.5666920032941824558748	1099.865673	1103.421021	0.376667	1.000000
2.5858143579918881904689	-6.6405236406587926367706	1100.801116	1104.356464	0.376667	1.000000
2.5673239460623262786498	-6.6164230308902194366283	1100.829357	1104.384705	0.376667	1.000000
3.3102949008009634468408	-7.2743845978896795045898	1099.618170	1103.173518	0.376667	1.000000
3.6189167696835893295315	-7.9229778044644092460658	1097.054571	1100.609919	0.376667	1.000000
3.1148213366243915345422	-8.0741548414829402702253	1100.754061	1104.309409	0.376667	1.000000
2.9997463624933446979526	-7.3714766153758963795894	1100.991073	1104.546421	0.376667	1.000000
3.0243702001847281302105	-7.8037021625117048984066	1100.971864	1104.527212	0.376667	1.000000
2.9280096217797937363514	-7.8776316939877668588110	1100.994752	1104.550100	0.376667	1.000000
3.1225478524068455143947	-7.7283785400267941412267	1100.721102	1104.276450	0.376667	1.000000
1.7820457387142261129753	-6.2068960841792710780851	1100.793495	1104.348843	0.376667	1.000000
3.1105842263871918973450	-7.3254028825292634152788	1100.722080	1104.277428	0.376667	1.000000
2.4487621345407966089169	-6.4627765639500394101447	1101.013920	1104.569268	0.376667	1.000000
2.4487621345407966089169	-6.4627765639500394101447	1101.013920	1104.569268	0.376667	1.000000
2.4938557689388822780074	-6.3602396930968083665903	1099.750642	1103.305990	0.376667	1.000000
1.5962034300722602875311	-6.1663349244926015657597	1099.921859	1103.477207	0.376667	1.000000
1.6918630468462814153696	-6.0929431831150830944921	1100.329875	1103.885223	0.376667	1.000000
1.6918630468462814153696	-6.0929431831150830944921	1100.329875	1103.885223	0.376667	1.000000
1.6918630468462814153696	-6.0929431831150830944921	1100.329875	1103.885223	0.376667	1.000000
1.6918630468462814153696	-6.0929431831150830944921	1100.329875	1103.885223	0.376667	1.000000
2.8228076761048463971804	-7.0405062754098386434976	1100.882056	1104.437404	0.376667	1.000000
3.0109505968922198881899	-7.8243325789007833748201	1100.989177	1104.544526	0.376667	1.000000
2.9185067276646701195375	-7.7038402055433090609426	1100.985300	1104.540648	0.376667	1.000000
2.7623578576471139456316	-7.5003140214629917537081	1100.434397	1103.989745	0.376667	1.000000
2.7323797655171535581076	-7.5233137412903348106852	1100.228693	1103.784041	0.376667	1.000000
2.7323797655171535581076	-7.5233137412903348106852	1100.228693	1103.784041	0.376667	1.000000
3.3067509732470568017959	-8.2719555991643431980265	1099.769466	1103.324814	0.376667	1.000000
3.0568577957872431483111	-8.4636780424547257695167	1100.916082	1104.471430	0.376667	1.000000
3.0568577957872431483111	-8.4636780424547257695167	1100.916082	1104.471430	0.376667	1.000000
2.7532844542260530573685	-8.0679971528683118719982	1100.343364	1103.898712	0.376667	1.000000
1.9836620136320481933012	-6.3147765995274651729119	1100.397398	1103.952746	0.376667	1.000000
3.4766644807455704402344	-7.8818817879786502444972	1098.425393	1101.980741	0.376667	1.000000
2.9947987662901778271873	-8.0430849489328775092645	1101.004639	1104.559987	0.376667	1.000000
2.9947987662901778271873	-8.0430849489328775092645	1101.004639	1104.559987	0.376667	1.000000
1.5990307180559235611383	-6.1112721497817075189118	1101.008756	1104.564104	0.376667	1.000000
2.3017890374727514313236	-6.3747485144946480772887	1100.989670	1104.545018	0.376667	1.000000
2.9132573689402372352220	-7.7223054689800969541125	1100.978026	1104.533374	0.376667	1.000000
2.6855762846189454862156	-8.1844413696733830931862	1099.800258	1103.355606	0.376667	1.000000
2.6181366804990582330959	-8.2112728183406993309745	1099.068084	1102.623432	0.376667	1.000000
2.1143435773321570536609	-6.3110372101438478864566	1101.012749	1104.568097	0.376667	1.000000
2.7465866136793821716822	-7.1351098568728090754121	1100.482773	1104.038121	0.376667	1.000000
2.7940124253196696457735	-7.1152789699689238389624	1100.735671	1104.291019	0.376667	1.000000
3.3262354765677089041276	-6.7069480791540048159050	1097.524085	1101.079433	0.376667	1.000000
3.3262354765677089041276	-6.7069480791540048159050	1097.524085	1101.079433	0.376667	1.000000
3.4572622405196087314039	-6.8621261357269389691282	1097.406413	1100.961761	0.376667	1.000000
2.7550315689914959271789	-7.0348726256114648691664	1100.621618	1104.176966	0.376667	1.000000
2.7522076092034404304343	-6.6108024680977495179945	1100.898270	1104.453618	0.376667	1.000000
3.0325319997876638566936	-6.9761804148855350860003	1100.804995	1104.360343	0.376667	1.000000
2.9821614384201113878703	-6.8576531206049367028754	1100.818755	1104.374103	0.376667	1.000000
3.4390803559577682868564	-7.2913040858319178028069	1098.608736	1102.164084	0.376667	1.000000
2.4268544882605573853596	-6.5916325489156255557077	1100.148619	1103.703967	0.376667	1.000000
2.4831444213531428388819	-6.5484459216740793507938	1100.832667	1104.388015	0.376667	1.000000
2.4283484877741323693101	-6.4272884225562645355012	1100.962410	1104.517758	0.376667	1.000000
2.8527861140616121993219	-7.2681844310075982562580	1100.882214	1104.437562	0.376667	1.000000
2.6869367999031497085127	-6.9536224874223213632263	1100.336527	1103.891875	0.376667	1.000000
3.3629422782874907049688	-8.2372267279879576307167	1099.369432	1102.924780	0.376667	1.000000
2.5900750297072012706678	-6.4912974935792897568376	1100.854063	1104.409411	0.376667	1.000000
2.7770424813663781016260	-6.9649731547442055301644	1100.793351	1104.348699	0.376667	1.000000
3.0067856389696587804394	-7.1092261295121375042072	1100.943945	1104.499293	0.376667	1.000000
2.4640421146916251515790	-6.4018081480807529359822	1100.646036	1104.201384	0.376667	1.000000
3.0937087847928705919287	-7.6031264690618201029793	1100.810840	1104.366188	0.376667	1.000000
2.6419595160127022914764	-6.7828036087131335918343	1100.517341	1104.072689	0.376667	1.000000
2.5766649610993148655780	-6.6933299379834982900661	1100.507497	1104.062845	0.376667	1.000000
3.0360068290866846218989	-7.3175482612105389179646	1100.930345	1104.485693	0.376667	1.000000
3.0759371111210001004110	-7.4869257022578752369668	1100.854075	1104.409423	0.376667	1.000000
3.2080658205738044053135	-7.5059133154501687101856	1100.324583	1103.879931	0.376667	1.000000
2.9512472590659828419746	-7.3839438096048821691397	1101.013904	1104.569252	0.376667	1.000000
2.6431277342237353700227	-6.9823373738699805457486	1099.927882	1103.483230	0.376667	1.000000
3.2281178866216664324895	-6.9031729567755411025587	1099.628870	1103.184218	0.376667	1.000000
2.3173265287574174031704	-6.3357850046978398950159	1100.609275	1104.164623	0.376667	1.000000
1.7065233745262868847448	-6.1286205955726975602715	1100.912635	1104.467983	0.376667	1.000000
2.7141947102196386509831	-8.1292833507580137819559	1100.052144	1103.607492	0.376667	1.000000
2.7141947102196386509831	-8.1292833507580137819559	1100.052144	1103.607492	0.376667	1.000000
2.7141947102196386509831	-8.1292833507580137819559	1100.052144	1103.607492	0.376667	1.000000
2.7141947102196386509831	-8.1292833507580137819559	1100.052144	1103.607492	0.376667	1.000000
2.3486559804023783293303	-6.4076414841669073751973	1101.011754	1104.567102	0.376667	1.000000
3.1064929398702298968260	-7.1285624261368161214136	1100.661552	1104.216900	0.376667	1.000000
3.2161167431561441532040	-7.5606234979836663967490	1100.289255	1103.844603	0.376667	1.000000
3.2907694229341424296820	-7.5033486483431071079053	1099.833849	1103.389197	0.376667	1.000000
3.1441800256249816669651	-7.7529543968599661241115	1100.639996	1104.195344	0.376667	1.000000
2.5497462788514546616625	-6.4111755415276272529468	1100.254694	1103.810042	0.376667	1.000000
3.0377969458577394057386	-7.3468251947036335991470	1100.930284	1104.485632	0.376667	1.000000
2.8826138955742215408407	-7.2852753703084713876592	1100.949329	1104.504677	0.376667	1.000000
3.1441852156255203354362	-7.5986806342304067385385	1100.631830	1104.187178	0.376667	1.000000
3.2209702773340920245460	-7.3667687028276533922622	1100.224577	1103.779926	0.376667	1.000000
3.3427304247754201504961	-7.0513564061168905183763	1099.123085	1102.678433	0.376667	1.000000
1.0833484386198941606949	-5.8910044261743381710517	1101.009035	1104.564383	0.376667	1.000000
1.0833484386198941606949	-5.8910044261743381710517	1101.009035	1104.564383	0.376667	1.000000
1.0833484386198941606949	-5.8910044261743381710517	1101.009035	1104.564383	0.376667	1.000000
1.0833484386198941606949	-5.8910044261743381710517	1101.009035	1104.564383	0.376667	1.000000
1.0599927853115509446269	-5.9089232943980967149855	1100.713098	1104.268446	0.376667	1.000000
1.1680171955918374759875	-5.8260450658507414445353	1096.448312	1100.003660	0.376667	1.000000
1.0485096927084167628408	-5.9177333251191504004396	1100.267651	1103.823000	0.376667	1.000000
1.0485096927084167628408	-5.9177333251191504004396	1100.267651	1103.823000	0.375200	1.000000
1.0485096927084167628408	-5.9177333251191504004396	1100.267651	1103.823000	0.375200	1.000000
1.0502808351553287735669	-5.9163764361949846559696	1100.349917	1103.905265	0.375200	1.000000
1.0502808351553287735669	-5.9163764361949846559696	1100.349917	1103.905265	0.375200	1.000000
0.7633386086828534144999	-5.7231569824767536402987	1101.009529	1104.564877	0.375200	1.000000
0.7633386086828534144999	-5.7231569824767536402987	1101.009529	1104.564877	0.375200	1.000000
0.4303042708923093817575	-5.5033317055784172211474	1100.210070	1103.765418	0.375200	1.000000
0.1468182210785111407869	-5.0020309211745441757557	1100.991880	1104.547228	0.375200	1.000000
0.1468182210785111407869	-5.0020309211745441757557	1100.991880	1104.547228	0.375200	1.000000
0.1468182210785111407869	-5.0020309211745441757557	1100.991880	1104.547228	0.375200	1.000000
0.1468182210785111407869	-5.0020309211745441757557	1100.991880	1104.547228	0.375200	1.000000
0.1468182210785111407869	-5.0020309211745441757557	1100.991880	1104.547228	0.375200	1.000000
0.1628260802908343685136	-5.0745041164273185785305	1100.304622	1103.859970	0.375200	1.000000
0.1628260802908343685136	-5.0745041164273185785305	1100.304622	1103.859970	0.375200	1.000000
0.1983747635633278938450	-5.1209056904651255592853	1100.991758	1104.547106	0.375200	1.000000
0.1983747635633278938450	-5.1209056904651255592853	1100.991758	1104.547106	0.375200	1.000000
0.2036649725135074862070	-5.1278109820168706889376	1100.946254	1104.501602	0.375200	1.000000
0.2036649725135074862070	-5.1278109820168706889376	1100.946254	1104.501602	0.375200	1.000000
0.1976384536898919408454	-5.1324279548963227526315	1100.985045	1104.540393	0.375200	1.000000
0.1976384536898919408454	-5.1324279548963227526315	1100.985045	1104.540393	0.375200	1.000000
0.1976384536898919408454	-5.1324279548963227526315	1100.985045	1104.540393	0.375200	1.000000
0.1586950022890678546617	-5.0296234418592620230015	1101.014397	1104.569745	0.375200	1.000000
0.1586950022890678546617	-5.0296234418592620230015	1101.014397	1104.569745	0.375200	1.000000
0.1586950022890678546617	-5.0296234418592620230015	1101.014397	1104.569745	0.375200	1.000000
0.1586950022890678546617	-5.0296234418592620230015	1101.014397	1104.569745	0.375200	1.000000
0.7879620799933438890505	-5.7545142692654254190643	1100.917718	1104.473066	0.375200	1.000000
0.7879620799933438890505	-5.7545142692654254190643	1100.917718	1104.473066	0.375200	1.000000
0.7879620799933438890505	-5.7545142692654254190643	1100.917718	1104.473066	0.375200	1.000000
0.1741546346142191503681	-5.0691470102094378091806	1101.013607	1104.568955	0.375200	1.000000
0.5169648485003250915071	-5.5166160036070328587243	1100.451369	1104.006717	0.375200	1.000000
0.5169648485003250915071	-5.5166160036070328587243	1100.451369	1104.006717	0.375200	1.000000
0.5169648485003250915071	-5.5166160036070328587243	1100.451369	1104.006717	0.375200	1.000000
0.3957512965467855914348	-5.4128946222819198652587	1100.848958	1104.404306	0.375200	1.000000
0.2890134321207109557861	-5.2735700548756145877860	1100.826408	1104.381756	0.375200	1.000000
0.4549147606534343912799	-5.4901204885407128841734	1101.012947	1104.568295	0.375200	1.000000
0.4549147606534343912799	-5.4901204885407128841734	1101.012947	1104.568295	0.375200	1.000000
0.2793499693270636852205	-5.2609563701198709395612	1100.870493	1104.425842	0.375200	1.000000
0.6306135100967289464080	-5.6331646093965268562442	1100.999281	1104.554629	0.375200	1.000000
0.6306135100967289464080	-5.6331646093965268562442	1100.999281	1104.554629	0.375200	1.000000
0.6291465943082382716867	-5.6312498492619500467526	1100.993968	1104.549316	0.375200	1.000000
1.4355495867234497886500	-6.0577195730973967258137	1100.942950	1104.498298	0.375200	1.000000
0.5670339571251656884954	-5.6109729848449525491105	1100.768290	1104.323638	0.375200	1.000000
0.5562893369312822411388	-5.6192045396591145944853	1100.182335	1103.737683	0.375200	1.000000
0.5990159012534704841002	-5.5864713159720524870977	1100.575085	1104.130433	0.375200	1.000000
0.5990159012534704841002	-5.5864713159720524870977	1100.575085	1104.130433	0.375200	1.000000
0.5990159012534704841002	-5.5864713159720524870977	1100.575085	1104.130433	0.375200	1.000000
0.5990159012534704841002	-5.5864713159720524870977	1100.575085	1104.130433	0.375200	1.000000
0.3692365208425959499650	-5.4145398986440032018663	1100.875659	1104.431007	0.375200	1.000000
0.2783369365989611932122	-5.2727296056443169192107	1101.011050	1104.566398	0.375200	1.000000
0.2783369365989611932122	-5.2727296056443169192107	1101.011050	1104.566398	0.375200	1.000000
0.2783369365989611932122	-5.2727296056443169192107	1101.011050	1104.566398	0.375200	1.000000
1.4378310670216674083122	-6.1070738148881220652697	1099.625775	1103.181123	0.375200	1.000000
1.3729410692670600546705	-6.0034518266750493964423	1100.929307	1104.484655	0.375200	1.000000
1.3729410692670600546705	-6.0034518266750493964423	1100.929307	1104.484655	0.375200	1.000000
1.3996398855875620270695	-5.9829976118168488596893	1100.240079	1103.795427	0.375200	1.000000
1.4097997593728748277897	-5.9962592601330539920923	1100.520224	1104.075572	0.375200	1.000000
1.4379043808321319009025	-6.1020762704321054314960	1099.839209	1103.394557	0.375200	1.000000
1.4379043808321319009025	-6.1020762704321054314960	1099.839209	1103.394557	0.375200	1.000000
3.0812749386936397755221	-6.9198046658958611843104	1100.542905	1104.098253	0.375200	1.000000
2.8411478378655456999979	-6.6231610595213021852601	1100.636767	1104.192115	0.375200	1.000000
2.8000743118112878526915	-7.3103138169401677970427	1100.678260	1104.233608	0.375200	1.000000
2.6409083412515648170427	-6.9997935561181066077552	1099.868946	1103.424294	0.375200	1.000000
3.1946223380639984235074	-7.8741097356400162610157	1100.418668	1103.974016	0.375200	1.000000
3.1946223380639984235074	-7.8741097356400162610157	1100.418668	1103.974016	0.375200	1.000000
2.9364014602454862057357	-8.3337933412296720803170	1101.001705	1104.557053	0.375200	1.000000
3.1542071243474913977423	-8.1669303688268666263639	1100.605926	1104.161274	0.375200	1.000000
2.9481617821362520182049	-8.3247836477710670521901	1101.009544	1104.564892	0.375200	1.000000
2.9481617821362520182049	-8.3247836477710670521901	1101.009544	1104.564892	0.375200	1.000000
2.9481617821362520182049	-8.3247836477710670521901	1101.009544	1104.564892	0.375200	1.000000
2.8640788431863501983798	-8.3892003799042278444631	1100.867533	1104.422881	0.375200	1.000000
2.8640788431863501983798	-8.3892003799042278444631	1100.867533	1104.422881	0.375200	1.000000
2.9971523599974707607885	-8.2872515042643417615409	1101.003172	1104.558520	0.375200	1.000000
2.8840834614499013532907	-8.3365061333306496038631	1100.920028	1104.475376	0.375200	1.000000
2.3478706252975709567465	-6.3939174945085994750116	1100.982822	1104.538170	0.375200	1.000000
3.5450913991105421629868	-7.7588568457074469364443	1097.781128	1101.336476	0.375200	1.000000
2.5789508632668067811267	-6.6908307882751616446626	1100.534168	1104.089516	0.375200	1.000000
2.9622128940683833953074	-7.1911013991948156132139	1101.009749	1104.565098	0.375200	1.000000
2.6730610675257446828823	-6.6815037943850743573648	1100.944437	1104.499786	0.375200	1.000000
3.0166294628152243717523	-7.3412076437390387795290	1100.967031	1104.522379	0.375200	1.000000
2.8181262040972478999379	-7.4932828614239745945724	1100.724212	1104.279560	0.375200	1.000000
2.7209219095453454073663	-7.3812235102677608011845	1100.176820	1103.732168	0.375200	1.000000
2.8394497370063911390048	-7.2846400422370116700677	1100.838478	1104.393826	0.375200	1.000000
2.9467436903078096932518	-8.3172157315359793727794	1101.008799	1104.564148	0.375200	1.000000
2.9478461821434134293440	-6.8682665489934553448848	1100.922122	1104.477470	0.375200	1.000000
2.9054908086810544709522	-6.9007153998637900116364	1101.004222	1104.559570	0.375200	1.000000
2.9054908086810544709522	-6.9007153998637900116364	1101.004222	1104.559570	0.375200	1.000000
2.8388869970550505428264	-6.9471257507163057809407	1100.970706	1104.526054	0.375200	1.000000
3.0829898792720022981939	-7.3287743648440697441515	1100.813939	1104.369287	0.375200	1.000000
2.8596414099682987419726	-6.9581249341902156047013	1100.993854	1104.549202	0.375200	1.000000
2.6014465349250364134548	-6.4265247644394509762833	1100.125146	1103.680494	0.375200	1.000000
2.8448680148310288018365	-6.7442619851311178535980	1100.974539	1104.529887	0.375200	1.000000
3.4108204030508404436262	-8.2480759170625432830093	1098.995140	1102.550488	0.375200	1.000000
3.0035627334606433969100	-7.5478738526088600124808	1100.993369	1104.548717	0.375200	1.000000
3.0617212778781550674978	-7.9612808811187658619701	1100.903881	1104.459229	0.375200	1.000000
2.3227473481531291099600	-6.4571922691327232612934	1100.759380	1104.314728	0.375200	1.000000
2.1851422454424609398416	-6.3357881811005425376493	1101.013922	1104.569270	0.375200	1.000000
2.1851422454424609398416	-6.3357881811005425376493	1101.013922	1104.569270	0.375200	1.000000
2.7968633498507258217103	-7.3711026979298539529850	1100.647973	1104.203321	0.375200	1.000000
2.7586742576938911852835	-7.2512170863307057189218	1100.483094	1104.038442	0.375200	1.000000
3.0510105517105490235963	-6.7907264137777803014728	1100.362426	1103.917774	0.375200	1.000000
2.7387020549955161108358	-6.5839603461072497836426	1100.837463	1104.392811	0.375154	1.000000
2.6389311176957601645654	-7.4064410285364896679994	1099.404513	1102.959861	0.375154	1.000000
2.8628002680482462771749	-7.2196740360641911138373	1100.918489	1104.473837	0.375154	1.000000
2.8432031248758655728182	-7.1464777088529363169300	1100.889552	1104.444900	0.375154	1.000000
2.8432031248758655728182	-7.1464777088529363169300	1100.889552	1104.444900	0.375154	1.000000
2.8432031248758655728182	-7.1464777088529363169300	1100.889552	1104.444900	0.375154	1.000000
2.9796298230287607822220	-6.9931080251654273993722	1100.948297	1104.503645	0.375154	1.000000
2.8823219135782141009372	-6.9322439730614124897556	1101.013674	1104.569022	0.375154	1.000000
3.0549117536245229409531	-7.3973748282116069674430	1100.898730	1104.454078	0.375154	1.000000
3.0551213074328011920500	-7.4340736267641656098704	1100.901749	1104.457097	0.375154	1.000000
1.5120809756994799677443	-6.0474161162943085301436	1100.789340	1104.344688	0.375154	1.000000
2.9597615267665804417163	-7.4917177552504057302940	1101.014381	1104.569729	0.375154	1.000000
2.9271922700602819311655	-7.8512045577895950287939	1100.994040	1104.549388	0.375154	1.000000
3.0017216097108998518195	-7.7890270733279098891444	1100.998231	1104.553580	0.375154	1.000000
3.2230887088373814108877	-8.0946386249842134930077	1100.275682	1103.831030	0.375154	1.000000
2.8783419493949091716445	-7.1806773559177203836157	1100.958893	1104.514241	0.375154	1.000000
3.0095211661054079854694	-7.2579266891559726104788	1100.969012	1104.524360	0.375154	1.000000
3.0095211661054079854694	-7.2579266891559726104788	1100.969012	1104.524360	0.375154	1.000000
1.9593058439819739380283	-6.2248268944240718880678	1100.933965	1104.489314	0.375154	1.000000
2.8404337586934342851919	-7.4150286125257585112536	1100.818944	1104.374292	0.375154	1.000000
1.9071288658384886183228	-6.2963182311169871852030	1100.030230	1103.585578	0.375154	1.000000
2.3509338832673454255939	-6.5704865761122555056772	1099.639170	1103.194518	0.375154	1.000000
2.2862235481033938988560	-6.5149336059369922224960	1099.738282	1103.293630	0.375154	1.000000
2.2862235481033938988560	-6.5149336059369922224960	1099.738282	1103.293630	0.375154	1.000000
2.7245472121892126970977	-6.9744311181007274669241	1100.535559	1104.090907	0.375154	1.000000
3.1657545216384703756773	-7.4385488836376287835606	1100.520663	1104.076011	0.375154	1.000000
2.9989024294120310010214	-7.7523867800894006307999	1101.000423	1104.555772	0.375154	1.000000
3.2387019444797817691040	-7.8422312459664889061628	1100.184223	1103.739571	0.375154	1.000000
3.1507038236303919198633	-8.0942369518776402514959	1100.619894	1104.175242	0.375154	1.000000
2.2386265575810804229206	-6.3819667214005288968792	1100.968836	1104.524184	0.375154	1.000000
2.2411160300087451524575	-6.3868647793972934678663	1100.951438	1104.506786	0.375154	1.000000
3.3623936858701757302015	-7.5577610767816967296540	1099.336461	1102.891809	0.375154	1.000000
2.7853423584681236135907	-7.4614023007606871118469	1100.572482	1104.127830	0.375154	1.000000
2.8325606916466412599220	-8.4235876182553521829277	1100.759640	1104.314988	0.375154	1.000000
2.8723701119930002967351	-8.4713053706857568414534	1100.890659	1104.446007	0.375154	1.000000
2.8723701119930002967351	-8.4713053706857568414534	1100.890659	1104.446007	0.375154	1.000000
2.8723701119930002967351	-8.4713053706857568414534	1100.890659	1104.446007	0.375154	1.000000
2.9889365486476959787865	-8.3740576580691161723280	1101.008532	1104.563880	0.375154	1.000000
2.9889365486476959787865	-8.3740576580691161723280	1101.008532	1104.563880	0.375154	1.000000
2.6776722012992637544926	-7.1180216833804843545863	1100.003072	1103.558421	0.375154	1.000000
3.0965340871951911871918	-7.6200924897327855234153	1100.803095	1104.358443	0.375154	1.000000
2.8865911441296492334629	-8.3648250820421292672791	1100.925715	1104.481063	0.375154	1.000000
2.9776820509840966622050	-8.4746640837468820706135	1101.013090	1104.568438	0.375154	1.000000
3.1747179066745738751365	-7.3843893008914767150941	1100.468081	1104.023429	0.375154	1.000000
2.6506933121242490791758	-6.5236528026421671810908	1100.833780	1104.389128	0.375154	1.000000
2.6014340806043261267178	-6.5647482305204034602752	1101.014083	1104.569431	0.375154	1.000000
2.4007104740515194940542	-6.5348876724290825279695	1100.504596	1104.059944	0.375154	1.000000
3.0084378947277841120922	-7.0361261096077676313598	1100.911675	1104.467023	0.375154	1.000000
0.6070108987627795826825	-5.5973892332938364191364	1100.711666	1104.267014	0.375154	1.000000
0.6070108987627795826825	-5.5973892332938364191364	1100.711666	1104.267014	0.375154	1.000000
0.6070108987627795826825	-5.5973892332938364191364	1100.711666	1104.267014	0.375154	1.000000
0.5671674155729805599790	-5.6306293984227195892345	1100.057815	1103.613163	0.375154	1.000000
0.3653896434889731814621	-5.3887675051700121287013	1100.993966	1104.549315	0.375154	1.000000
0.3653896434889731814621	-5.3887675051700121287013	1100.993966	1104.549315	0.375154	1.000000
1.3213240753469741584070	-5.9738550942145316469123	1100.796877	1104.352225	0.375154	1.000000
1.3213240753469741584070	-5.9738550942145316469123	1100.796877	1104.352225	0.375154	1.000000
0.5090583731849159798699	-5.4716031031247389648797	1098.454311	1102.009659	0.375154	1.000000
0.7083049238490130017354	-5.7104309356950508913542	1100.819156	1104.374504	0.375154	1.000000
2.5493182939900660421984	-6.6222758692053345086492	1100.727739	1104.283087	0.375154	1.000000
1.0618903114065416648515	-5.8384801489965942877802	1100.077150	1103.632498	0.375154	1.000000
3.1680882677861994523028	-8.1983760735722537305037	1100.546597	1104.101945	0.375154	1.000000
2.4932770322498996051763	-6.7420006281596691621871	1099.457115	1103.012464	0.375154	1.000000
1.6136157326737128325789	-6.1158282836236272927977	1101.011168	1104.566516	0.375154	1.000000
1.6136157326737128325789	-6.1158282836236272927977	1101.011168	1104.566516	0.375154	1.000000
1.6136157326737128325789	-6.1158282836236272927977	1101.011168	1104.566516	0.375154	1.000000
0.7713951986613583056140	-5.7630721009697127854565	1100.457556	1104.012904	0.375154	1.000000
0.7713951986613583056140	-5.7630721009697127854565	1100.457556	1104.012904	0.375154	1.000000
0.7713951986613583056140	-5.7630721009697127854565	1100.457556	1104.012904	0.375154	1.000000
0.7713951986613583056140	-5.7630721009697127854565	1100.457556	1104.012904	0.375154	1.000000
0.8237145833755503687712	-5.7194236835094001136781	1100.130353	1103.685701	0.375154	1.000000
0.8237145833755503687712	-5.7194236835094001136781	1100.130353	1103.685701	0.375154	1.000000
0.8237145833755503687712	-5.7194236835094001136781	1100.130353	1103.685701	0.375154	1.000000
0.8237145833755503687712	-5.7194236835094001136781	1100.130353	1103.685701	0.375154	1.000000
0.8237145833755503687712	-5.7194236835094001136781	1100.130353	1103.685701	0.375154	1.000000
0.9082055262606449907992	-5.8206991570059924967495	1100.935472	1104.490820	0.375154	1.000000
2.9235042238562418681624	-7.7423984972055333031449	1100.990838	1104.546186	0.375154	1.000000
2.7655822603339035303804	-8.2581611107891266243541	1100.421269	1103.976617	0.375154	1.000000
2.7655822603339035303804	-8.2581611107891266243541	1100.421269	1103.976617	0.375154	1.000000
2.9175311398252947725496	-8.0631675227036332387343	1100.981631	1104.536979	0.375154	1.000000
2.9476609704886076457342	-8.0380311524273970746890	1101.009474	1104.564822	0.375154	1.000000
2.6740554885864264988982	-7.7741016224746655183253	1099.702077	1103.257425	0.375154	1.000000
2.6046360099528742537700	-8.0603429288516039719070	1098.899014	1102.454362	0.375154	1.000000
2.6968766988584769173087	-7.9833894226478800959512	1099.906651	1103.461999	0.375154	1.000000
2.8345855036647567004593	-7.8685032971137101043269	1100.771205	1104.326554	0.375154	1.000000
3.4026464697236677992009	-7.3945878960650039957159	1098.973578	1102.528926	0.375154	1.000000
2.8524224065965975150050	-6.7111513858621192341047	1100.908110	1104.463458	0.375154	1.000000
2.8524224065965975150050	-6.7111513858621192341047	1100.908110	1104.463458	0.375154	1.000000
2.8524224065965975150050	-6.7111513858621192341047	1100.908110	1104.463458	0.375154	1.000000
3.1287099961325788299860	-8.0028336001591551251977	1100.704441	1104.259789	0.375154	1.000000
2.2821810659319030634151	-6.3696443218318616885654	1101.000290	1104.555638	0.375154	1.000000
2.3457393096854457503753	-6.3857072052372352288785	1100.953066	1104.508414	0.375154	1.000000
2.9961238158886667193315	-7.2375718561286914720654	1100.984743	1104.540091	0.375154	1.000000
2.3877027221557205471925	-6.6965665852468099217276	1098.465154	1102.020502	0.375154	1.000000
3.1670584452988572721210	-7.9567325260537016262674	1100.548851	1104.104199	0.375154	1.000000
3.1742981912826357948632	-7.9506926336365255636451	1100.516363	1104.071711	0.375154	1.000000
2.5940520281438597116619	-7.8054862291337778756883	1098.770224	1102.325572	0.375154	1.000000
2.9862027860125310851913	-7.1549600592294089196344	1100.985706	1104.541054	0.375154	1.000000
2.5133337664475106087991	-6.6931067105705537301219	1100.031975	1103.587323	0.375154	1.000000
2.8683612715202069232134	-7.1094045833822834268290	1100.958067	1104.513415	0.375154	1.000000
3.0911733720584670948028	-7.3408638149163980557432	1100.790883	1104.346231	0.375154	1.000000
2.3720443229541299245966	-6.4335232342355066492701	1101.008728	1104.564076	0.375704	1.000000
2.3720443229541299245966	-6.4335232342355066492701	1101.008728	1104.564076	0.375704	1.000000
2.4419002798849924751323	-6.3745532547080872021183	1100.418533	1103.973881	0.375704	1.000000
2.9378413960188018982933	-7.0598885404814089028491	1101.011714	1104.567062	0.375704	1.000000
3.0911713367254320949939	-6.9668886977294341988909	1100.572683	1104.128031	0.375704	1.000000
3.1600941010123224650386	-7.0669197967364763002251	1100.366454	1103.921802	0.375704	1.000000
2.7972346962740579634499	-6.7667816652963495016593	1101.012803	1104.568151	0.375704	1.000000
2.8032843177944100077070	-7.0747095999253799547546	1100.797676	1104.353024	0.375704	1.000000
3.0123607816514996748936	-7.3223820015694540686013	1100.971695	1104.527043	0.375704	1.000000
2.9963364070292737295631	-7.3033994950055216577312	1100.990480	1104.545828	0.375704	1.000000
2.9958917510163272091006	-7.3037748582119288442982	1100.990991	1104.546339	0.375704	1.000000
2.1202838080702726131221	-6.4687571092419409168883	1098.316646	1101.871994	0.375704	1.000000
3.0362108471135704768074	-6.9605126965219152879172	1100.777506	1104.332855	0.375704	1.000000
3.0362108471135704768074	-6.9605126965219152879172	1100.777506	1104.332855	0.375704	1.000000
3.4517384016242265154517	-7.2457767355575457557393	1098.460385	1102.015733	0.375704	1.000000
3.3004166028951100742006	-7.0992057262783756499402	1099.525558	1103.080906	0.375704	1.000000
2.9914683219416589032846	-7.7425770573044623290571	1101.005903	1104.561251	0.375704	1.000000
3.1388361216120617136482	-7.3281338337577937025458	1100.613546	1104.168894	0.375704	1.000000
3.2749469031885656278291	-7.2132338258605228631382	1099.819722	1103.375070	0.375704	1.000000
3.2263328618661519797683	-7.1556455342574265543476	1100.081638	1103.636986	0.375704	1.000000
2.4552780161198537456357	-6.6284742009562727105276	1100.043659	1103.599007	0.375704	1.000000
2.4552780161198537456357	-6.6284742009562727105276	1100.043659	1103.599007	0.375704	1.000000
2.9271878998799119031560	-6.9044096204496590019062	1100.983995	1104.539343	0.375704	1.000000
2.8719051073166652621182	-7.2918171644949048015860	1100.926050	1104.481398	0.375704	1.000000
2.6251511691760285316377	-6.5665555463383009637823	1101.009748	1104.565096	0.375704	1.000000
2.7175263931270170481014	-6.5466284091503474940055	1100.718713	1104.274061	0.375704	1.000000
2.7429207272592202038197	-6.5767105886871792819193	1100.789595	1104.344943	0.375704	1.000000
1.5975086646380121102595	-6.0664413052662791159264	1100.524812	1104.080160	0.375704	1.000000
1.7068118170256803001195	-6.1959220404944499449584	1100.410897	1103.966245	0.375704	1.000000
1.7667239765686331143257	-6.1453462703394707844495	1100.848444	1104.403792	0.375704	1.000000
1.7667239765686331143257	-6.1453462703394707844495	1100.848444	1104.403792	0.375704	1.000000
1.7667239765686331143257	-6.1453462703394707844495	1100.848444	1104.403792	0.375704	1.000000
1.7667239765686331143257	-6.1453462703394707844495	1100.848444	1104.403792	0.375704	1.000000
3.0735757624719570735294	-7.6934455371644672183606	1100.870863	1104.426211	0.375704	1.000000
3.0550654531360237342597	-6.8482226017767446890616	1100.514055	1104.069403	0.375704	1.000000
3.0907511248364283318324	-7.3616782755986047703800	1100.795893	1104.351241	0.375704	1.000000
3.0924239796170778227236	-7.2428753569872226236726	1100.763116	1104.318464	0.375704	1.000000
2.9515991804283401300779	-7.1136395256990923030571	1101.009899	1104.565247	0.375704	1.000000
3.0122791132996611374040	-7.1639942882271405721895	1100.948412	1104.503760	0.375704	1.000000
2.8603778173937186579678	-6.9410752462023612707753	1100.999939	1104.555287	0.375704	1.000000
2.4171822261309148238695	-6.3852484303704954982095	1100.695881	1104.251229	0.375704	1.000000
3.0584839599874307225491	-7.2730156196614039743054	1100.871540	1104.426888	0.375704	1.000000
3.0584839599874307225491	-7.2730156196614039743054	1100.871540	1104.426888	0.375704	1.000000
2.9449823119719460429167	-7.1648784452323885929559	1101.014117	1104.569465	0.375704	1.000000
2.5416524539392204573574	-6.6870930802474086718235	1100.305011	1103.860359	0.375704	1.000000
2.6510215579873359637020	-6.7296399295898412518113	1100.745861	1104.301209	0.375704	1.000000
2.9471646432960083572539	-7.0804516269735282563147	1101.009303	1104.564651	0.375704	1.000000
2.9617604814855655881445	-7.0681303258699506031348	1100.996928	1104.552276	0.375704	1.000000
2.8852186597860525196779	-7.4628185285738748433459	1100.937319	1104.492667	0.375704	1.000000
3.3917357658760161065459	-7.8832501920487683122474	1099.140464	1102.695812	0.375704	1.000000
3.5284796551150225951687	-8.2573226640827677158541	1097.958290	1101.513638	0.375704	1.000000
3.1285775235128392424144	-7.6538762844647729721714	1100.695844	1104.251192	0.375704	1.000000
1.3138972227702223616319	-6.0397624126077502637600	1100.206457	1103.761805	0.375704	1.000000
1.4439984188040850821011	-6.0851453720029846650164	1100.498009	1104.053357	0.375704	1.000000
1.4439984188040850821011	-6.0851453720029846650164	1100.498009	1104.053357	0.375704	1.000000
1.4439984188040850821011	-6.0851453720029846650164	1100.498009	1104.053357	0.375704	1.000000
1.4439984188040850821011	-6.0851453720029846650164	1100.498009	1104.053357	0.375704	1.000000
1.8003009305334145562227	-6.2090238225446041653299	1100.861698	1104.417046	0.375704	1.000000
1.8003009305334145562227	-6.2090238225446041653299	1100.861698	1104.417046	0.375704	1.000000
1.8003009305334145562227	-6.2090238225446041653299	1100.861698	1104.417046	0.375704	1.000000
1.2905701824020592294318	-5.9740456486715043382674	1100.967524	1104.522872	0.375704	1.000000
3.2517002607026648242083	-8.3111153231380203720846	1100.116112	1103.671460	0.375704	1.000000
2.7194391921156588765029	-7.5757410087167205148262	1100.122575	1103.677923	0.375704	1.000000
3.0008051041691494731367	-8.0710590403645738888372	1101.000037	1104.555385	0.375704	1.000000
2.6883079817492308016824	-6.7092830265957790203402	1100.924410	1104.479758	0.375704	1.000000
2.7001533970620661406770	-6.7233151295158224414195	1100.925953	1104.481301	0.375704	1.000000
2.9182007309789632643060	-6.7830285424271687944042	1100.879623	1104.434971	0.375704	1.000000
3.3117600685086521217215	-7.2545823650845502328366	1099.595241	1103.150589	0.375704	1.000000
3.0327770085516276843407	-7.4900902023108733018830	1100.950767	1104.506115	0.375704	1.000000
2.0509946191817975957861	-6.1852840373729973677541	1099.297452	1102.852800	0.375704	1.000000
3.1083469990026850737763	-7.4378258034960236244615	1100.749471	1104.304819	0.375704	1.000000
2.8423760649250069398875	-7.1227560974407166938249	1100.896098	1104.451446	0.375704	1.000000
3.0329352561795537290834	-7.6012587217511518034030	1100.954856	1104.510204	0.375704	1.000000
2.9257362612221173847615	-7.6917524006833071226197	1100.993831	1104.549179	0.375704	1.000000
3.0311563793814841893948	-7.2625019225357041463553	1100.932015	1104.487363	0.375704	1.000000
3.0280766607834603831861	-7.2651017143166027878465	1100.938430	1104.493778	0.375704	1.000000
2.8310204209384384199666	-7.4314497673668542532255	1100.783105	1104.338453	0.375704	1.000000
2.3602892402243713654286	-6.4466206814196329588640	1100.956217	1104.511566	0.375704	1.000000
2.3602892402243713654286	-6.4466206814196329588640	1100.956217	1104.511566	0.375704	1.000000
2.8408244340114761072869	-7.5495458075367318784288	1100.806900	1104.362248	0.375704	1.000000
2.7946605875587660072767	-7.4268803280421451518123	1100.626134	1104.181482	0.375704	1.000000
2.9899377244658023045076	-8.2330529648790715668838	1101.007918	1104.563266	0.375704	1.000000
2.9899377244658023045076	-8.2330529648790715668838	1101.007918	1104.563266	0.375704	1.000000
3.2791681817400384346683	-7.2122987972603596062982	1099.790818	1103.346166	0.375704	1.000000
3.1101954917088341368014	-7.3549396901722552399860	1100.729716	1104.285064	0.375704	1.000000
2.8675333889673204623705	-6.7750617948546629776274	1100.973364	1104.528713	0.375704	1.000000
2.4302787843355146968349	-6.5593544676826169848027	1100.480685	1104.036033	0.375704	1.000000
2.8653448570006219142670	-6.6961276617765941310267	1100.836298	1104.391646	0.375704	1.000000
2.6707981361377401974266	-6.4152422115886880149560	1099.327026	1102.882374	0.375704	1.000000
2.1557158451669526932903	-6.2614953900554297661074	1100.411500	1103.966848	0.375704	1.000000
3.2145291828356263863498	-7.5415301314226219631109	1100.295362	1103.850710	0.375704	1.000000
1.9293474753479871175443	-6.2038891408996539311715	1100.834616	1104.389964	0.375704	1.000000
1.9047635857833020711638	-6.2246420090590381946072	1101.014259	1104.569607	0.375704	1.000000
1.9047635857833020711638	-6.2246420090590381946072	1101.014259	1104.569607	0.375704	1.000000
1.8164806555837993418123	-6.1820580080587417270976	1101.000157	1104.555505	0.375704	1.000000
2.7124638765446760224620	-7.8817148477343135226647	1100.043145	1103.598493	0.375704	1.000000
2.7185251250260371591594	-7.8888950149355645535820	1100.092132	1103.647480	0.375704	1.000000
2.7185251250260371591594	-7.8888950149355645535820	1100.092132	1103.647480	0.375704	1.000000
2.5365145952566878762013	-7.6629369024358542361597	1097.926914	1101.482262	0.375704	1.000000
1.1175117322260725849503	-5.9819832429802639595096	1098.612081	1102.167429	0.375704	1.000000
1.0368843971336547671314	-5.8894213947424569610689	1100.881340	1104.436688	0.376893	1.000000
1.0368843971336547671314	-5.8894213947424569610689	1100.881340	1104.436688	0.376893	1.000000
1.0368843971336547671314	-5.8894213947424569610689	1100.881340	1104.436688	0.376893	1.000000
1.0368843971336547671314	-5.8894213947424569610689	1100.881340	1104.436688	0.376893	1.000000
1.0368843971336547671314	-5.8894213947424569610689	1100.881340	1104.436688	0.376893	1.000000
0.9879993090271070865782	-5.7844458473719608804231	1099.139842	1102.695190	0.376893	1.000000
2.5644629245013925711305	-7.6521028823611150215811	1098.367664	1101.923012	0.376893	1.000000
3.0092264261312764439538	-7.8543250398680042323463	1100.991252	1104.546600	0.376893	1.000000
2.8764202358173105444905	-7.5169193214100440414427	1100.914213	1104.469561	0.376893	1.000000
2.9043050808722497002634	-7.4933821072274060526297	1100.970504	1104.525852	0.376893	1.000000
2.9043050808722497002634	-7.4933821072274060526297	1100.970504	1104.525852	0.376893	1.000000
3.2062929210334369933832	-7.2904557997634151789157	1100.277973	1103.833321	0.376893	1.000000
2.9338673037091838047274	-7.2574345148645802439091	1101.011137	1104.566485	0.376893	1.000000
3.3080957871417573379347	-7.5782789901137697086142	1099.730518	1103.285866	0.376893	1.000000
3.2440625585408406905685	-7.5884726010233851667408	1100.136404	1103.691752	0.376893	1.000000
3.2340512455179672990369	-8.4908269300344905161637	1100.217504	1103.772852	0.376893	1.000000
2.9716934065526174890692	-8.1339372802737521794825	1101.014165	1104.569513	0.376893	1.000000
2.9716934065526174890692	-8.1339372802737521794825	1101.014165	1104.569513	0.376893	1.000000
3.2310187089855979536424	-7.8658182277752297650864	1100.228066	1103.783414	0.376893	1.000000
2.8985911857103179301021	-8.1464157279628128804916	1100.950878	1104.506227	0.376893	1.000000
3.2192776134489116124371	-8.4673581609941503955952	1100.297931	1103.853279	0.376893	1.000000
3.2192776134489116124371	-8.4673581609941503955952	1100.297931	1103.853279	0.376893	1.000000
3.2192776134489116124371	-8.4673581609941503955952	1100.297931	1103.853279	0.376893	1.000000
2.6986440664311102111128	-8.0274558022530513312631	1099.921356	1103.476704	0.376893	1.000000
2.6986440664311102111128	-8.0274558022530513312631	1099.921356	1103.476704	0.376893	1.000000
2.7831030243810053192988	-7.9205357015853570246122	1100.528513	1104.083861	0.376893	1.000000
3.1502211267525073168372	-7.6106563607169741558778	1100.607984	1104.163332	0.376893	1.000000
2.9704380452637804133076	-7.2692343202804368118564	1101.009302	1104.564650	0.376893	1.000000
2.9704380452637804133076	-7.2692343202804368118564	1101.009302	1104.564650	0.376893	1.000000
2.2961789430830736868927	-6.4704307556232167897292	1100.465018	1104.020366	0.376893	1.000000
2.8226969730433921768054	-7.2061675841517303098271	1100.803775	1104.359123	0.376893	1.000000
2.0318741777082962585155	-6.2204464852819549847140	1100.494104	1104.049452	0.376893	1.000000
3.0921078577555776156771	-7.0778258626906946915369	1100.683222	1104.238570	0.376893	1.000000
3.1809863891600884677757	-8.1085952589925049949215	1100.487507	1104.042855	0.376893	1.000000
3.1809863891600884677757	-8.1085952589925049949215	1100.487507	1104.042855	0.376893	1.000000
2.7748627362804549889574	-7.1142984682531844597975	1100.650282	1104.205630	0.376893	1.000000
3.1101616237617979443542	-7.3691059823380093973810	1100.732523	1104.287871	0.376893	1.000000
3.0820560419623825865187	-7.6472023459233415820790	1100.846638	1104.401986	0.376893	1.000000
2.9090366235896745195078	-7.9543772888474926219260	1100.969670	1104.525018	0.376893	1.000000
2.6426753670386919914392	-6.5727822433691693859714	1101.003446	1104.558794	0.376893	1.000000
2.7075131207087412832379	-6.9682234526544748476340	1100.444315	1103.999663	0.376893	1.000000
3.2995499439693860566081	-7.7064504536431153169929	1099.801784	1103.357132	0.376893	1.000000
3.3533945763263215411598	-7.6610009400498491061171	1099.418517	1102.973865	0.376893	1.000000
2.9278215412206236578641	-8.0202212856498587001397	1100.994041	1104.549389	0.376893	1.000000
3.0864334951611995805365	-8.2081309390682601900835	1100.842507	1104.397856	0.376893	1.000000
3.3777511404624167568045	-7.7976726383422292343539	1099.245344	1102.800692	0.376893	1.000000
2.6049613678284684326059	-7.8482368866372045346225	1098.911741	1102.467089	0.376893	1.000000
2.9589688752501932533789	-8.1962560185401649448522	1101.013504	1104.568852	0.376893	1.000000
3.2619574143976337587958	-8.4999828441179570148734	1100.055690	1103.611038	0.376893	1.000000
2.8261569817925926706437	-7.9235468873560517266696	1100.736810	1104.292158	0.376893	1.000000
2.6383509746016873265262	-7.3714395869958941887035	1099.413716	1102.969064	0.376893	1.000000
2.7795487310721185281182	-8.0165442359304872610437	1100.506806	1104.062154	0.376893	1.000000
2.7719884669514982533656	-8.0075874922843581771303	1100.462668	1104.018016	0.376893	1.000000
2.8366366517613053055413	-8.1411742389440195921679	1100.776189	1104.331537	0.376893	1.000000
2.8366366517613053055413	-8.1411742389440195921679	1100.776189	1104.331537	0.376893	1.000000
3.1441066313340511051422	-7.9786604503095972518167	1100.645336	1104.200684	0.376893	1.000000
2.9554921675390830593244	-8.1378673249950690404830	1101.012607	1104.567955	0.376893	1.000000
3.1013189899217210587778	-8.0350744479704658829178	1100.797672	1104.353020	0.376893	1.000000
2.8392320335976144463075	-7.7129269068792272179280	1100.792642	1104.347990	0.376893	1.000000
2.9205477677032605221541	-8.0135107624379102730927	1100.985687	1104.541035	0.376893	1.000000
3.3194927490564780647730	-8.4101149532434416045135	1099.683364	1103.238712	0.376893	1.000000
3.1942451725666902717649	-7.8747115559534117679164	1100.420535	1103.975883	0.376893	1.000000
3.1517754584644079862699	-7.6574887994004088298539	1100.604568	1104.159916	0.376893	1.000000
2.8217056559108466551322	-8.1026220744027170894697	1100.716252	1104.271600	0.376893	1.000000
2.6199908918247092337594	-6.5391413700098137695704	1100.971541	1104.526889	0.376893	1.000000
3.2359009378837928494477	-7.7033454294215166768822	1100.193295	1103.748643	0.376893	1.000000
2.5847110137178588296081	-6.9943687277991219986006	1099.293819	1102.849167	0.376893	1.000000
3.1631411673630052128203	-7.5782141301275798284109	1100.550086	1104.105434	0.376893	1.000000
2.2901028787123554053551	-6.4682368230604323500188	1100.447368	1104.002716	0.376893	1.000000
2.2691201663416267209072	-6.3806548818028456793172	1101.011443	1104.566791	0.376893	1.000000
2.8282433818815109205502	-7.9200165417303214354661	1100.745374	1104.300722	0.376893	1.000000
3.0878754905806964359272	-7.6439778195632657187275	1100.830047	1104.385395	0.376893	1.000000
3.0928354277319969334314	-7.6126879043318442796817	1100.813973	1104.369321	0.376893	1.000000
2.9960127629622057554570	-7.5021357198893277029583	1100.999436	1104.554784	0.376893	1.000000
2.7362997828642927622411	-7.3785254343021113854206	1100.289905	1103.845254	0.376893	1.000000
1.8055978420807545781201	-6.1708345399865134339734	1100.961278	1104.516626	0.376893	1.000000
1.8055978420807545781201	-6.1708345399865134339734	1100.961278	1104.516626	0.376893	1.000000
1.7680798014221166258864	-6.2025030020832341293158	1100.775500	1104.330848	0.376893	1.000000
1.7680798014221166258864	-6.2025030020832341293158	1100.775500	1104.330848	0.376893	1.000000
3.0370251435038655429821	-7.5355180859455543895820	1100.945322	1104.500670	0.376893	1.000000
2.7953232937016490033955	-6.6295211439803214403810	1100.839006	1104.394354	0.376893	1.000000
2.7859416262452589840848	-6.6374400804447795110264	1100.891929	1104.447277	0.376893	1.000000
3.0889876959725190985750	-6.9528997712085178761754	1100.562113	1104.117461	0.376893	1.000000
3.0203365263070454105332	-7.6593846048811657922784	1100.975561	1104.530909	0.376893	1.000000
3.0203365263070454105332	-7.6593846048811657922784	1100.975561	1104.530909	0.376893	1.000000
2.7216769891433529870994	-7.7199102870471314474798	1100.125551	1103.680899	0.376893	1.000000
2.7308339213715178139807	-8.2656602085403019231080	1100.182000	1103.737348	0.376893	1.000000
2.7068008636752085571686	-7.7479377785973104764139	1100.002533	1103.557881	0.376893	1.000000
2.7893070297884650088349	-8.0187426188557200390505	1100.560904	1104.116252	0.376893	1.000000
2.3705870746729429399124	-6.4653343046549256456501	1100.893321	1104.448669	0.376893	1.000000
2.9725127724604103462980	-6.5594857166894087185938	1099.127061	1102.682409	0.376893	1.000000
2.9668505085172012236683	-6.5642651558050770788100	1099.244973	1102.800321	0.376893	1.000000
0.5239972465417270797161	-5.4832730814155219434269	1098.372157	1101.927505	0.376893	1.000000
0.2051882631916598920263	-5.1055759149684822872928	1100.269299	1103.824647	0.376893	1.000000
0.2051882631916598920263	-5.1055759149684822872928	1100.269299	1103.824647	0.376893	1.000000
0.2051882631916598920263	-5.1055759149684822872928	1100.269299	1103.824647	0.376893	1.000000
0.2051882631916598920263	-5.1055759149684822872928	1100.269299	1103.824647	0.376893	1.000000
0.2051882631916598920263	-5.1055759149684822872928	1100.269299	1103.824647	0.376893	1.000000
0.2051882631916598920263	-5.1055759149684822872928	1100.269299	1103.824647	0.376893	1.000000
0.2051882631916598920263	-5.1055759149684822872928	1100.269299	1103.824647	0.376893	1.000000
0.2051882631916598920263	-5.1055759149684822872928	1100.269299	1103.824647	0.377276	1.000000
0.1925506039716577133536	-5.1466496801724002096989	1100.346520	1103.901868	0.377276	1.000000
0.1925506039716577133536	-5.1466496801724002096989	1100.346520	1103.901868	0.377276	1.000000
0.1925506039716577133536	-5.1466496801724002096989	1100.346520	1103.901868	0.377276	1.000000
0.1925506039716577133536	-5.1466496801724002096989	1100.346520	1103.901868	0.377276	1.000000
0.1925506039716577133536	-5.1466496801724002096989	1100.346520	1103.901868	0.377276	1.000000
0.1925506039716577133536	-5.1466496801724002096989	1100.346520	1103.901868	0.377276	1.000000
0.1925506039716577133536	-5.1466496801724002096989	1100.346520	1103.901868	0.377276	1.000000
0.6200536209534034393087	-5.6508885432100219858853	1100.784380	1104.339728	0.377276	1.000000
0.6200536209534034393087	-5.6508885432100219858853	1100.784380	1104.339728	0.377276	1.000000
0.6200536209534034393087	-5.6508885432100219858853	1100.784380	1104.339728	0.377276	1.000000
1.3600531736968801688192	-5.9622772216994102123522	1100.044881	1103.600229	0.377276	1.000000
1.6282067726806557228514	-6.1055392422218828230029	1100.967611	1104.522959	0.377276	1.000000
2.7646267299049820387324	-6.7556669518866172552407	1100.995757	1104.551105	0.377276	1.000000
2.8988339828818219245932	-8.0816131889814997180110	1100.951528	1104.506877	0.377276	1.000000
2.8988339828818219245932	-8.0816131889814997180110	1100.951528	1104.506877	0.377276	1.000000
3.3617464538250825256682	-8.3986827383833766447196	1099.379283	1102.934631	0.377276	1.000000
3.3586214049292348882148	-8.3527683090664179843543	1099.402428	1102.957776	0.377276	1.000000
3.2810025638665920588721	-7.6326891164441770243343	1099.915924	1103.471272	0.377276	1.000000
3.3611140740888427735911	-7.5104001025842030969670	1099.336673	1102.892021	0.377276	1.000000
3.1594720461725218640936	-6.9249461163688064146982	1100.141344	1103.696692	0.377276	1.000000
2.7715405589417301257527	-6.5298029040648390974866	1100.301450	1103.856799	0.377276	1.000000
2.7715405589417301257527	-6.5298029040648390974866	1100.301450	1103.856799	0.377276	1.000000
2.9112885227102518470588	-6.9757411088167753376865	1101.013574	1104.568922	0.377276	1.000000
2.9112885227102518470588	-6.9757411088167753376865	1101.013574	1104.568922	0.377276	1.000000
2.9112885227102518470588	-6.9757411088167753376865	1101.013574	1104.568922	0.377276	1.000000
3.3151897029130119598506	-8.0030781486452458040048	1099.709125	1103.264473	0.377276	1.000000
2.8301930697258939062522	-7.6546092039782989147056	1100.760925	1104.316273	0.377276	1.000000
2.8301930697258939062522	-7.6546092039782989147056	1100.760925	1104.316273	0.377276	1.000000
2.7531620985593083794640	-7.0070906793507647947195	1100.643068	1104.198416	0.377276	1.000000
3.2467080113170583288706	-7.0967388223451761675165	1099.893688	1103.449036	0.377276	1.000000
3.1260954907648352829597	-7.1989963439317286031383	1100.620344	1104.175693	0.377276	1.000000
3.1260954907648352829597	-7.1989963439317286031383	1100.620344	1104.175693	0.377276	1.000000
3.0436065892581183334187	-7.3256613255654858818389	1100.915582	1104.470930	0.377276	1.000000
2.1500030894209767318159	-6.2716579738568363211471	1100.629559	1104.184907	0.377276	1.000000
2.1256233833472708560919	-6.2923275387468793340418	1100.954989	1104.510337	0.377276	1.000000
2.1643723104375811594480	-6.3697725786762458000112	1100.808049	1104.363397	0.377276	1.000000
2.5112234420842725057810	-6.5473389018888523693818	1100.926340	1104.481688	0.377276	1.000000
3.0261475741340180256600	-7.1546907768031866581282	1100.918732	1104.474080	0.377276	1.000000
3.1615959704503184823920	-7.3144518606921380410313	1100.510324	1104.065672	0.377276	1.000000
3.4295054183561255456425	-7.0873132848043427500784	1098.450114	1102.005462	0.377276	1.000000
2.5808009980159458685023	-6.7790087954799860270327	1100.095608	1103.650956	0.377276	1.000000
2.8945467361589423127555	-7.5056239819937209389877	1100.953298	1104.508646	0.377276	1.000000
2.8869086332761426660909	-7.1956644404615648369372	1100.970467	1104.525816	0.377276	1.000000
2.7210451104608339711888	-7.1897774979798469985326	1100.274485	1103.829833	0.377276	1.000000
2.6205696812994343503078	-6.8707067500601395337867	1100.047830	1103.603178	0.377276	1.000000
3.0019237773685887304964	-7.6760452849967863997449	1100.997059	1104.552407	0.377276	1.000000
3.0019237773685887304964	-7.6760452849967863997449	1100.997059	1104.552407	0.377276	1.000000
3.6535801609613911544727	-8.4853848312543913579020	1096.701494	1100.256842	0.377276	1.000000
2.8988925601205020043949	-8.4131929315675026970212	1100.951053	1104.506401	0.377276	1.000000
2.6295640957599628606545	-7.3503595728980775092509	1099.325743	1102.881091	0.377276	1.000000
3.2658346355799610094550	-7.7384539978824751216280	1100.019325	1103.574673	0.377276	1.000000
3.0274850698443698249207	-7.4573212122461169926169	1100.958013	1104.513361	0.377276	1.000000
1.6585473076679300152847	-6.1927933902770524454695	1099.911142	1103.466490	0.377276	1.000000
1.5349288361880981668151	-6.0469856765689158351051	1100.608855	1104.164203	0.377276	1.000000
1.6401700987111942353636	-6.1139612900713560250665	1100.992246	1104.547595	0.377276	1.000000
1.6401700987111942353636	-6.1139612900713560250665	1100.992246	1104.547595	0.377276	1.000000
1.6401700987111942353636	-6.1139612900713560250665	1100.992246	1104.547595	0.377276	1.000000
1.6937497526317903950854	-6.0685354703280980359636	1099.450038	1103.005386	0.377276	1.000000
1.8002603433479191785693	-6.2285277588451233299338	1100.544789	1104.100137	0.377276	1.000000
2.8436192902286840933357	-8.2856126342081175550902	1100.801334	1104.356682	0.377276	1.000000
3.0230361450664298139657	-8.2788715615351851084824	1100.975604	1104.530952	0.377276	1.000000
3.0994193781714951541062	-8.2141124463759105367444	1100.804457	1104.359805	0.377276	1.000000
3.0994193781714951541062	-8.2141124463759105367444	1100.804457	1104.359805	0.377276	1.000000
2.2030888499887431031254	-6.3259755176816065969092	1100.965830	1104.521178	0.377276	1.000000
2.9436513350696773549942	-7.1770597486815592702669	1101.014366	1104.569714	0.377276	1.000000
2.9101772664820404479258	-6.6790164318005142973789	1100.603458	1104.158806	0.377276	1.000000
3.0301051327681003400016	-6.7157149634333510590523	1100.145672	1103.701020	0.377276	1.000000
2.8345160380724974125144	-6.9579308068736862580295	1100.957522	1104.512870	0.377276	1.000000
3.0293054751947114944244	-7.4077103849963927828526	1100.951741	1104.507089	0.377276	1.000000
2.9818400994814426852031	-7.3517250793199790948051	1101.005774	1104.561122	0.377276	1.000000
2.9818400994814426852031	-7.3517250793199790948051	1101.005774	1104.561122	0.377276	1.000000
3.0259543900115772885329	-7.4037577874343556416648	1100.957152	1104.512500	0.377276	1.000000
2.5721307723136908052197	-7.5028643735232174449834	1098.517309	1102.072658	0.377276	1.000000
3.4370906320413396883851	-7.7875770713423717594992	1098.763850	1102.319198	0.377276	1.000000
2.5582586979655954628754	-6.5639051677800956952069	1100.977022	1104.532370	0.377276	1.000000
2.4260170171499098046297	-6.4471165092878859326220	1101.011955	1104.567304	0.377276	1.000000
2.6399533261029799469100	-6.4974607762240212949223	1100.706084	1104.261432	0.377276	1.000000
2.3577244855048031801914	-6.3926866131149644445486	1100.959798	1104.515146	0.377276	1.000000
2.5647399866819440283905	-7.3638282705480060386094	1098.475618	1102.030966	0.377276	1.000000
3.2420501198414295451755	-8.1627140746282655925370	1100.171054	1103.726402	0.377276	1.000000
3.0620422873759705062469	-7.2124048004363423558516	1100.847192	1104.402540	0.377276	1.000000
3.0620422873759705062469	-7.2124048004363423558516	1100.847192	1104.402540	0.377276	1.000000
2.9576786399758208112587	-6.9717824778839512234185	1100.974095	1104.529443	0.377276	1.000000
2.8298500564020887537708	-7.0801579109179506588134	1100.880489	1104.435837	0.377276	1.000000
2.8550640372297944047375	-7.0587810324896809177631	1100.949760	1104.505108	0.377276	1.000000
2.8550640372297944047375	-7.0587810324896809177631	1100.949760	1104.505108	0.377276	1.000000
2.9741773292057702704483	-6.9577945845677602321189	1100.939043	1104.494391	0.377276	1.000000
2.9279370577800944985825	-7.6458118118099074322913	1100.996652	1104.552000	0.377276	1.000000
2.9600994980701598180417	-7.6185439011719440216552	1101.014203	1104.569551	0.377276	1.000000
3.4527012951357298753408	-7.1610047207053595386128	1098.357490	1101.912838	0.377276	1.000000
2.9376950294538262120625	-6.9453597545164287296870	1100.989167	1104.544515	0.377276	1.000000
2.5871740221796413194966	-6.5319210016706588106672	1101.000400	1104.555748	0.377276	1.000000
3.0279560160068652585608	-7.3401901980993091711980	1100.948209	1104.503557	0.377276	1.000000
3.1896243469943184045690	-7.2031248024826624032357	1100.323238	1103.878586	0.377276	1.000000
3.1600060552576167971495	-7.2438079889487312357232	1100.491544	1104.046892	0.377276	1.000000
1.9356998305991133246806	-6.2141242511727181607739	1100.918497	1104.473845	0.377276	1.000000
1.9809794422045390316356	-6.1757353605337259594421	1099.793367	1103.348715	0.377276	1.000000
3.1725201892831242922455	-6.7713897900730444234796	1099.471369	1103.026717	0.377276	1.000000
3.1725201892831242922455	-6.7713897900730444234796	1099.471369	1103.026717	0.377276	1.000000
3.1725201892831242922455	-6.7713897900730444234796	1099.471369	1103.026717	0.378733	1.000000
2.3456741233538043189810	-6.4500265982340190262789	1100.900532	1104.455880	0.378733	1.000000
3.0807551603341880586129	-7.3495480714972565294829	1100.824248	1104.379596	0.378733	1.000000
2.8492211132501106263248	-7.5482823685292768089994	1100.835440	1104.390788	0.378733	1.000000
3.1931784208807236780103	-7.4145044953686420896588	1100.384510	1103.939858	0.378733	1.000000
3.3756668894933783420242	-7.6209912723421213698316	1099.244834	1102.800182	0.378733	1.000000
3.0692625481732895842413	-7.2640169692174785254224	1100.840442	1104.395790	0.378733	1.000000
3.0604763155654972628383	-7.0164619995234431826248	1100.749174	1104.304522	0.378733	1.000000
3.1284036240311698939820	-7.2931569827155717788969	1100.646205	1104.201553	0.378733	1.000000
2.6145864397710028015354	-7.7341854111602046373264	1099.043581	1102.598929	0.378733	1.000000
2.7258121778291757308921	-7.6466911587679184947319	1100.163704	1103.719052	0.378733	1.000000
2.9233147059823290092595	-7.4771673820755406580929	1100.995532	1104.550881	0.378733	1.000000
3.0493828403791511938437	-6.9956459648724491628968	1100.768373	1104.323722	0.378733	1.000000
3.4116040607756494829061	-7.6069308737494001348978	1098.956543	1102.511891	0.378733	1.000000
3.1208137762926546621145	-7.5006747436071039558669	1100.712818	1104.268166	0.378733	1.000000
2.6753455681687534628566	-6.7788925726626834133981	1100.705567	1104.260915	0.378733	1.000000
2.6732488198194856998668	-6.7764497701959074404954	1100.702853	1104.258201	0.378733	1.000000
2.5661113894142668634402	-6.5548767606354667591972	1101.002738	1104.558086	0.378733	1.000000
2.5417390920818117017177	-6.5264819806584073447198	1101.013141	1104.568489	0.378733	1.000000
2.9431695508667443661466	-7.4904743589197178010863	1101.010048	1104.565396	0.378733	1.000000
3.1337726372492316073703	-8.2703254502073022536024	1100.687262	1104.242610	0.378733	1.000000
2.6284561940256105927460	-7.3745629786406405870025	1099.300450	1102.855798	0.378733	1.000000
2.8893871168496327861419	-8.0326044434228833779343	1100.932714	1104.488062	0.378733	1.000000
2.8535405422213817594468	-8.0633728936766129180569	1100.836047	1104.391395	0.378733	1.000000
3.3235470740340384843137	-7.8746036354946840063462	1099.647739	1103.203087	0.378733	1.000000
3.3384426063464376355228	-7.7998553874060787549638	1099.538779	1103.094127	0.378733	1.000000
2.8998458977923937673893	-7.5572689363167624421180	1100.960660	1104.516008	0.378733	1.000000
2.6895683450439014094968	-6.9285586491933059960502	1100.405908	1103.961256	0.378733	1.000000
2.4314577855356609425996	-6.6008688355597344710191	1100.096250	1103.651598	0.378733	1.000000
2.6681459553499133896537	-6.6841912425490326299382	1100.927737	1104.483085	0.378733	1.000000
1.6513505018316305683612	-6.0982528275583876009591	1100.775375	1104.330723	0.378733	1.000000
3.1882881421361131124570	-7.9931827531584929147357	1100.451739	1104.007087	0.378733	1.000000
2.9647206915125474679940	-8.1850790237004282801081	1101.014329	1104.569677	0.378733	1.000000
2.9841995797543381385708	-8.1683595683527148167968	1101.010763	1104.566111	0.378733	1.000000
2.8072941189403133321889	-8.0906113308717308996165	1100.651271	1104.206619	0.378733	1.000000
2.9063446116969182675405	-6.9679640782666547593749	1101.014047	1104.569395	0.378733	1.000000
2.9077611905440923223409	-6.8387866499923966046026	1100.969509	1104.524857	0.378733	1.000000
3.1871140330567122589400	-8.0430504308646888489420	1100.457996	1104.013344	0.378733	1.000000
3.3798556878897731969857	-6.8743780228043211977251	1098.240647	1101.795995	0.378733	1.000000
3.3798556878897731969857	-6.8743780228043211977251	1098.240647	1101.795995	0.378733	1.000000
3.2183531891057972629255	-7.2451707129674600693647	1100.189558	1103.744906	0.378733	1.000000
2.9232506787449081819830	-7.2392256605761833299084	1101.006228	1104.561576	0.378733	1.000000
2.9232506787449081819830	-7.2392256605761833299084	1101.006228	1104.561576	0.378733	1.000000
2.2993963031792854501134	-6.5124083445768929934161	1099.920381	1103.475729	0.378733	1.000000
1.4580756444035924968006	-6.0647739304876164823099	1100.961154	1104.516502	0.378733	1.000000
1.4580756444035924968006	-6.0647739304876164823099	1100.961154	1104.516502	0.378733	1.000000
1.4423638505195250925084	-6.0457702194183680077799	1101.014346	1104.569694	0.378733	1.000000
1.4020198973552182586388	-5.9984035276283425019983	1100.647512	1104.202860	0.378733	1.000000
1.4020198973552182586388	-5.9984035276283425019983	1100.647512	1104.202860	0.378733	1.000000
1.4020198973552182586388	-5.9984035276283425019983	1100.647512	1104.202860	0.378733	1.000000
1.4020198973552182586388	-5.9984035276283425019983	1100.647512	1104.202860	0.378733	1.000000
2.9217505621221762091011	-6.6624646866841503722867	1100.464332	1104.019680	0.378733	1.000000
2.9217505621221762091011	-6.6624646866841503722867	1100.464332	1104.019680	0.378733	1.000000
3.0102614585505120814446	-7.7185581076872482597651	1100.989000	1104.544348	0.378733	1.000000
3.2291051638827399372644	-7.2630665218738554855804	1100.136975	1103.692323	0.378733	1.000000
2.8636205796959535163637	-7.8619233591931880766879	1100.869073	1104.424421	0.378733	1.000000
3.0664294613032132552632	-8.0982044734467510949116	1100.893757	1104.449105	0.378733	1.000000
2.8542184810989978949181	-7.8225760338533936177896	1100.841017	1104.396365	0.378733	1.000000
3.0406482727329122717208	-7.6625563993642256122030	1100.942859	1104.498208	0.378733	1.000000
2.8666281797463613045807	-8.1835698061797863545053	1100.875321	1104.430669	0.378733	1.000000
2.8666281797463613045807	-8.1835698061797863545053	1100.875321	1104.430669	0.378733	1.000000
2.9427861848497123276047	-8.1182005535874051105338	1101.006562	1104.561910	0.378733	1.000000
2.9427861848497123276047	-8.1182005535874051105338	1101.006562	1104.561910	0.378733	1.000000
2.7747555996492820895583	-7.1688386175782907727694	1100.614518	1104.169866	0.378733	1.000000
1.8352571614433390578824	-6.2357822365885340332170	1100.679355	1104.234703	0.378733	1.000000
1.8508369325204652167116	-6.2224095387416031854855	1100.930580	1104.485928	0.378733	1.000000
1.8508369325204652167116	-6.2224095387416031854855	1100.930580	1104.485928	0.378733	1.000000
2.7101019433920954249118	-7.2234904213876305334452	1100.169910	1103.725258	0.378733	1.000000
2.8123854167168498285889	-7.6124081901329860855299	1100.688566	1104.243914	0.378733	1.000000
2.7790072965667644844245	-7.1077372507451981320514	1100.674546	1104.229894	0.378733	1.000000
2.9808015561034806317764	-7.9108049323845772704544	1101.011861	1104.567209	0.378733	1.000000
3.3719574232836828642235	-8.0625199293582632265043	1099.299093	1102.854441	0.378733	1.000000
3.2286013250550213982137	-7.9906744493685319952192	1100.244289	1103.799637	0.378733	1.000000
2.9550943923992734063688	-8.2254356375361883380037	1101.012449	1104.567797	0.378733	1.000000
2.9550943923992734063688	-8.2254356375361883380037	1101.012449	1104.567797	0.378733	1.000000
2.8402256938026204657888	-6.8033740602207721792638	1101.013179	1104.568527	0.378733	1.000000
2.9169183816335562120514	-7.8357804857624726579957	1100.981889	1104.537237	0.378733	1.000000
2.9169183816335562120514	-7.8357804857624726579957	1100.981889	1104.537237	0.378733	1.000000
3.3534857025233244520734	-8.3976151262098870375894	1099.440668	1102.996016	0.378733	1.000000
3.1721350800886662923972	-7.1882073850861969432913	1100.404212	1103.959560	0.378733	1.000000
2.9829705213274038122506	-7.7635445713575315096477	1101.010647	1104.565995	0.378733	1.000000
3.1815040163005035012134	-7.4193231777595549658599	1100.443229	1103.998577	0.378733	1.000000
3.2518361249012834868211	-7.5012631246509151594637	1100.078031	1103.633379	0.378733	1.000000
2.9882864392551158339018	-7.0600197337203294267738	1100.960562	1104.515910	0.378733	1.000000
3.0150337031764484763130	-7.0914666153375742752019	1100.921551	1104.476899	0.378733	1.000000
2.9482093737951400314046	-8.0780848971869154695469	1101.009709	1104.565057	0.378733	1.000000
2.9482093737951400314046	-8.0780848971869154695469	1101.009709	1104.565057	0.378733	1.000000
3.1438982041434324621321	-8.1062600087575020779695	1100.647385	1104.202733	0.378733	1.000000
3.0858641294811550714883	-6.9353411697271285518696	1100.548560	1104.103908	0.378733	1.000000
3.0220115683924100302704	-6.8778538075587931643895	1100.715497	1104.270845	0.378733	1.000000
2.8257390310782439790671	-7.2988333121742696718570	1100.787562	1104.342910	0.378733	1.000000
2.7496718452221147188652	-7.4526465044116765312765	1100.362029	1103.917377	0.378733	1.000000
2.8520075165565770269893	-6.8565476104945748403452	1101.013741	1104.569089	0.378733	1.000000
2.9576431775896581122254	-7.2583749493261491281260	1101.013594	1104.568942	0.378733	1.000000
2.5765968914631658392977	-6.6315268847530859375183	1100.801907	1104.357256	0.378733	1.000000
2.6050053883604378235361	-6.6071428136770702366221	1100.963122	1104.518471	0.378733	1.000000
3.2767331904342773540861	-7.7118222987937068424458	1099.949872	1103.505220	0.378733	1.000000
2.8846459684234728726437	-8.2634164848476672204924	1100.921440	1104.476788	0.378733	1.000000
2.8001648605806317426925	-7.5708584499843158965859	1100.634602	1104.189950	0.378733	1.000000
3.0726499792926631471346	-7.6337177676409559978765	1100.871194	1104.426542	0.378733	1.000000
3.2813782039851342453574	-8.1315221791516965055280	1099.933880	1103.489228	0.378645	1.000000
2.7768408812619442826986	-7.6381509040607244998000	1100.505175	1104.060523	0.378645	1.000000
3.1280206448252325657222	-7.5224061368502699309602	1100.688370	1104.243718	0.378645	1.000000
2.6735161150236170790606	-6.6602153469694078680163	1100.981685	1104.537033	0.378645	1.000000
2.9521605162761681562245	-7.8047837547787546341738	1101.011867	1104.567215	0.378645	1.000000
2.7815722781875633629056	-8.0444761288957042921766	1100.517956	1104.073304	0.378645	1.000000
2.7815722781875633629056	-8.0444761288957042921766	1100.517956	1104.073304	0.378645	1.000000
2.9629613631607050194816	-7.7060641936442797472750	1101.014347	1104.569695	0.378645	1.000000
2.9631999082462634476087	-6.9057091634429994542188	1100.923692	1104.479040	0.378645	1.000000
2.8030705726832838564633	-6.9205121681408172662486	1100.916691	1104.472039	0.378645	1.000000
2.6680596258206170645622	-8.4256603958372178198033	1099.627974	1103.183322	0.378645	1.000000
2.9344022147542703216061	-8.1979237496812267238511	1101.000096	1104.555444	0.378645	1.000000
3.0616800372363877080772	-8.1549558261217125476605	1100.904952	1104.460300	0.378645	1.000000
3.0616800372363877080772	-8.1549558261217125476605	1100.904952	1104.460300	0.378645	1.000000
3.0616800372363877080772	-8.1549558261217125476605	1100.904952	1104.460300	0.378645	1.000000
3.0616800372363877080772	-8.1549558261217125476605	1100.904952	1104.460300	0.378645	1.000000
2.0713839581730679739735	-6.3489145256219119417551	1100.510307	1104.065656	0.378645	1.000000
2.3154174412994392717735	-6.5678270834267182820554	1099.239433	1102.794781	0.378645	1.000000
2.9038098181759015581349	-7.8703091098758051202822	1100.961637	1104.516985	0.378645	1.000000
3.2138867460679083620789	-7.2342886359160072373697	1100.208873	1103.764221	0.378645	1.000000
2.8295103284191207571041	-7.5629502914449124872931	1100.763942	1104.319290	0.378645	1.000000
2.9506141558927332368967	-7.8360021616734236715729	1101.011189	1104.566537	0.378645	1.000000
2.9506141558927332368967	-7.8360021616734236715729	1101.011189	1104.566537	0.378645	1.000000
3.0144824572271153861891	-8.0216933483544003991028	1100.986049	1104.541397	0.378645	1.000000
3.0818267155316729777326	-7.9641105352356058588725	1100.853831	1104.409179	0.378645	1.000000
2.8142557452161951481173	-7.8856534477478064104616	1100.686199	1104.241547	0.378645	1.000000
2.7230795693020848347032	-7.9636137791958896414712	1100.126100	1103.681448	0.378645	1.000000
2.8585918298349604071973	-8.1220980939155147382280	1100.851723	1104.407071	0.378645	1.000000
2.8137966253541892847068	-7.5484419078002265024452	1100.699938	1104.255286	0.378645	1.000000
2.9744729714239874773796	-7.8663039351405181776045	1101.013597	1104.568945	0.378645	1.000000
2.8449377482878959177981	-7.9770632297549814992976	1100.807696	1104.363044	0.378645	1.000000
3.0569757940114752337024	-7.7957597679845953564381	1100.912592	1104.467940	0.378645	1.000000
3.1756263291686792626933	-7.2320248032918934555369	1100.410753	1103.966101	0.378645	1.000000
2.8507494208245058864293	-6.9235504413088078123906	1100.996432	1104.551780	0.378645	1.000000
2.8507494208245058864293	-6.9235504413088078123906	1100.996432	1104.551780	0.378645	1.000000
2.7992684379611856293479	-7.4670846663856789149349	1100.642227	1104.197575	0.378645	1.000000
2.2449617931524521452502	-6.5905072707605247828155	1097.669079	1101.224428	0.378645	1.000000
3.2352652014699199156667	-7.8402467206477002292786	1100.203546	1103.758894	0.378645	1.000000
2.9323281074525602285519	-8.0992735554620942650672	1100.998343	1104.553692	0.378645	1.000000
3.0042540089970524164187	-8.1833923442126117464568	1100.997132	1104.552481	0.378645	1.000000
3.2777282304218067210400	-7.9495577845699241237298	1099.953947	1103.509295	0.378645	1.000000
2.9734002862055595173274	-7.6450990160584257893106	1101.013408	1104.568756	0.378645	1.000000
2.8451249776312015349333	-7.5505506648258071678015	1100.821682	1104.377030	0.378645	1.000000
2.7803136264241841146827	-7.3400208847965959790827	1100.572044	1104.127392	0.378645	1.000000
2.9619631979861673620746	-7.4705852035059976401499	1101.014401	1104.569749	0.378645	1.000000
3.1096747283141148443519	-7.1101687848645838130324	1100.636965	1104.192313	0.378645	1.000000
3.1096747283141148443519	-7.1101687848645838130324	1100.636965	1104.192313	0.378645	1.000000
3.2894154718990300523274	-6.9031268021665930234576	1099.158290	1102.713638	0.378645	1.000000
2.7348637403354243424758	-7.8810656705767323515488	1100.217884	1103.773232	0.378645	1.000000
3.0540642139520093323313	-7.6081328076655259096128	1100.914261	1104.469609	0.378645	1.000000
2.8193558089990546910997	-7.0757477126400232236847	1100.851548	1104.406896	0.378645	1.000000
2.4366690494699416724700	-6.6281878490693646455156	1099.868581	1103.423929	0.378645	1.000000
2.8953259700602003157144	-7.8507091101209320882504	1100.946250	1104.501598	0.378645	1.000000
2.8953259700602003157144	-7.8507091101209320882504	1100.946250	1104.501598	0.378645	1.000000
3.0164491304417113681779	-7.9923650827558363474168	1100.983584	1104.538932	0.378645	1.000000
2.9650655159836571961307	-7.4343497073002815511700	1101.014029	1104.569377	0.378645	1.000000
2.6225865234344034604419	-6.5703372178919519086548	1101.013049	1104.568397	0.378645	1.000000
3.2262704423573929091162	-7.9964855132779497637330	1100.257138	1103.812486	0.378645	1.000000
3.0267217083012400991038	-7.2248916361227193405625	1100.934106	1104.489454	0.378645	1.000000
2.8969678761173498493520	-7.2922812425128800128959	1100.973144	1104.528492	0.378645	1.000000
2.7504578282580021131309	-8.2245453749822132749614	1100.322922	1103.878271	0.378645	1.000000
2.7504578282580021131309	-8.2245453749822132749614	1100.322922	1103.878271	0.378645	1.000000
3.1622732574900047630706	-8.4221327046919309822215	1100.572661	1104.128009	0.378645	1.000000
3.2201736633340471982478	-8.3726248723516913941012	1100.292937	1103.848285	0.378645	1.000000
3.1067795329419554128947	-8.4695827004356658562756	1100.781837	1104.337185	0.378645	1.000000
2.7542697429716027635038	-8.0932667041727359702463	1100.349636	1103.904984	0.378645	1.000000
2.7542697429716027635038	-8.0932667041727359702463	1100.349636	1103.904984	0.378645	1.000000
3.0501576314143572510318	-8.3626748977170226595490	1100.929886	1104.485234	0.378645	1.000000
2.8126919273579553681941	-8.0849539798546743440966	1100.676504	1104.231852	0.378645	1.000000
2.2065593820960871518366	-6.3052874889706833627656	1100.786601	1104.341949	0.378645	1.000000
3.0965837114082566117190	-7.0782431183284320042048	1100.666182	1104.221530	0.378645	1.000000
3.0805639446035688600034	-7.1747986847876221716547	1100.778167	1104.333515	0.378645	1.000000
2.2830660165588505527978	-6.5328467087865673690317	1099.400006	1102.955354	0.378645	1.000000
2.8034055606136636384917	-6.5620586618526042244071	1100.412221	1103.967569	0.378645	1.000000
2.4839315479799704000641	-6.5641711642612792232399	1100.747410	1104.302758	0.378645	1.000000
3.9154155934080421275212	-8.2383205517752280400146	1093.670049	1097.225397	0.378645	1.000000
2.7273599662626475392813	-7.1386808675295574388997	1100.358789	1103.914137	0.378645	1.000000
2.8191130263593651150700	-8.3495012609419827498414	1100.704016	1104.259365	0.378645	1.000000
2.8252320430521784544453	-8.3442691861732676272823	1100.730135	1104.285483	0.378645	1.000000
2.7374104752847592259002	-8.4193611546924103095080	1100.230196	1103.785545	0.378645	1.000000
3.4329277567988345509775	-8.2952166413110788312224	1098.812862	1102.368211	0.378645	1.000000
2.7408853608288796799286	-7.4858591377838052949301	1100.295971	1103.851319	0.378645	1.000000
2.9471717550495872828265	-7.1195931672626979747065	1101.012122	1104.567470	0.378645	1.000000
3.1055248683071017268276	-7.0981293388278539069347	1100.645319	1104.200667	0.378645	1.000000
3.1401285796460540744590	-7.4163382938990158876891	1100.627085	1104.182433	0.378645	1.000000
2.7796442877366609458534	-6.9298817138990695951861	1100.840643	1104.395991	0.378645	1.000000
1.8935809080509600210718	-6.2860474807909962891017	1100.138639	1103.693987	0.378645	1.000000
2.6340939642711735935166	-8.2413076983350368465153	1099.259525	1102.814873	0.378645	1.000000
3.0921350035357204610875	-7.8496589931784734872622	1100.823308	1104.378656	0.378645	1.000000
2.9063644147249401150646	-7.6323965525183892211203	1100.969304	1104.524652	0.378645	1.000000
2.6596477085118181982182	-7.2671831166202736085324	1099.697908	1103.253256	0.378645	1.000000
3.0775929932889760642922	-7.6896901146738443344475	1100.860246	1104.415594	0.378645	1.000000
2.6677545743891801777181	-6.7585399545802982146370	1100.730013	1104.285361	0.378645	1.000000
2.9624835426414599659495	-6.9711631758493730615101	1100.966647	1104.521995	0.378645	1.000000
3.0762398971754287835267	-8.0482725180069998316412	1100.869227	1104.424575	0.378645	1.000000
2.8189828723111691743952	-8.0541021837351269851979	1100.704874	1104.260222	0.378645	1.000000
3.0418863854076407804428	-8.3147923263301652951895	1100.945592	1104.500940	0.378645	1.000000
3.0418863854076407804428	-8.3147923263301652951895	1100.945592	1104.500940	0.378645	1.000000
2.8659628779569543688410	-7.7741477366836262419270	1100.877332	1104.432680	0.378645	1.000000
3.0349633318702835538261	-8.2947463860043466610250	1100.957562	1104.512910	0.378645	1.000000
3.0039935593004853942034	-8.3209187755097513417013	1100.997484	1104.552832	0.377531	1.000000
3.1594971966181972788945	-7.8220564222908608442708	1100.578809	1104.134157	0.377531	1.000000
3.1339113919481387249277	-7.9478221959897537018946	1100.684418	1104.239766	0.377531	1.000000
3.0001879508314925892876	-7.1244581966618474311304	1100.959680	1104.515028	0.377531	1.000000
2.4341462792921655378109	-6.6612418295584001626253	1099.499090	1103.054438	0.377531	1.000000
3.0520814366894204461289	-6.7839758380509316282314	1100.331830	1103.887178	0.377531	1.000000
2.9801975056982645817527	-6.8447245644692475963211	1100.804448	1104.359796	0.377531	1.000000
2.8632586707514722235146	-8.1208822211236562083059	1100.865808	1104.421157	0.377531	1.000000
2.8837133602386026964837	-8.1035960722098163699911	1100.919716	1104.475064	0.377531	1.000000
3.0313950072012341152572	-7.8306515017379858534241	1100.961465	1104.516813	0.377531	1.000000
2.6993553951717870198479	-7.6584067870473164774126	1099.946217	1103.501565	0.377531	1.000000
2.9450355823648672881632	-7.9099757247104838242535	1101.008267	1104.563615	0.377531	1.000000
3.1293960131201590257888	-8.0709515978007146941309	1100.702532	1104.257880	0.377531	1.000000
3.3027472273406375258276	-6.8409966306333007679541	1098.776862	1102.332210	0.377531	1.000000
3.0878445810763182066694	-6.7414657874787202729294	1099.915105	1103.470453	0.377531	1.000000
2.6658869822238875357812	-7.1579636668688157996598	1099.853167	1103.408516	0.377531	1.000000
3.3793866342805309876951	-7.4743174391504103581951	1099.186913	1102.742261	0.377531	1.000000
3.4351063020808250136895	-7.5133019867678605407946	1098.741432	1102.296780	0.377531	1.000000
2.8720535994517781830382	-8.0890143687674314065816	1100.890657	1104.446005	0.377531	1.000000
3.2143758845569214699367	-7.6468345099633774353265	1100.307001	1103.862349	0.377531	1.000000
2.7013578666687494411747	-7.0426948965264584145984	1100.286584	1103.841932	0.377531	1.000000
2.7351622595617497424314	-7.4279102351353856192873	1100.268223	1103.823571	0.377531	1.000000
3.0872506286746927983700	-8.3254931434157786185324	1100.840494	1104.395843	0.377531	1.000000
2.8308400361559997726602	-8.0220826453735050165506	1100.754549	1104.309897	0.377531	1.000000
2.9381040022558355673254	-8.4636186217238726925416	1101.003027	1104.558375	0.377531	1.000000
2.9381040022558355673254	-8.4636186217238726925416	1101.003027	1104.558375	0.377531	1.000000
2.9381040022558355673254	-8.4636186217238726925416	1101.003027	1104.558375	0.377531	1.000000
2.9381040022558355673254	-8.4636186217238726925416	1101.003027	1104.558375	0.377531	1.000000
2.9199733353925951817587	-8.4789407515221455469145	1100.984345	1104.539693	0.377531	1.000000
3.3676427738241447862322	-7.4728536131804936815115	1099.277655	1102.833003	0.377531	1.000000
2.9649265194441105641943	-6.6013850186477514014882	1099.708597	1103.263945	0.377531	1.000000
3.1264505180983843679599	-7.4693533371026648026714	1100.688427	1104.243775	0.377531	1.000000
3.3674034521107798489936	-7.4575639165149008036337	1099.275235	1102.830583	0.377531	1.000000
2.9108112288197842687509	-8.0407073472696488636302	1100.972058	1104.527406	0.377531	1.000000
3.2148104037209530581265	-8.3338894679448873858973	1100.321202	1103.876550	0.377531	1.000000
2.9871496119473195385297	-7.8261151968076756446635	1101.008835	1104.564184	0.377531	1.000000
2.9871496119473195385297	-7.8261151968076756446635	1101.008835	1104.564184	0.377531	1.000000
3.1494475196524742699467	-7.0916573450910913578582	1100.444369	1103.999717	0.377531	1.000000
3.0450531084166949646885	-7.7652612763316808397462	1100.936598	1104.491946	0.377531	1.000000
2.8073615522855650539213	-6.8083361950122629480120	1101.004374	1104.559722	0.377531	1.000000
2.6633551865707705275099	-6.7402187932644075374355	1100.765290	1104.320638	0.377531	1.000000
3.0550723554412009264070	-7.8122324680670898189305	1100.916955	1104.472303	0.377531	1.000000
1.6273095573186409090738	-6.0954486264278449070275	1100.866335	1104.421683	0.377531	1.000000
1.6434906478447117716968	-6.0817740731867431236424	1100.492015	1104.047363	0.377531	1.000000
1.6434906478447117716968	-6.0817740731867431236424	1100.492015	1104.047363	0.377531	1.000000
0.7537324041959220233267	-5.7045572792941090511931	1100.885280	1104.440628	0.377531	1.000000
0.7537324041959220233267	-5.7045572792941090511931	1100.885280	1104.440628	0.377531	1.000000
0.6982363371376993921302	-5.7056078325958878849633	1100.779545	1104.334893	0.377531	1.000000
0.6982363371376993921302	-5.7056078325958878849633	1100.779545	1104.334893	0.377531	1.000000
3.1597145136129838327577	-6.8078099328111436605582	1099.753566	1103.308914	0.377531	1.000000
3.1873306978108475462363	-6.8625204276002831349501	1099.781018	1103.336366	0.377531	1.000000
2.8217646500927227037891	-7.5656040798639727640307	1100.732569	1104.287918	0.377531	1.000000
2.8217646500927227037891	-7.5656040798639727640307	1100.732569	1104.287918	0.377531	1.000000
2.8991171917436160399006	-7.7986644150338024772395	1100.954035	1104.509383	0.377531	1.000000
2.8991171917436160399006	-7.7986644150338024772395	1100.954035	1104.509383	0.377531	1.000000
3.1205585448056258890404	-7.9937221668089488701980	1100.733597	1104.288945	0.377531	1.000000
3.1170822176068013753536	-8.0338577979774594695073	1100.746040	1104.301388	0.377531	1.000000
2.6068746682381433998899	-6.7207090118198822281670	1100.557479	1104.112827	0.377531	1.000000
2.9319559350002650788269	-7.1053774768924329308106	1101.014417	1104.569765	0.377531	1.000000
2.8811227643060859371360	-7.1483363181368853034314	1100.970179	1104.525527	0.377531	1.000000
2.8790268498563382770783	-6.5347690635915958168312	1099.584425	1103.139773	0.377531	1.000000
2.9265165094394958167356	-6.9802296822361125094858	1101.008034	1104.563382	0.377531	1.000000
3.0089478850240789498116	-6.9188424842652320734260	1100.818012	1104.373360	0.377531	1.000000
1.6491175954122874180996	-6.0470215578181445437167	1099.177392	1102.732740	0.377531	1.000000
0.6029080975133294106882	-5.6397524931101221667973	1100.744857	1104.300205	0.377531	1.000000
0.6029080975133294106882	-5.6397524931101221667973	1100.744857	1104.300205	0.377531	1.000000
0.5952585841891103735080	-5.5656055539410784760435	1099.873370	1103.428718	0.377531	1.000000
0.7193880235232303910209	-5.7124878439436956867326	1100.911566	1104.466914	0.377531	1.000000
0.7193880235232303910209	-5.7124878439436956867326	1100.911566	1104.466914	0.377531	1.000000
2.9429068422486888145784	-7.8464629349183203643747	1101.007179	1104.562527	0.377531	1.000000
2.7103443747369531102720	-7.3359213354089618519538	1100.111440	1103.666788	0.377531	1.000000
3.3749368337158340835913	-7.2644645362767246155045	1099.125038	1102.680386	0.377531	1.000000
2.6326086769461061187769	-6.5397094040466843267723	1100.949808	1104.505156	0.377531	1.000000
2.6326086769461061187769	-6.5397094040466843267723	1100.949808	1104.505156	0.377531	1.000000
2.9643902243084134795481	-7.6868287685627194605331	1101.014411	1104.569759	0.377531	1.000000
1.7097614282107047589676	-6.2096222973756978191773	1100.064404	1103.619752	0.377531	1.000000
1.5987685765176904428841	-6.0782845235321518728711	1100.764439	1104.319787	0.377531	1.000000
1.5987685765176904428841	-6.0782845235321518728711	1100.764439	1104.319787	0.377531	1.000000
2.7292786730802669481477	-7.4989369886195254011341	1100.210128	1103.765476	0.377531	1.000000
3.5015450217516113085026	-6.8462988191337847965201	1096.836230	1100.391578	0.377531	1.000000
3.1512998860374930032435	-7.6397106125416573974007	1100.605466	1104.160814	0.377531	1.000000
3.2306701329183833415470	-7.5726352405212455920491	1100.210962	1103.766310	0.377531	1.000000
3.2091205277958079200573	-7.5347858121428581412715	1100.323113	1103.878461	0.377531	1.000000
1.8110517415540556829257	-6.1766834145012383672224	1100.985145	1104.540493	0.377531	1.000000
3.0202209286197119197936	-6.8710320535922084772551	1100.710367	1104.265715	0.377531	1.000000
2.8139218307688560472002	-7.0453743201166831866544	1100.852666	1104.408014	0.377531	1.000000
3.1875471565754938119142	-7.4341063280872514695830	1100.416663	1103.972012	0.377531	1.000000
2.8370517696046615441219	-6.9001733342072038013271	1100.990963	1104.546311	0.377531	1.000000
2.8370517696046615441219	-6.9001733342072038013271	1100.990963	1104.546311	0.377531	1.000000
2.7370972690113530845224	-7.0907091403036162091666	1100.464995	1104.020343	0.377531	1.000000
2.4859637184796392617159	-6.5431093078008606411800	1100.869271	1104.424620	0.377531	1.000000
3.0382630577018185924487	-7.1843380342358340584497	1100.899989	1104.455337	0.377531	1.000000
2.7802156734759444489669	-7.0334641764338101665999	1100.738928	1104.294276	0.377531	1.000000
2.7213351507876670787311	-8.0915455402039881960263	1100.110113	1103.665461	0.377531	1.000000
3.0815929148191951725266	-7.1068023110109210804808	1100.741082	1104.296430	0.377531	1.000000
1.3363279079437264673658	-5.9914756131940380967649	1100.956770	1104.512118	0.377531	1.000000
2.8113822083503707816021	-6.8937332110972766585633	1100.955992	1104.511340	0.377531	1.000000
2.8182653119672873565094	-7.3044711006867295566281	1100.757514	1104.312862	0.377531	1.000000
3.1201978422493836795582	-7.0493095308338835636164	1100.541319	1104.096667	0.377531	1.000000
2.8575059102963304979994	-6.9630538652189830628458	1100.989753	1104.545101	0.377531	1.000000
2.9889265012978110114261	-7.4120397699946796166159	1101.002745	1104.558093	0.376636	1.000000
3.0856350570523725096450	-7.2908585404291894604967	1100.797939	1104.353287	0.376636	1.000000
2.8091124761107142404626	-6.8486278276875793835643	1100.983966	1104.539314	0.376636	1.000000
2.6631755803483159183997	-6.8521476825922702502680	1100.425333	1103.980681	0.376636	1.000000
3.2196044227021944905687	-6.9542820139279228897067	1099.828031	1103.383379	0.376636	1.000000
1.8893862099632423579010	-6.2114907669021492964134	1101.005814	1104.561162	0.376636	1.000000
1.8945945270833417506395	-6.2070675614569301714596	1100.979444	1104.534792	0.376636	1.000000
2.7921771431421626985525	-7.2639696122029366875950	1100.656121	1104.211469	0.376636	1.000000
2.7921771431421626985525	-7.2639696122029366875950	1100.656121	1104.211469	0.376636	1.000000
2.7921771431421626985525	-7.2639696122029366875950	1100.656121	1104.211469	0.376636	1.000000
2.8481179516006429608410	-7.4290166368041248290410	1100.842596	1104.397944	0.376636	1.000000
2.9302213828160703634751	-8.2569121750333014375656	1100.996132	1104.551480	0.376636	1.000000
3.4876697812290160527482	-8.3724786864478506487330	1098.336313	1101.891661	0.376636	1.000000
3.0551353590195668985530	-8.0879122859466026085329	1100.919040	1104.474388	0.376636	1.000000
3.0089052039930899162812	-7.8913756481605554782277	1100.991790	1104.547138	0.376636	1.000000
2.7432888221912969939353	-7.1358571739383913623556	1100.462418	1104.017766	0.376636	1.000000
2.7897772097746282859987	-6.9406894754838157624022	1100.861570	1104.416918	0.376636	1.000000
2.9421310317518361010514	-7.0936683459129179496472	1101.012403	1104.567751	0.376636	1.000000
3.0866907249078106012519	-7.7133536024026039257251	1100.835936	1104.391284	0.376636	1.000000
3.0913669014819462610433	-7.7188597926099804524824	1100.822567	1104.377915	0.376636	1.000000
3.0913669014819462610433	-7.7188597926099804524824	1100.822567	1104.377915	0.376636	1.000000
3.0913669014819462610433	-7.7188597926099804524824	1100.822567	1104.377915	0.376636	1.000000
3.0061125542212114858387	-7.7912627366582620780378	1100.994070	1104.549419	0.376636	1.000000
2.5749722537002677213991	-6.6477800062333018971117	1100.723306	1104.278654	0.376636	1.000000
3.1686247993502818509626	-7.4900344446922071384165	1100.515646	1104.070994	0.376636	1.000000
2.2864920453736776728704	-6.4513245810789419110165	1100.618028	1104.173377	0.376636	1.000000
2.3592239728391422026732	-6.4890518551711053873987	1100.671659	1104.227007	0.376636	1.000000
3.0207920041149889378573	-6.8539822510581727144086	1100.676042	1104.231390	0.376636	1.000000
3.0207920041149889378573	-6.8539822510581727144086	1100.676042	1104.231390	0.376636	1.000000
3.0207920041149889378573	-6.8539822510581727144086	1100.676042	1104.231390	0.376636	1.000000
3.4291864283304782645700	-7.3638426740594944419627	1098.737698	1102.293046	0.376636	1.000000
3.3607880830864198529184	-7.2934312008468795696103	1099.255527	1102.810875	0.376636	1.000000
3.5070405664227579656256	-7.5364610406631236116937	1098.105772	1101.661121	0.376636	1.000000
2.8826328117573560838593	-7.2311690094475107315475	1100.957411	1104.512759	0.376636	1.000000
2.9485701959057859511404	-7.4675359211442158269278	1101.012484	1104.567832	0.376636	1.000000
2.9522664700970460138763	-7.4718882779111233105596	1101.013453	1104.568801	0.376636	1.000000
2.7500769742291826247538	-6.6626309968031778296904	1101.001947	1104.557295	0.376636	1.000000
2.7500769742291826247538	-6.6626309968031778296904	1101.001947	1104.557295	0.376636	1.000000
2.7013182686760108808244	-6.8733386027698903930627	1100.595795	1104.151143	0.376636	1.000000
2.7225919621196092990090	-7.5114067084350528702430	1100.157338	1103.712686	0.376636	1.000000
2.8469174862549975202342	-7.3728545972869961033780	1100.846135	1104.401483	0.376636	1.000000
2.7212843448359915754509	-7.3220948246155224126142	1100.201565	1103.756913	0.376636	1.000000
3.2208218122533263105822	-8.3674178848318767620640	1100.289458	1103.844807	0.376636	1.000000
2.8941877601865160229977	-7.7179057235618353516315	1100.945920	1104.501268	0.376636	1.000000
3.0078933271166912177819	-7.3497097664777717440643	1100.980030	1104.535378	0.376636	1.000000
2.8712749346102923730939	-6.8407497653395363812479	1101.008852	1104.564200	0.376636	1.000000
1.7797870582429757835285	-6.2068973604554642520270	1100.780170	1104.335518	0.376636	1.000000
1.8010366170016294251610	-6.1917119350918179421228	1100.999797	1104.555145	0.376636	1.000000
2.8893208464048054651130	-6.6964096718763066462543	1100.756851	1104.312199	0.376636	1.000000
2.7725314911441136800363	-7.6619864382362052879216	1100.478333	1104.033681	0.376636	1.000000
2.9496084369813240222413	-8.2029490695937710142971	1101.010297	1104.565645	0.376636	1.000000
2.9686457145358340348196	-7.9163023663358025316938	1101.014370	1104.569718	0.376636	1.000000
2.9686457145358340348196	-7.9163023663358025316938	1101.014370	1104.569718	0.376636	1.000000
2.3418181255082290981306	-6.4775495002963703328192	1100.679195	1104.234543	0.376636	1.000000
2.9910970581150930769354	-7.6858581152795348856444	1101.005763	1104.561111	0.376636	1.000000
3.1944871399443672821405	-7.3395140486042160787861	1100.358074	1103.913422	0.376636	1.000000
2.7143755805604419251154	-6.5984600054012529923853	1100.949515	1104.504863	0.376636	1.000000
2.7143755805604419251154	-6.5984600054012529923853	1100.949515	1104.504863	0.376636	1.000000
2.9516999060167656843134	-6.8779090073973705443677	1100.923265	1104.478613	0.376636	1.000000
3.0375484953820848232908	-6.9044603068737648854380	1100.700297	1104.255645	0.376636	1.000000
3.0734670375004333742197	-7.2452158288397052743335	1100.823590	1104.378938	0.376636	1.000000
2.8865180901743316965735	-7.0250837515482089656871	1101.002495	1104.557843	0.376636	1.000000
2.9689184356767599481941	-7.1221100225405038486315	1100.998890	1104.554238	0.376636	1.000000
2.9689184356767599481941	-7.1221100225405038486315	1100.998890	1104.554238	0.376636	1.000000
3.0927926681092978711263	-6.8351643934452637196841	1100.282549	1103.837897	0.376636	1.000000
3.1429113714361007758669	-6.8941790839919860900409	1100.163786	1103.719134	0.376636	1.000000
3.3049427264704513973470	-7.6395163921103383941613	1099.759533	1103.314881	0.376636	1.000000
3.1364733899372940761907	-7.6565696814108354928408	1100.666023	1104.221371	0.376636	1.000000
2.9750494061859593664110	-6.9044276835986924112376	1100.895556	1104.450904	0.376636	1.000000
2.7982332634410385097112	-8.0651783144139592707234	1100.606988	1104.162336	0.376636	1.000000
1.9803756653529913656087	-6.2331366505170393566004	1100.936582	1104.491930	0.376636	1.000000
2.5410189137978256290751	-7.3765498900221349032336	1098.105556	1101.660904	0.376636	1.000000
2.8819362214709354219622	-8.4428881567224163262608	1100.914868	1104.470216	0.376636	1.000000
2.8819362214709354219622	-8.4428881567224163262608	1100.914868	1104.470216	0.376636	1.000000
2.8819362214709354219622	-8.4428881567224163262608	1100.914868	1104.470216	0.376636	1.000000
2.8819362214709354219622	-8.4428881567224163262608	1100.914868	1104.470216	0.376636	1.000000
3.0826519058147527907465	-8.2724287381696797183395	1100.853089	1104.408437	0.376636	1.000000
3.0991360454908480903669	-8.2584294492067105153410	1100.805456	1104.360804	0.376636	1.000000
3.0376077738494213775766	-8.2415665079483577670771	1100.953036	1104.508384	0.376636	1.000000
3.0941829217611460656201	-7.7857050387315327455440	1100.815986	1104.371334	0.376636	1.000000
2.9213075236934655798393	-7.9325208689593891264735	1100.986935	1104.542283	0.376636	1.000000
3.2601101724461067909999	-8.3314604293500948983819	1100.066333	1103.621681	0.376636	1.000000
3.1566532357120604679324	-8.4193220697524697726521	1100.596548	1104.151896	0.376636	1.000000
2.9556232009154559392528	-8.0431987828646231974972	1101.012699	1104.568047	0.376636	1.000000
1.0614817669767981911377	-5.8128503668904469847689	1098.799366	1102.354714	0.376636	1.000000
1.0614817669767981911377	-5.8128503668904469847689	1098.799366	1102.354714	0.376636	1.000000
2.8420142640022580948767	-7.9094244469334524794135	1100.798128	1104.353476	0.376636	1.000000
2.7430806647903849260217	-6.7811437213676279966990	1100.931846	1104.487194	0.376636	1.000000
2.9651750540497263664008	-7.1646152194095495957527	1101.006286	1104.561634	0.376636	1.000000
2.8812078942984356011436	-7.7408380532655813865972	1100.917465	1104.472813	0.376636	1.000000
3.1522597436545054527812	-7.2998044755718245468756	1100.547796	1104.103144	0.376636	1.000000
2.5734938773117690402614	-6.7951587525220240593171	1099.950619	1103.505967	0.376636	1.000000
2.8913166927237998748978	-6.8652779169134090508919	1101.003459	1104.558807	0.376636	1.000000
3.1761824481262972419415	-7.6867004061522736790835	1100.499095	1104.054443	0.376636	1.000000
3.1162900990422652824918	-7.9378779103110028714241	1100.747741	1104.303089	0.376636	1.000000
2.8572344318775284577328	-7.2560184596502681486641	1100.896783	1104.452131	0.376636	1.000000
2.8700762370053789496183	-6.9958679209858027903124	1100.993663	1104.549011	0.376636	1.000000
3.4271111185654627995234	-7.6517755757518468584522	1098.834542	1102.389890	0.376636	1.000000
3.1865455936329629693660	-7.7407261771221387292030	1100.453166	1104.008514	0.376636	1.000000
3.0519074680364211005212	-7.1343342807250653692108	1100.848214	1104.403562	0.376636	1.000000
