-5.0087635462895994109545	-8.3254558736114585570931	9.3187377866932745718032	-7.9583436510306277966720	-16.6052544065067984035977	5.2557799374771585476651	45821.614649	45831.817657	0.000000	1.000000
-5.0144341454424914417132	-8.3347692954796386288763	9.3032421572155801214876	-7.9532759598318154559138	-16.5981632181287395155778	5.2739949809681370140879	45829.552052	45839.755061	0.775000	1.000000
-5.0472032665647938998177	-8.3273900542873828811707	9.2995517286169757653624	-7.9697397722178644485780	-16.5363126651982241810401	5.2814549939494126462591	45834.380900	45844.583909	0.775000	1.000000
-5.0527198311465513214102	-8.3183461843181571993000	9.2867582281227889495767	-7.9918355346410141493152	-16.5462995087939965799251	5.2487196321840601243025	45841.024682	45851.227690	0.775000	1.000000
-5.0610134220056135490040	-8.3147135316844078545273	9.2539574845121741475396	-7.9726840303349719718540	-16.5587670769280350668851	5.2389105289557988953675	45857.522913	45867.725922	0.775000	1.000000
-5.0661633955220057856650	-8.3070244306419152025001	9.2297541451345495033820	-7.9701533731244582625663	-16.5463506915748652659204	5.2202509517766069180311	45869.646163	45879.849171	0.775000	1.000000
-5.0975602693877970494896	-8.0001633439165633632228	9.2212452447014872092268	-7.8318294429906680775844	-16.5396179242927594543744	5.2202509517766069180311	45876.500908	45886.703916	0.775000	1.000000
-5.0925234362741429450239	-8.0015167682952395011853	9.2168814787406336819231	-7.8281325355801438803383	-16.5391340509613371523301	5.2168177756964659863570	45878.153645	45888.356653	0.775000	1.000000
-5.0929853158033155935414	-8.0112066293785488824142	9.2085870460656700231539	-7.8077318512863804755852	-16.5139550796478538075007	5.2540117882821322226050	45882.183546	45892.386554	0.775000	1.000000
-5.1681372851004541146835	-8.0498032620327037989227	9.1034111063509399741633	-7.8530756778544441587542	-16.5410872968014892592237	5.2327167686732884988032	45939.902777	45950.105785	0.775000	1.000000
-5.1727851109479381364054	-8.0458665618659814811053	9.1035246743905435806710	-7.8538899657455809588669	-16.5350988580948907724633	5.2637697246070977996624	45940.240968	45950.443976	0.775000	1.000000
-5.1675650735833364990413	-8.0423497386677418319323	9.0914530318927919694261	-7.8516232515384380974410	-16.5692116735869099386491	5.2822900275555069171673	45945.703565	45955.906573	0.775000	1.000000
-5.1883799464658792999217	-8.0628431198221335307608	9.0789991351533601005031	-7.8341585184079880477270	-16.5554303934869260217511	5.2964384915498881056806	45953.541228	45963.744236	0.775000	1.000000
-5.1801999315026030501485	-8.0456799737023860785712	9.0523031321290829964710	-7.8366066197946686600062	-16.5617302161809725191688	5.2652617286743845781416	45965.965623	45976.168631	0.775000	1.000000
-5.1751008335484902644907	-8.0343080478418489320802	9.0571610785880540817061	-7.8444084198643500016601	-16.5684432379680792735144	5.2888109880439913013106	45963.154687	45973.357695	0.775000	1.000000
-5.1753355174906356950260	-8.0523151061087698820984	9.0417812768361471853495	-7.8266331038821919108273	-16.5642225569805852103400	5.2627366904811996306535	45970.723516	45980.926525	0.775000	1.000000
-5.2055244127191242498043	-8.0533745990350134036362	8.9943900376591940926119	-7.8323652589738994578283	-16.5585948138343077573609	5.2635488790086872867846	45996.633186	46006.836194	0.775000	1.000000
-5.2155739193347834259384	-8.0901586168975558877037	8.9979854513407975247219	-7.8381071474708843282997	-16.5644832570965725437873	5.2882011907965988939395	45995.682241	46005.885249	0.775000	1.000000
-5.2059554112139965198480	-8.0760351594959516319250	8.9860025409846322475005	-7.8428986579400845613463	-16.5360971955315285697452	5.2805779269305013201574	46000.829395	46011.032403	0.775000	1.000000
-5.2017890600378482446331	-8.0860388041598554309530	8.9734538066846596393589	-7.8489162456187129279783	-16.5496836773232480766183	5.2680679666937937355442	46006.709536	46016.912545	0.775000	1.000000
-5.0670023707961506787001	-8.0915617782406350499969	8.9295539414155982171906	-7.8659022716166617783529	-16.4460212199663544652140	5.2509919804479396887587	46016.729738	46026.932747	0.775000	1.000000
-5.0601758534583254345307	-8.0407572623567862279970	8.9264227645725071624838	-7.8721873952047802802667	-16.4406643179372586871523	5.2497015471746450998580	46017.662837	46027.865845	0.775000	1.000000
-5.0606951736194520918843	-7.8714612702507702479693	8.9209343788282335907525	-7.8771031325862175265229	-16.4500783701829860206090	5.2584848969201294366371	46020.448241	46030.651249	0.775000	1.000000
-5.0474578877806308696563	-7.9008502423932602809487	8.8395655444939915668101	-7.8918025431575236083859	-16.5154252554284077803004	5.2575593497142776300279	46059.950720	46070.153728	0.775000	1.000000
-5.0127880950598759923764	-7.9077966708864995126760	8.7719429459345281685501	-7.8679740349729101467346	-16.5121718020941266047430	5.2744673073839623000936	46090.771218	46100.974226	0.775000	1.000000
-5.0144397911242712950752	-7.9109150771924063860752	8.7670361376707663936259	-7.8857539378593637380277	-16.4841757018201242601663	5.2577785352610186819788	46093.426613	46103.629621	0.775000	1.000000
-5.0293738479527529960933	-7.8986511962358720850830	8.7486170117607535701154	-7.9205286780024657389276	-16.4545552304408921884260	5.2558683812257598333417	46104.211840	46114.414848	0.775000	1.000000
-5.0402380264355093331119	-7.8901873891044704834030	8.7248178546705510427728	-7.9034516867513895377328	-16.4392642544654954406269	5.2424481409599792414156	46117.329323	46127.532332	0.775000	1.000000
-5.0690671883630997740511	-7.9058451137979259826238	8.7090448747283666364183	-7.9048282403369602988619	-16.4714364352933309021410	5.2498001902177833244423	46128.062998	46138.266007	0.775000	1.000000
-5.0465286647165967792716	-7.9071057185421187440966	8.6877487741530199372164	-7.9257339305200815715580	-16.4751564165356150226671	5.2297566513174151836552	46136.845534	46147.048543	0.775000	1.000000
-5.0382320600228931439801	-7.9190227167704012600780	8.6799222990066251526287	-7.9335669215342692339732	-16.4808318624626188864113	5.2305303776955920369574	46140.070060	46150.273068	0.775000	1.000000
-5.0188802642709244850039	-7.9023236793906352914973	8.6714822776583559971186	-7.9594985371945945473726	-16.4890821246072860617460	5.2023381362208684919324	46142.562498	46152.765506	0.775000	1.000000
-5.0294669156957167999167	-7.9045009923977245236415	8.6642919707128509543281	-7.9580297956531804715041	-16.4822487512741275850203	5.1882991213765619065157	46147.255004	46157.458012	0.775000	1.000000
-5.0910433762620739273075	-7.9174000257357741716646	8.6550418228233922945947	-7.9565724081337059203634	-16.4596193100208232351633	5.1632308450113919562341	46157.744152	46167.947160	0.775000	1.000000
-5.0910557609686630797796	-7.9294763821972322759279	8.6408892363913416545529	-7.9615762803230749611316	-16.4688127435715898627677	5.1303732139578528403945	46165.016842	46175.219850	0.775000	1.000000
-5.1086881444839828958493	-7.9796553988745584362619	8.6336906036419485133138	-7.9482016550841327884314	-16.4967287735492931233239	5.1492611881896239722778	46170.316616	46180.519625	0.775000	1.000000
-5.0909716450012441057993	-7.9772731841577897426987	8.6045796101787193066457	-7.9796696147416996680590	-16.5048988286482973819602	5.1932146597094019924157	46183.719805	46193.922813	0.775000	1.000000
-5.1261859272496579364997	-7.9588650421270079604597	8.5980237617642583103361	-7.9669297271873951160615	-16.4840127157327742679627	5.1952590771033708705318	46190.287358	46200.490366	0.775000	1.000000
-5.1127793882571408445870	-7.9477996544437665704663	8.5788162967040495487936	-7.9687720933067875961342	-16.5099825485965219229456	5.1829762147492450807817	46199.016979	46209.219987	0.775000	1.000000
-5.1139398222384588876821	-7.9380328008569058795274	8.5676429436581198473277	-7.9667326695983406992241	-16.4571782549470952972115	5.1688959406500352145031	46204.909114	46215.112123	0.775000	1.000000
-5.1167671233795894991658	-7.9442332658372203368913	8.5361780887716189880621	-7.9951763871337169220510	-16.2310373961710787682478	5.1441145732123088052390	46221.515809	46231.718817	0.775000	1.000000
-5.1288064538533086889061	-7.9432264301981430065780	8.5299466880557819337128	-7.9923675594712815239973	-16.2436984522923069107492	5.1470387669701089805585	46225.839204	46236.042212	0.775000	1.000000
-5.1794680163271618056342	-7.9615761761294834286673	8.5128781791345229379431	-7.9886343644567237021192	-16.2794952720704877435765	5.1494650657823157757775	46239.180002	46249.383011	0.775000	1.000000
-5.1816174996759256643486	-7.9458902175848802329483	8.4961712462787897237604	-7.9718750920831844553049	-16.2691149201586569006395	5.1656749200526972387593	46248.084111	46258.287119	0.775000	1.000000
-5.2009733456844458032720	-7.9256637712033128906342	8.4763855872684850112364	-7.9972435505688954648917	-16.2709736146813277457568	5.1624265858036793019892	46260.101413	46270.304421	0.775000	1.000000
-5.2093660841414806128569	-7.8913955782582458908792	8.4501716546530065699017	-7.9869637030061806370895	-16.2624925616664413041690	5.1388863616913820209220	46274.563950	46284.766958	0.775000	1.000000
-5.2748125818735909220436	-7.8452270877346830246779	8.3837732982589212582525	-8.0932156331271407623262	-16.1806637665921364543919	5.1454571010915621798176	46314.987520	46325.190528	0.775000	1.000000
-5.2734338446362079011465	-7.8516626936449993579004	8.3349995729967307767083	-8.0938126923966482451078	-16.2096428281844318064486	5.1406309231900353395872	46340.799293	46351.002301	0.775000	1.000000
-5.2737147883331507713933	-7.8379607284326358040971	8.3030889538912528990977	-8.0614448098560167466076	-16.2105225330981816966869	5.1547672773679646951450	46357.851300	46368.054309	0.775000	1.000000
-5.2796559856383504794053	-7.8507885756478481553700	8.2956532672838001474247	-8.0473205610439109136678	-16.2089376332270092007093	5.1696419701182341199797	46362.298022	46372.501030	0.775000	1.000000
-5.2916365040748489789735	-7.8500384481779095224852	8.2859221247572207857957	-8.0370571664461269989488	-16.2271561443031622218314	5.2092779915770499599148	46368.450669	46378.653677	0.775000	1.000000
-5.3029349509342580404336	-7.8560195687700984379376	8.2510426208347205090377	-8.0545408476529338770433	-16.2538992108791902069242	5.2225462545636709421615	46388.072057	46398.275065	0.775000	1.000000
-5.2829380991783523313643	-7.7933900789698293820607	8.0743642338202334940434	-8.1072625153091344429868	-16.3676371219477765350803	5.1844019456184398109144	46482.611067	46492.814075	0.775000	1.000000
-5.2704857302387315698411	-7.7892072749784766472203	8.0544332855416751471012	-8.1215476864451705552028	-16.3708609347357736396589	5.2101743622687539669869	46492.579843	46502.782851	0.775000	1.000000
-5.3096802532887625858393	-7.7871962452680891786372	8.0086373626165201500271	-8.1281627231821715895421	-16.4013590643494637788535	5.1824760270905141368303	46520.993156	46531.196164	0.775000	1.000000
-5.3126903858967029492533	-7.7844031245670617380483	7.9912974067164164182486	-8.0902237775684966436529	-16.4094925389814925154042	5.1853691231494076774311	46530.835818	46541.038826	0.775000	1.000000
-5.3488095487754074852660	-7.7834396302815553880805	7.9768168976820508220271	-8.0790640610234163432324	-16.4432030835218974118561	5.1967899461108331138348	46541.633363	46551.836371	0.775000	1.000000
-5.3275623516897248066471	-7.8004313463681951290596	7.9569073206711218304577	-8.0814993729416766399254	-16.4363427680093892035984	5.2596391683814456285972	46551.115919	46561.318927	0.775000	1.000000
-5.3568291057956169964882	-7.8968460919758172167349	7.9134123496958297394599	-8.0727227850670786324372	-16.4744577210693279312181	5.1404909962790190647297	46577.641056	46587.844064	0.775000	1.000000
-5.3530040341567728390260	-7.8614285817248594767648	7.9064109017397665724047	-8.0900684135262714846704	-16.4487659697163017824550	5.1361175549839348519754	46581.288038	46591.491046	0.775000	1.000000
-5.3839607625300498483512	-7.8890519553672735497685	7.9008839886111514871914	-8.0737837538166150608276	-16.3992514466190861810446	5.1919939630374747352448	46586.654682	46596.857690	0.775000	1.000000
-5.3782709881670882623439	-7.9015593186144608139898	7.8864361996001521859512	-8.0724175615211741785515	-16.3802371768745942404166	5.1850989195937371434297	46594.365429	46604.568437	0.775000	1.000000
-5.3626287143131960988285	-7.8917732127259956342868	7.8685056731180962330541	-8.0702473071550446803712	-16.3812794077939010151113	5.2136296799912722477188	46603.318122	46613.521131	0.775000	1.000000
-5.3706739074918328213926	-7.8984362703101851366227	7.8462663818190323539170	-8.0577723944905823572071	-16.3863783217878520304112	5.2527524902798292671946	46616.462870	46626.665879	0.775000	1.000000
-5.3734959081882944786912	-7.8610108677609193961189	7.8330089072155848484158	-8.0479353137222098268921	-16.4071814462171801096702	5.2574742387507074070641	46624.168098	46634.371106	0.775000	1.000000
-5.3737675096474033509253	-7.8470003822423368688987	7.8168176557202766474575	-8.0526011128797279070568	-16.4080629322705924266756	5.2448618592971030238914	46633.367566	46643.570575	0.775000	1.000000
-5.3573002333167369926059	-7.8417729702865486274277	7.8020488812202373196669	-8.0514355943180859753738	-16.3995829482003401267320	5.2706546405881748995625	46640.536056	46650.739065	0.775000	1.000000
-5.3616931729337808931746	-7.8300218087605939487617	7.7700578677660159243601	-8.0500900488417261868790	-16.4190226958399740908590	5.2274724027242953638961	46659.082757	46669.285765	0.775000	1.000000
-5.3552134645798661338745	-7.8108664440528023931165	7.7531636847373270882144	-8.0301222371784213294177	-16.4182417784044645259200	5.2298630114165263194081	46668.241876	46678.444885	0.775000	1.000000
-5.4530210327443793261182	-7.8319040518255338412246	7.6895749232497836445077	-8.1122721097671135481733	-16.4129141073953377372163	5.1993045728658371373854	46711.719594	46721.922603	0.775000	1.000000
-5.4259505996132322280801	-7.8814239043239746607128	7.5986044713157072649778	-8.0728258645464610054887	-16.4907176119295009186771	5.2317418078980777451648	46762.637993	46772.841002	0.775000	1.000000
-5.3430471545518773979211	-7.9676602718904918631893	7.5098009179582323469049	-7.9693616480768012522162	-16.6094854200477932693047	5.1377026250244881566687	46808.581821	46818.784829	0.775000	1.000000
-5.3537967809182163136938	-7.9736377294653735248176	7.4928731563956096906054	-7.9788959753330290780582	-16.6120725863344773642893	5.1321857949427043266155	46819.403825	46829.606833	0.775000	1.000000
-5.3821650435589711847229	-7.9711891319194059235542	7.4677803754627651855458	-7.9815549635028268937731	-16.6211675522826674011867	5.1309384210532016368234	46836.395002	46846.598010	0.775000	1.000000
-5.3716393192478353313390	-8.1117650625939941022580	7.3833706781225867388230	-7.9734261481858599296402	-16.5991929083415534762480	5.1596861488334946344025	46885.920195	46896.123203	0.775000	1.000000
-5.3717360459927512295053	-8.1150580620116095076355	7.3632893466903501789034	-7.9659741593372634937964	-16.5900212059013298926402	5.1194636133875466299514	46897.975280	46908.178289	0.775000	1.000000
-5.3662354411158119660286	-8.1211801116804753775114	7.3514290304272646991990	-7.9516364875967813219404	-16.5486013295776110965107	5.1086361460075915275070	46904.683277	46914.886285	0.775000	1.000000
-5.3844449217621441761139	-8.1001231175838039888504	7.3290298207932433882661	-7.9815562815590110901098	-16.5596208016636161630686	5.1058224667958267417589	46919.570732	46929.773740	0.775000	1.000000
-5.3968398174867626693185	-8.1072522712651746701340	7.3225249879002074493428	-7.9774324881674134601894	-16.5506864205792894040314	5.1019860993212571287359	46924.416778	46934.619787	0.775000	1.000000
-5.4180701487553690753884	-8.1007197663622427796781	7.3110822399934951576483	-7.9830945691625112559109	-16.5544085095110240501981	5.1233577950028257319559	46932.882531	46943.085539	0.775000	1.000000
-5.4210876303518293894967	-8.0956926631326702192837	7.2972514468734770431979	-7.9787261457668616770889	-16.5317816371287911181298	5.1121517717468307751005	46941.475595	46951.678603	0.775000	1.000000
-5.4360885847619861976909	-8.1026459110513702199796	7.2716598576169406698000	-7.9812205958456745591434	-16.5375204266230895200351	5.0963756129705206632252	46958.085579	46968.288588	0.775000	1.000000
-5.4564193421703750530583	-8.0692873360567443086211	7.2552156633216071668357	-7.9940276158624179458911	-16.5499470843761713467757	5.0738322383042531171782	46969.519819	46979.722827	0.775000	1.000000
-5.4576597602518184260134	-8.0858548399490519642541	7.2269953894128526883378	-7.9902111785675415944752	-16.5422794674185063001914	4.9866733209987392783091	46986.846991	46997.050000	0.775000	1.000000
-5.4896994505103569039761	-8.0950343946898080105257	7.2115034771693355963862	-7.9762968044880162565846	-16.5590732815916013009883	4.9944595693453761597880	46998.485425	47008.688433	0.775000	1.000000
-5.4892353161854012810750	-8.0803613926274202583500	7.2047755155881620936498	-8.0017338842749374805408	-16.5603345740389755746946	4.9845921590271240475545	47002.595406	47012.798414	0.775000	1.000000
-5.5005148183572494247073	-8.0954457512609856451036	7.1846363028348765311648	-8.0215769500602913666398	-16.5651465178835088920550	4.9817742001790108474779	47015.723729	47025.926737	0.775000	1.000000
-5.5129136156829350312591	-8.1075637460709266690628	7.1549102525251040418652	-8.0643156793746229027420	-16.5661170331312561643244	4.9700961368672595952489	47034.877500	47045.080508	0.775000	1.000000
-5.5229304618534023063603	-8.0890803504669079870837	7.1497570270233268274751	-8.0703527451801093661743	-16.6121851327300156242472	4.9548671155798498233480	47038.700011	47048.903019	0.775000	1.000000
-5.5354354235000240436193	-8.1082669264390201391279	7.1481022516168035707551	-8.0635371609651276259001	-16.6042187169172308358611	5.0347789071903372715155	47040.498918	47050.701926	0.775000	1.000000
-5.5474396331033730689342	-8.1067469168235302134917	7.1327338725154403320516	-8.1131926238444656007687	-16.5929140108997472680130	4.9668614203961052311342	47050.767587	47060.970596	0.775000	1.000000
-5.5781254706194980386158	-8.0961085091651217027220	7.1327338725154403320516	-8.1166521842342831405404	-16.5929140108997472680130	4.9520972162845033892609	47052.574756	47062.777764	0.775000	1.000000
-5.5781850782106436881236	-8.0843696741522830251370	7.1078753010919193400241	-8.1169043171428771898945	-16.5822894741629980330799	4.9622698132226448208826	47068.031052	47078.234061	0.775000	1.000000
-5.5615704235483471862267	-8.0855363859262272541173	7.0722727003744623175407	-8.1198742671483206123639	-16.5667850945275603180562	4.9640957265242482421286	47089.281042	47099.484050	0.775000	1.000000
-5.5552099574042737017976	-8.0758183320200558341639	7.0635516624856355960560	-8.1348555204821426656281	-16.5629886704898794391738	4.9766701418965935133087	47094.363104	47104.566112	0.775000	1.000000
-5.5613778441825258980202	-8.1101494891897480954412	7.0510921991708501721519	-8.1141179114088508583791	-16.5856842433347289045287	4.9707757932100546938159	47102.536799	47112.739807	0.775000	1.000000
-5.5681605610674669293303	-8.1355361819278382284892	6.9673548344592814984821	-8.0987685389305053007547	-16.5630097728941017010129	4.9744044030156091551476	47155.769306	47165.972314	0.775000	1.000000
-6.0391609244814965506976	-8.1462874314466304781490	6.9533459998637212606809	-8.0788024565845173441403	-16.5783171368839425952046	5.0164300426765535689810	47182.265803	47192.468811	0.775000	1.000000
-6.0441817035641527411371	-8.1604380698230709612062	6.9259082893269523495405	-8.0710332089630494323274	-16.5956753721471699236645	5.0356937066592593055248	47199.902363	47210.105372	0.775000	1.000000
-6.0365429674009485339070	-8.2052445309584207677744	6.8796605927770961841361	-8.0869521935542252322193	-16.5669753781502393508163	5.0527701432881215737325	47229.486091	47239.689100	0.775000	1.000000
-6.0412320868289652864291	-8.2275653360472293940120	6.8452702937731668697552	-8.0973565279130017557918	-16.5450131536123201669852	5.0587947576342697786345	47251.804248	47262.007256	0.775000	1.000000
-6.0501817514368774197919	-7.9940868813746766008421	6.3063338380257629722792	-8.1553978951870149671777	-16.5119697318046689815674	5.0808979936030347346332	47614.897577	47625.100585	0.547500	1.000000
-5.9285497781633775815635	-7.2113007249980247692633	5.9535066928746704917330	-8.2060969780192980493894	-16.1216700398831953577883	5.1673076259577959135072	47865.475958	47875.678966	0.547500	1.000000
-6.0673031786533426767960	-7.2972591522353349446917	5.5264969254678435461869	-8.2508304769284848134703	-16.1614150656570103592458	5.1893980143403499738497	48195.808751	48206.011759	0.547500	1.000000
-6.5182851468750770962401	-7.1956897099766168324209	3.9153888740998756823330	-8.2613745521380135272693	-16.3247332134375611190080	4.9168007281982433198664	49688.810896	49699.013904	0.547500	1.000000
-6.8797183122237459684811	-7.1160022796780868503674	2.9736828919005908744566	-8.2257810275125535781626	-16.4731977266040239271661	4.9196498000319781596090	50825.737839	50835.940848	0.547500	1.000000
-6.5899118621528662842479	-7.0266219440825201658640	2.8923591526529945916479	-8.1976490368967329658290	-16.5916900693799469479472	4.9823077714049199826718	50934.607708	50944.810716	0.547500	1.000000
-6.6425253791534020209042	-7.0338247826023954090147	2.3335923160723393010585	-8.2227115504487660047062	-16.6437432442089914275130	4.9205093674882274257243	51756.365922	51766.568930	0.547500	1.000000
-6.9488959443905411461628	-7.1933914266938598913725	1.2013898465286492189819	-8.4098667757592213689577	-16.7186048197438630324996	4.8210619134258125839665	53554.812188	53565.015197	0.547500	1.000000
-6.7774814065464710211018	-7.2160407027780895106162	0.9698469215725568082220	-8.3978573303781747227958	-16.7618184949265227601245	4.8237568881355850081150	53641.470174	53651.673182	0.547500	1.000000
-6.7970358128588745927345	-7.1903311600508406087329	0.9727911526782440088112	-8.2693421045981843064965	-16.7244893085739185778493	4.7272250819735388560616	53643.068623	53653.271632	0.547500	1.000000
-6.9921683215999923532991	-7.2225047692677168953423	1.0282574764249885479472	-8.3454937873033276929391	-16.5995188510243423252177	4.7068197045054303018219	53656.394339	53666.597347	0.547500	1.000000
-7.0889055275714323300917	-7.3889976957376921617993	1.0438467012524312860222	-8.1459641315137520933831	-16.7314047132359675629232	4.6977988824405745305057	53655.134522	53665.337531	0.547500	1.000000
-7.0852216104307030875020	-7.4040881187518161610228	1.0382981140397109509621	-8.1285605303643198027430	-16.7122851604503708244920	4.7234277830845128320902	53655.800732	53666.003740	0.547500	1.000000
-6.9715874180437458207393	-7.4977516973480780038130	1.0135116310338729839202	-8.2039728129885940433041	-16.7313742439433497111168	4.7284323871801463567976	53655.679958	53665.882966	0.547500	1.000000
-7.0437459724497504254259	-7.5966611546794400311455	1.0290243725778929206882	-8.0922562884575821584576	-16.7357514070764743507880	4.6644179753559971146615	53656.361947	53666.564955	0.547500	1.000000
-7.0192622714737087363801	-7.5646237016466839619966	1.0135387639587918329198	-8.0774814906881484688483	-16.6652265255431011325982	4.7144608982911737626864	53655.660794	53665.863802	0.547500	1.000000
-7.1238110180236171586898	-7.7073265509957282759501	1.0369831813852368185280	-8.0091006780142883769713	-16.9114917573392808947119	4.7878231812410865231300	53655.910035	53666.113043	0.547500	1.000000
-7.0437219406227855600378	-7.6327057343558903923508	1.0152138813563158503683	-8.1468677545943908313575	-16.8884217823630145005609	4.8918769988048582675333	53655.824066	53666.027074	0.547500	1.000000
-6.9407655490894821781467	-7.5626011715608907337582	0.9965041396873176582361	-8.2566197396369922500980	-16.6713974189698959094130	4.8269301264111117433231	53652.399196	53662.602205	0.547500	1.000000
-6.8953702127054814496887	-7.6466026278401235671822	0.9965309923601798347548	-8.3218662865558368224583	-16.5771479244618618054119	4.7449451631084045288844	53652.429516	53662.632524	0.547500	1.000000
-6.8917658068287002137708	-7.6356294545434826304131	0.9952626428125522783930	-8.3244614638559788488692	-16.5694390465331267137117	4.7466248714558822996423	53652.075285	53662.278293	0.547500	1.000000
-6.8636593771920120232721	-7.6916989189201929733031	0.9900536353052632465577	-8.3923678112167472420424	-16.5326833736024383370022	4.7750655944161835009254	53650.454114	53660.657122	0.547500	1.000000
-7.0129879007501818577452	-8.3459161046698433494839	1.0569717197643406780827	-8.3140725425430748174449	-16.8546601216867593109328	4.6128437497994791982592	53652.581270	53662.784278	0.547500	1.000000
-7.0146011408165636069612	-8.3393077923503593495980	1.0594015255556845644946	-8.3216938286906874111537	-16.8630328476267692394686	4.6016204872241601719907	53651.967168	53662.170176	0.547500	1.000000
-7.0146011408165636069612	-8.3393077923503593495980	1.0594015255556845644946	-8.3216938286906874111537	-16.8630328476267692394686	4.6016204872241601719907	53651.967168	53662.170176	0.547500	1.000000
-7.0098509254546481628267	-8.3455532320154492964548	1.0586863040550249515093	-8.3529131349681122742368	-16.8721009661687979530598	4.6250702847387747951302	53652.150751	53662.353759	0.547500	1.000000
-7.0435100542239332810368	-8.2928364117108817055168	1.0524496789742050495420	-8.2771668990490177009178	-16.9276166760594648508231	4.7200146713852273450129	53653.614316	53663.817325	0.547500	1.000000
-6.9912238844189511510763	-8.1336575561930661848464	1.0340507688385474072135	-8.3148130148384140625240	-16.8157902852014622396837	4.7443808273847007939139	53656.150633	53666.353642	0.547500	1.000000
-7.0127929663936150461723	-8.1052991787636550213847	1.0372983418436476643620	-8.1730569627468288018690	-16.7746151010703989925332	4.6379034223943556014547	53655.898939	53666.101947	0.547500	1.000000
-7.0437567351941670068527	-8.0457778866590956567961	1.0468020149808938690228	-8.0771041082620094186950	-16.7910414953260804793445	4.5463198176520682736168	53654.676721	53664.879729	0.547500	1.000000
-7.0164857807288827373782	-8.0575927999315517524792	1.0399512819046308198523	-8.1858773171734320328596	-16.8472595623313381452135	4.6497632705875613368107	53655.629465	53665.832474	0.547500	1.000000
-7.0187865119077903486300	-8.1155991484654883549865	1.0185001640501738506828	-8.0538164627406665374565	-17.0486731651351846039688	4.7627855136796650725728	53656.117222	53666.320230	0.547500	1.000000
-7.0197068870128767059668	-8.1184011180192179324422	1.0188240336109533057396	-8.0531537913706845444040	-17.0506416058647545241911	4.7623566047832550651719	53656.139030	53666.342039	0.547500	1.000000
-7.0305201783120434555485	-8.1574441571619811242044	1.0216392894541392877272	-8.0406996684131346597724	-17.0711518636378301039258	4.7628835892422882736241	53656.288719	53666.491727	0.547500	1.000000
-7.0123838623827010607670	-8.1965732302366163253282	1.0262509157432586626157	-7.9913177350040012214549	-16.9726528495006228069997	4.6073128952746076336666	53656.398353	53666.601361	0.547500	1.000000
-6.9534292446826171385510	-8.1370226894080293078559	1.0026348367322692745063	-7.9093701916405914076336	-17.0695957345215347800149	4.6454630021478804380308	53653.907651	53664.110659	0.547500	1.000000
-6.9747044330184753135882	-8.2371538766386098728844	1.0126672770804521217514	-7.8992288299947048813010	-17.1155587831774553819741	4.6191379030493449064920	53655.586225	53665.789233	0.547500	1.000000
-7.0052806796929250054973	-8.4109413248764006709735	1.0378982323119589903371	-7.9038155784129688896655	-17.1842718576311739298035	4.4970304595276671122406	53655.848207	53666.051215	0.547500	1.000000
-7.0434195158983587958801	-8.3478131545407734392938	1.0399734891660514790601	-7.7778642838847842355676	-17.2082015776929004857720	4.4724552853300663102232	53655.635593	53665.838601	0.547500	1.000000
-7.0443553600426307426119	-8.3380602219268205033131	1.0442679068561628863421	-7.8063255400105777681574	-17.2281661576263438462320	4.4616449972770828580337	53655.078395	53665.281403	0.547500	1.000000
-6.9966538887979456973198	-8.4252872459335375054934	1.0440081662555176222895	-7.8844246960601749307784	-17.1366188378875961006997	4.3881108481627926209967	53655.110327	53665.313335	0.547500	1.000000
-7.0450242023359148646477	-8.3353679427379656630137	1.0442930084210131358446	-7.8161987944854605103728	-17.2376190558118445039781	4.4736400337201924770625	53655.074329	53665.277337	0.547500	1.000000
-7.0502312272996006115022	-8.3285219036076032494975	1.0450770099714181693429	-7.7819772498290209483685	-17.2276788918351577706289	4.4479351610462218857833	53654.958216	53665.161224	0.547500	1.000000
-7.0764486907497001766387	-8.2806331514803446225415	1.0446621462103746758032	-7.7426700467986497855577	-17.2812456068264097552856	4.4976039259187903240900	53655.021218	53665.224226	0.547500	1.000000
-7.0583140944279687545304	-8.2400359055115295348060	1.0343746201506140991455	-7.6878909199208615987686	-17.3356589646161296514038	4.5200686827223766073303	53656.140759	53666.343767	0.547500	1.000000
-7.0662978154881876946547	-8.0537938610064969680025	1.0220250769723704387104	-7.6513191661502117923987	-17.3499891492091151690147	4.6140589253143158288140	53656.318855	53666.521863	0.547500	1.000000
-7.0271720388853422534226	-8.1280641320147353212633	1.0225815885384634817967	-7.6892084849832720294671	-17.2545998465596213122808	4.5193920365116477810830	53656.350861	53666.553869	0.547500	1.000000
-6.9846133631264351038226	-8.1569297573555044067461	1.0186748809720016506475	-7.7942276510990486926289	-17.2747828565792254096323	4.5440622132994130666361	53656.158162	53666.361171	0.547500	1.000000
-7.0471575203440988133252	-8.0230893510439678095736	1.0341633087928912004827	-7.7301659483932239069759	-17.4085110377068588149996	4.5283279319761966519309	53656.153535	53666.356543	0.547500	1.000000
-6.8883440639596686949631	-8.3168163846434026709176	1.0342363161772936130944	-7.9582936116472673404587	-17.0789832680169624268274	4.2416478070434218139440	53656.107371	53666.310380	0.547500	1.000000
-6.8671032574002195403295	-8.0475125745479818561989	1.0106188220485550210981	-7.9381456650104658123723	-17.0282302868709329857211	4.3547988701592066362878	53655.327754	53665.530762	0.547500	1.000000
-6.8537507157664947499143	-7.7265896712631816356520	1.0220531042171585589529	-7.8217070978791873869795	-17.1298989528310983132542	4.5736605239472769568465	53656.301127	53666.504135	0.547500	1.000000
-6.8591500310682391727823	-7.7194908146049741048955	1.0228660581778588056778	-7.7862217850563197885094	-17.1195917083228650312776	4.5470063954716302134784	53656.334228	53666.537236	0.547500	1.000000
-6.5903009117750857015494	-7.5594576233110348795208	1.0121269690740239965976	-7.7822291668537149078588	-17.0455036483515982581594	4.4608424237819939150995	53654.191029	53664.394038	0.547500	1.000000
-6.7336851332457712260293	-7.5439501035927056804553	1.0309747065671279742105	-7.7990756772517997319483	-17.0184708142655054530223	4.4776389010989285921482	53655.935759	53666.138768	0.547500	1.000000
-6.8088811598520448953309	-7.4234513636882963893981	1.0336373296636172103291	-7.7025757594650601234321	-17.1463613307698814480773	4.5898532378177048229873	53656.043501	53666.246509	0.547500	1.000000
-6.7296876180655926802388	-7.4130335785706105156123	1.0167124551871038473649	-7.6974906033750238876223	-17.1937686273061807185059	4.5645068482201702764200	53655.721659	53665.924667	0.547500	1.000000
-6.7449255437363975218545	-7.3038412482415990822915	1.0221680222210050015264	-7.7876123387679223597502	-17.0026273113583918927816	4.5507751104692610866209	53656.060656	53666.263664	0.547500	1.000000
-6.7206446898640503917477	-7.2347416564763200597099	1.0139709298475405585549	-7.8058002932331147505352	-16.9507597838902661635530	4.5598532645940883512026	53655.421880	53665.624888	0.547500	1.000000
-6.6804825345841507555633	-7.2933268253242582446205	1.0454203337667806739120	-7.9256824788444353302452	-16.8311498490742224021233	4.4624921235828987065020	53654.078286	53664.281294	0.547500	1.000000
-6.6165380331090473120526	-7.1380587695912689483180	1.0234172106222803044773	-7.9683941347243143482615	-16.6904953415700347818529	4.4877492071310554067054	53655.188350	53665.391359	0.547500	1.000000
-6.6516842143397791886628	-7.2064284024433398201381	1.0219275790616924037835	-7.8943510380699741801891	-16.7442855822824760991807	4.5543888413792643632405	53655.493679	53665.696687	0.547500	1.000000
-6.6532370557139417499570	-7.2034180082158272284687	1.0220196711658204868911	-7.8924999463768887864035	-16.7476995127806596030950	4.5566522001459359714204	53655.509067	53665.712075	0.547500	1.000000
-6.7282181109724588097265	-7.0646531438455681950472	1.0220433219602351737620	-7.7850310301005105628747	-16.9034005770278277225316	4.6916653049288363774849	53655.982450	53666.185458	0.547500	1.000000
-6.7259331455393018828204	-7.0738754867095581246872	1.0186688262724956643979	-7.7747950202989661860897	-16.8918926638789983485367	4.7074618247086474909224	53655.823725	53666.026733	0.547500	1.000000
-6.7307201880757139278444	-7.0675816277878995563810	1.0193895926979643640209	-7.7433336789236868469288	-16.8827542425909946643969	4.6838302270609455391082	53655.889013	53666.092022	0.547500	1.000000
-6.7181386377810410337474	-7.0841234700565012261109	1.0174952374747201488958	-7.8260219871724805429380	-16.9067723093147392887658	4.7459400019556712280178	53655.706798	53665.909807	0.547500	1.000000
-6.7017538442723321168160	-7.1144510402465099829783	1.0175094731187017682572	-7.8493299753890166670089	-16.8725980786712383974191	4.7160639575666936096354	53655.621734	53665.824742	0.547500	1.000000
-6.7073922678867852198437	-7.1023270532083442319049	1.0206542522812349638173	-7.8314046219727906361641	-16.8738571421058409782745	4.6848077410632384953715	53655.826874	53666.029882	0.547500	1.000000
-6.7207298953762322213379	-7.0795687368762401092681	1.0252076265330654081254	-7.7649565742081430030908	-16.8617243203733693235336	4.6151721804500036583363	53655.998685	53666.201693	0.547500	1.000000
-6.7205928544515236566781	-7.1157985417023565943850	1.0302925018888589026034	-7.7977778020103558631604	-16.8129442733772833662442	4.5808180272487861728337	53655.895794	53666.098803	0.547500	1.000000
-6.6939911590146294884107	-7.1539197683854478526655	1.0150371836775866629665	-7.7780838912400414031367	-16.7303320429251840550933	4.6229765659386794496299	53655.387973	53665.590981	0.547500	1.000000
-6.7792521738092048622093	-7.4252144063683456209901	1.0261207770113422999003	-7.6860973041724012233544	-16.9357030490082927087769	4.5589971530398800680928	53656.236807	53666.439815	0.547500	1.000000
-6.7865039699457794242221	-7.3955088871797540761577	1.0370431788394927075103	-7.7203563178137795119937	-16.9733399158885838176047	4.5085466256326336420557	53655.706936	53665.909944	0.547500	1.000000
-6.8176587502238223947870	-7.3335659097912584414303	1.0358082266216317446350	-7.7171123886688164361658	-17.0701832335363548054374	4.6192735754410927384583	53655.897913	53666.100921	0.547500	1.000000
-6.7709692617397090330655	-7.1425879777307477169757	1.0282020046278057545663	-7.7973705493049898507252	-16.9972546584929240509609	4.5971586122491236992005	53656.171129	53666.374137	0.547500	1.000000
-6.8009631274105348808234	-7.1875191607720383402125	1.0366144272476971455177	-7.7135074676341135457847	-17.0183356964086058837893	4.5356141000029026599805	53655.786618	53665.989626	0.547500	1.000000
-6.8268755001770404788886	-7.1824889493609722634915	1.0429337127260738249390	-7.6951795897227119880313	-17.0026666031768982634276	4.5195335439492723139665	53655.113482	53665.316490	0.547500	1.000000
-6.7512968807805577853287	-7.2886791273129789558993	1.0261079852067638285007	-7.7193688278493697296767	-17.0675722822605173689681	4.5247361079373273895499	53656.139753	53666.342762	0.547500	1.000000
-6.7537071163123245653992	-7.2855102224433183621954	1.0264708850213268842566	-7.7035283078867911044085	-17.0629711642372150492974	4.5128377978868794428990	53656.148289	53666.351297	0.547500	1.000000
-6.7560209746440653688637	-7.3078292291560540405726	1.0312176220991082775669	-7.7660966824156361099085	-17.1028125135828901193236	4.5681863528110406846849	53656.017673	53666.220681	0.547500	1.000000
-6.7488738958088010377878	-7.2815891094785918369325	1.0272832974218053525561	-7.7438658750328484003944	-17.1049329706060788680588	4.5682433744186576873858	53656.116047	53666.319055	0.547500	1.000000
-6.6950795114244847638929	-7.3523163410661531713686	1.0191836856368579056209	-8.0974126585248491494440	-17.2076259681496530618006	4.8338034227797024300344	53655.680179	53665.883187	0.547500	1.000000
-6.7111111546659660831438	-7.3217756199706105491032	1.0197731488507919550557	-8.0768244762490599697458	-17.2421246042641271856155	4.8592717293467018180309	53655.799112	53666.002120	0.547500	1.000000
-6.7090322510188986626645	-7.3302914291599661211762	1.0166419768531744782791	-8.0670032971835361479407	-17.2313350814551498046967	4.8737345994340719457227	53655.590011	53665.793020	0.547500	1.000000
-6.7896003437450662687525	-7.1830151022875829980308	1.0159072407798532822198	-7.9431591720193743810796	-17.3931389967606975233139	5.0178689318621971793277	53655.824392	53666.027400	0.547500	1.000000
-6.7903456858740067758617	-7.1808760365353654364640	1.0168851388228734577979	-7.8605136455568995756948	-17.3487523717662561750785	4.9302127701006277504803	53655.911591	53666.114599	0.547500	1.000000
-6.9228058295943908362347	-7.1374327218996400645779	1.0397497239145423453266	-7.8280181411148568315639	-17.3516576445413299722986	5.0114515014593603581261	53655.642556	53665.845564	0.547500	1.000000
-6.9974549254877072002046	-6.9653973799958492918449	1.0351232352877126619006	-7.7074664960033691940566	-17.5020617386778596369368	5.1745822594035262298462	53656.124193	53666.327201	0.547500	1.000000
-6.9610955760307087203387	-7.0326443507673790378476	1.0351399498726279180261	-7.7596949004339359490245	-17.4266184128620835736001	5.1089486343813792501578	53656.104902	53666.307910	0.547500	1.000000
-6.9645041670041383241596	-7.1577780155767829484148	1.0317868355901738119940	-7.8636405716595936254976	-17.2839744649525428599190	5.0310819399472261892470	53656.296404	53666.499413	0.547500	1.000000
-6.9662350992690127426954	-7.1702757021493335187756	1.0143257901428059941651	-7.8680293486659005353090	-17.3099132637516142096956	5.2155192760266739782082	53655.797860	53666.000868	0.547500	1.000000
-7.1051275179569497453258	-7.2740935507291215600389	1.0409912541515025097283	-7.7242777459897045133630	-17.6042403995150209539133	5.2943807015059869414131	53655.521637	53665.724645	0.547500	1.000000
-7.0962788627375168459821	-7.2471549010641220789353	1.0378775127393662369713	-7.7306487901915206251147	-17.5853154489817029570986	5.2985043103736177982910	53655.858085	53666.061093	0.547500	1.000000
-7.0606812230309747846491	-7.1451369181589976520286	1.0262334027367854272228	-7.7375270420237827195820	-17.4941990500811819231330	5.2876317782798061273297	53656.418149	53666.621157	0.547500	1.000000
-7.0223560573086771796625	-7.2160196852500169129030	1.0262510210178170666495	-7.7925792441425247858433	-17.4146767811816616244869	5.2184495846076153213744	53656.419364	53666.622372	0.547500	1.000000
-7.0430462079468076908029	-7.2088797051032758034239	1.0213155286472743732418	-7.5926116699647048235988	-17.3352422412821738362254	5.1318524111482703986553	53656.327862	53666.530870	0.547500	1.000000
-7.0501767074032697379948	-7.1956141314232198169520	1.0212903214070603308272	-7.5831147820408784099300	-17.3506160475955937272374	5.1457028559888629004604	53656.326855	53666.529863	0.547500	1.000000
-7.0666822725506577285159	-7.2249895746010164288009	1.0255955830101048942282	-7.5681749059607534846350	-17.3856449883792585353603	5.1476980811679862171104	53656.432377	53666.635385	0.547500	1.000000
-7.0696125834270242549451	-7.2211368903785215778157	1.0260367885518992814298	-7.5489163532915846133164	-17.3800510511853936179705	5.1332323798322985197728	53656.438193	53666.641201	0.547500	1.000000
-7.1235070167372143146167	-7.5854106030779648861539	1.0258092277850494600244	-7.5776527826070703142136	-17.4144569845331567137237	5.0449866669732230661793	53656.394736	53666.597744	0.442000	1.000000
-7.1584635120938040486749	-7.5418361809467038270327	1.0354050526475770954704	-7.5506203537238869571979	-17.3965840547920223002620	5.0390753111037955846996	53656.060884	53666.263892	0.442000	1.000000
-7.2310453655408215567491	-7.5874093176572321439721	1.0294046855607794643817	-7.7912731371756613896196	-17.1647421234323189764837	5.0471392498326883568893	53656.297265	53666.500274	0.442000	1.000000
-7.2953021435219689294627	-8.0287194082062640632103	1.0398438275744890102459	-7.7022760762107118637232	-17.3753854781978915866603	4.9816399080358459983131	53655.600134	53665.803142	0.442000	1.000000
-7.2708203523413494906436	-8.0412675481711151093123	1.0307009573598988616538	-7.6917216268092101216780	-17.3604287513786772478852	5.0092413451457193929173	53656.253852	53666.456860	0.442000	1.000000
-7.1679993180130905372494	-7.7320430338335155440177	1.0185529759279281503126	-7.6861724374047390995202	-17.3444443829698116132931	5.0889162048278402394885	53656.068323	53666.271331	0.442000	1.000000
-7.2485245949721761604678	-8.2763152304666860459292	1.0182129706129052770791	-7.7291083917755063481536	-17.3958513120661528716937	4.9570656586400687615424	53655.994693	53666.197702	0.442000	1.000000
-7.2895436614975492872759	-8.2744946033374162652763	1.0262186885574602346338	-7.7302248910120638925036	-17.3923645014684389309423	4.9735853074173617116571	53656.304159	53666.507167	0.442000	1.000000
-7.1688372892838252425918	-7.6607706990652113532292	1.0265918249791541327909	-7.6741389239939641342403	-17.3496829912496615122564	5.0388888783350642697201	53656.360939	53666.563947	0.442000	1.000000
-7.1688372892838252425918	-7.6607706990652113532292	1.0265918249791541327909	-7.6741389239939641342403	-17.3496829912496615122564	5.0388888783350642697201	53656.360939	53666.563947	0.442000	1.000000
-7.1134357973568400623776	-7.4192513309192875681219	1.0161638134407919853430	-7.6137340224230500851377	-17.2841326483712656170155	5.1451359849221436348898	53655.924151	53666.127159	0.442000	1.000000
-7.1754264172429609303094	-7.4348230602122464816262	1.0238802988146098460476	-7.6159154530306496511116	-17.3126552428403677197366	5.2590859739647495274539	53656.337636	53666.540644	0.442000	1.000000
-7.1513360694243157666961	-7.4335364349944734740916	1.0221724028505760895058	-7.5757498904561515473688	-17.3363940228401247622969	5.2352424280520244437298	53656.303389	53666.506397	0.442000	1.000000
-7.2339104130951721316478	-7.4616975603917392589892	1.0337852910896534464058	-7.6379331894741335773347	-17.3569206021730266797931	5.3344290804491913959851	53656.135348	53666.338357	0.442000	1.000000
-7.2357394898080098499804	-7.4553452738900265472921	1.0198913858015361544318	-7.8092990232693795249475	-17.1286137140293170944005	5.2761497435025619395788	53656.115297	53666.318305	0.442000	1.000000
-7.2105910463650548791747	-7.2474565144318230380804	1.0213174810335148290363	-7.7897029855173034462723	-17.1071148045798437919984	5.3242802544108673856726	53656.218120	53666.421128	0.442000	1.000000
-7.1094654913810488849890	-7.2420953830241110438237	1.0438963290088119073573	-7.2509766227047185438437	-17.5897970633722948718969	5.2530915246832012854838	53655.216485	53665.419493	0.442000	1.000000
-7.0914712011591722884418	-7.2449152212284211316273	1.0396395438220464857437	-7.2616914255354414464705	-17.5961810735036543462684	5.2597311960862889179680	53655.772094	53665.975102	0.442000	1.000000
-7.1978051012127357566328	-7.9277533165410583038124	1.0400002908258041411926	-7.3196174687422246307733	-17.6618851302096580013767	5.1014890633581728707213	53655.671556	53665.874564	0.442000	1.000000
-6.8981784856906154246303	-6.4597028100869717803789	1.0223304903993060133160	-7.2548134231250465120411	-17.5543950394781056445481	5.4868480923369729040928	53656.498627	53666.701635	0.442000	1.000000
-6.8909220114109022148341	-6.4683195199806489128491	1.0177364825800463421501	-7.2375565327757067635162	-17.5366708734851002304822	5.5054675222703677306413	53656.315356	53666.518364	0.442000	1.000000
-6.8817624612146381934963	-6.4697548891593852360415	1.0155696709352342033128	-7.2430106392261945913447	-17.5399204965894632834988	5.5088472834475741279903	53656.138369	53666.341378	0.442000	1.000000
-6.9029245759926629588676	-6.3176397742330383522358	1.0257565862841533377292	-7.2061254137668750985313	-17.5110434592974257839160	5.5283294713452200142001	53656.267337	53666.470345	0.442000	1.000000
-7.0082323821466960822590	-6.7819197969451208152236	1.0279537155171376561213	-7.2606421670766660980689	-17.5485362772296227262814	5.4939311720685353179761	53656.625039	53666.828047	0.442000	1.000000
-7.0752600613296570131183	-7.6447075260170436195040	1.0134045439712224823126	-7.3632522011778460679920	-17.6501704416585063484035	5.3090310412238110870931	53655.764145	53665.967153	0.442000	1.000000
-7.0800729090621761230295	-7.6389925036694146243121	1.0164515140649375002369	-7.3746978126947704268446	-17.6619259731772650923176	5.2966817269864181483285	53656.059151	53666.262159	0.442000	1.000000
-6.9972579662980489700885	-7.0792444032663137676309	1.0168011871336488649575	-7.3305410120227918469027	-17.6090573330239870131209	5.4322813281092701132025	53656.189621	53666.392629	0.442000	1.000000
-6.9665374026846018651327	-6.5101321105795539878613	1.0250895328726175037559	-7.3265437219823583703260	-17.5674906369840648778791	5.6424549728505715151528	53656.614438	53666.817446	0.442000	1.000000
-6.9646689530508290033595	-6.5104249104396858527366	1.0246475266236803047804	-7.3276563009825945727016	-17.5681535251138463138432	5.6431444077462247221888	53656.610305	53666.813313	0.442000	1.000000
-6.9726278887377839410533	-6.5009740618273434975549	1.0296862563661774991886	-7.3465837408318899193205	-17.5875934751234019870481	5.6227225279661290358035	53656.526546	53666.729554	0.442000	1.000000
-6.9823095615220767129472	-6.5445475135360275942276	1.0134218573517927985961	-7.5508168942006985702164	-17.3256742356787469816481	5.5422799629791770215093	53655.890443	53666.093451	0.442000	1.000000
-7.0820097669165651410594	-7.0238255074003488331869	1.0286077942943030461009	-7.6491568434574483958954	-17.4335031068780210716795	5.3562944837286554644606	53656.417837	53666.620845	0.442000	1.000000
-7.0823171064385217476911	-7.0170991201337757914303	1.0312496165206952447591	-7.6682398448867683526942	-17.4515179428623099511242	5.3419471716666446781119	53656.338275	53666.541283	0.442000	1.000000
-7.0771998822245745230930	-6.7226019123672866584229	1.0439757744618851642571	-7.5794843268181413264983	-17.4679465724956912708876	5.4127585545708303271795	53655.213168	53665.416177	0.442000	1.000000
-7.0361340074634437513623	-7.2149269963383417803016	1.0299333892585649241624	-7.5420700121025294748733	-17.5042764351295296876287	5.1088207766151967348378	53656.396840	53666.599848	0.442000	1.000000
-7.0326647879632107063230	-7.0441075445560494827646	1.0328065515559257114830	-7.4963715973354521082683	-17.4623381184063113380489	5.1565647793014512956233	53656.297901	53666.500909	0.442000	1.000000
-6.9400097520880450474579	-7.0586272731344434916423	1.0108877884744500441627	-7.5515435673567550267649	-17.4952102506468740727996	5.1907533460338282083057	53655.454829	53665.657838	0.442000	1.000000
-7.0574137957470854942699	-7.4620497128578469059335	1.0239747002838386347179	-7.5504761942572420352349	-17.5141357229030241171586	5.0700678757384451955659	53656.407232	53666.610240	0.442000	1.000000
-7.0491847758571877236022	-7.4150967546952273323768	1.0304403098748862177558	-7.4671784984804316920304	-17.6151548837002032144028	5.1091448283438420929770	53656.387594	53666.590602	0.442000	1.000000
-7.0176442558276885819168	-7.4200393871784386945478	1.0229789864890255213226	-7.4859594811770264755069	-17.6263448221158860462765	5.1207828916570470312308	53656.418101	53666.621109	0.442000	1.000000
-7.1022515234490297686420	-8.0297020913153627219572	1.0506687336131639298742	-7.1869210310356859139347	-18.1438450548169072362725	5.0939108016589447203160	53654.037217	53664.240226	0.442000	1.000000
-6.8669616813421923140481	-6.4393726439043703635434	1.0516622079594595273733	-7.0614648475103924951668	-17.9936372109317979095522	5.4791698826054586746181	53653.433013	53663.636021	0.442000	1.000000
-6.8404589679924017175949	-6.4739965429482229097857	1.0462371461164736707872	-6.8724582988978095698940	-18.1044842587341605621987	5.5875931087432872956811	53654.331475	53664.534483	0.442000	1.000000
-6.8439884238826875773043	-6.4609636714945493096707	1.0166355220112663904075	-7.2341059568160197557063	-17.6207658778209363958922	5.4651973804732723039024	53656.133538	53666.336546	0.442000	1.000000
-6.8750957381456068162606	-6.6684227849720256742216	1.0383459993718942016017	-7.0180621339291775484526	-17.9696204868628051087853	5.4885336786734360003948	53655.960201	53666.163209	0.442000	1.000000
-6.7832994565093516214915	-6.6473086148157349839494	1.0297123985775995524961	-6.8759274931875244973867	-17.9169259904659128324056	5.2785050455461890450692	53656.534391	53666.737399	0.442000	1.000000
-6.7296456907885477960463	-6.6557165562526625635087	1.0170198971052806236059	-6.9078759342616447014507	-17.9359612610836336443754	5.2983026240853678956455	53656.425112	53666.628121	0.442000	1.000000
-6.7990824961875802046052	-7.1250415189090858802956	1.0167267111171607307796	-6.9448995325757421070989	-17.9802893660790132912553	5.1846081288519263452486	53656.643514	53666.846523	0.442000	1.000000
-6.9000618913273727983437	-6.9919532189090185525515	1.0335646396594724283347	-7.0402600029846524876120	-17.9769513826404612188981	5.3749122064727785641480	53656.468755	53666.671763	0.442000	1.000000
-6.8885908516518306043963	-6.9867542403469098388769	1.0334293536104908195483	-7.0083040483049092728152	-17.9642167642041137298747	5.3310744724830216867417	53656.492081	53666.695089	0.442000	1.000000
-7.0859480245585615421078	-8.4579619334839897248912	1.0215872048297993668342	-7.0816654393544258283555	-18.0590442422660721888406	5.0239647988547702084361	53656.657410	53666.860419	0.442000	1.000000
-6.9819597526312229263112	-7.7575561343478094400439	1.0238465907467371174278	-7.0038828934188108732428	-18.0227400161549482504597	5.2014803302443528565391	53656.859404	53667.062412	0.442000	1.000000
-6.9592720612939160673704	-7.8028693700972455715714	1.0181184742227893380573	-6.7508682584985324481863	-18.1475626160780016959961	5.3409645536700782741946	53656.885128	53667.088136	0.442000	1.000000
-6.9850016870565578841479	-7.9058388474954961466779	1.0204796759987091459010	-6.7530101587749671310235	-18.1538008539688959785963	5.3118458176240590518091	53656.901467	53667.104475	0.442000	1.000000
-6.9362913964137185018899	-7.9134721098695095520270	1.0089566183457103765164	-6.7820149793947175353992	-18.1710822796395419231885	5.3298193147628429855445	53656.329945	53666.532953	0.442000	1.000000
-6.9766588643833253868820	-7.9057281346449785885966	1.0191764695133613827238	-6.8270843262161680087274	-18.2000700609613232927586	5.3484583317204315022764	53656.969273	53667.172281	0.442000	1.000000
-6.8404201599512512999013	-6.8267357944196680463733	1.0324356104622061103271	-6.7911602752213822142835	-18.1490021293414791614396	5.5530533462281104206681	53656.376127	53666.579135	0.442000	1.000000
-6.7702144952925440435365	-6.8453314220188996586103	1.0127049545926039009203	-6.7062795078816908045383	-18.0897064864931600425280	5.5362298843094341904703	53656.416023	53666.619032	0.442000	1.000000
-6.7702144952925440435365	-6.8453314220188996586103	1.0127049545926039009203	-6.7062795078816908045383	-18.0897064864931600425280	5.5362298843094341904703	53656.416023	53666.619032	0.442000	1.000000
-6.9177534132544149514388	-7.2034880068201738723133	1.0271913081184427252168	-6.7957901014349095802913	-18.1404421970622315996025	5.5628125483757653313432	53656.854718	53667.057726	0.442000	1.000000
-6.9177534132544149514388	-7.2034880068201738723133	1.0271913081184427252168	-6.7957901014349095802913	-18.1404421970622315996025	5.5628125483757653313432	53656.854718	53667.057726	0.442000	1.000000
-6.8750278162479272481278	-7.1978029865209176563212	1.0167631763717097648225	-6.8133607437511862769952	-18.0630365921418558627920	5.4888203213636650446006	53656.908611	53667.111619	0.442000	1.000000
-6.8870791032141962517699	-7.1834926700185759429473	1.0243927364612372965524	-6.8420203558064169868658	-18.0924722384882734615985	5.4578978534231383790143	53656.994999	53667.198008	0.442000	1.000000
-6.9097805380997172619573	-7.1565358214115857293791	1.0387648082625615675312	-6.8960074792345755767542	-18.1479212051187062115787	5.3996481084443388454019	53655.945145	53666.148154	0.442000	1.000000
-6.7448486951213144635631	-6.6543865166396782839797	1.0217132763581526777585	-6.8653121168259065854045	-18.1864884512153466289419	5.5718113870737520088028	53656.651907	53666.854916	0.442000	1.000000
-6.7926479057007806972024	-6.6585981110265715088303	1.0287084196827755988579	-6.9017218710210928023230	-18.1976362175941446253091	5.6345739635860860872185	53656.632615	53666.835623	0.442000	1.000000
-6.7729866055022451831746	-6.5311527929144945758821	1.0283546742193967471479	-6.8899741263138594149495	-18.1838481360013410892407	5.6674033348310830504602	53656.474530	53666.677538	0.442000	1.000000
-6.7729866055022451831746	-6.5311527929144945758821	1.0283546742193967471479	-6.8899741263138594149495	-18.1838481360013410892407	5.6674033348310830504602	53656.474530	53666.677538	0.442000	1.000000
-6.7548837334288247546965	-6.5520683984104728381226	1.0148031204062517574016	-6.8701224813557306703160	-18.1072976225748867307175	5.7064101904768049777772	53656.395868	53666.598876	0.442000	1.000000
-6.7543412103081390540638	-6.5539525524605508621789	1.0189241967955087186937	-6.8192935979759869979944	-18.1750158131572305819645	5.7236964461761088429625	53656.595326	53666.798334	0.442000	1.000000
-6.7949313310728101100722	-6.5458759793925871406373	1.0291586193283486228012	-6.7856122048197500262745	-18.1564942633996651011330	5.6969306718693095703543	53656.390082	53666.593090	0.442000	1.000000
-6.8110849629775094271622	-6.7568092739262439749837	1.0215764926166504000804	-6.7728221867899982555628	-18.1469341305728306679157	5.6760974721647512453160	53656.855797	53667.058805	0.442000	1.000000
-6.8110849629775094271622	-6.7568092739262439749837	1.0215764926166504000804	-6.7728221867899982555628	-18.1469341305728306679157	5.6760974721647512453160	53656.855797	53667.058805	0.442000	1.000000
-6.8565792154280025272328	-6.4741817364389815381287	1.0299181808929118719931	-6.6690070009341608781028	-18.0731725224397088425121	5.7530884191561080243105	53655.603169	53665.806177	0.442000	1.000000
-6.9004300383565562171384	-6.7975972964892195093967	1.0319422277168599499930	-6.6388827936077099423073	-18.1615117427769838798213	5.6995492152663542739788	53655.226953	53665.429961	0.442000	1.000000
-6.8326372630364913263179	-6.8081664295489696669961	1.0159259227169197270513	-6.6794076030764255591521	-18.1857111423311295084204	5.7244477626709580064812	53656.515978	53666.718986	0.442000	1.000000
-6.8650393391626796102400	-6.8033897325765000374531	1.0238499961911504687606	-6.8543671286987146729075	-18.2918272131814809711159	5.8228457176837160602645	53656.989177	53667.192185	0.442000	1.000000
-6.8409996687904337520081	-6.5212685100969469687016	1.0335464406701222461749	-6.8693253134012062233182	-18.3036422207973963338645	5.8482285926415329413430	53656.284359	53666.487367	0.442000	1.000000
-6.8434421437788817144110	-6.5197795132260525363677	1.0315113823959294325761	-6.8993229387887486936393	-18.2612558500947983475271	5.8368215623778256784249	53656.487283	53666.690291	0.442000	1.000000
-6.7645570045162637384806	-6.4216139146178310426194	0.9969554600826825430104	-6.7562623987567764771711	-18.1121305407354569183553	6.0168176449456467480559	53654.064452	53664.267460	0.442000	1.000000
-6.7076396997176344072500	-6.0337865673607860017569	0.9973044825226443643729	-6.7254046692374984672824	-18.0753464714455986950270	6.1105855419830286123783	53650.280748	53660.483756	0.442000	1.000000
-6.9226726477170563711638	-7.2228284839885299462026	1.0039119691442039972173	-6.8241502152812607562282	-18.1860868425545874060845	5.8426895009674373326902	53655.584554	53665.787562	0.442000	1.000000
-7.0569420308343451253563	-7.2239951199222858235771	1.0276307950570007232471	-6.9399397097718447113834	-18.2358713633737856696371	5.9865628831451633828920	53656.856080	53667.059089	0.442000	1.000000
-7.0727877140391157695376	-7.3348609112375076080070	1.0303570358370996995490	-6.9141152626009034776189	-18.2921450022467162455087	5.9717376959858494700484	53656.734145	53666.937154	0.442000	1.000000
-7.1081826540295924843349	-7.5740961236553934199378	1.0302075862707507081240	-6.9329877904055496884439	-18.3147409527255220496045	5.9137826991666662124203	53656.714976	53666.917985	0.442000	1.000000
-7.0814575567975479586380	-7.6115235322727210487415	1.0337853140244201988196	-6.6419949827308686352012	-18.5664485577181217479392	6.0553285420133384775454	53655.004546	53665.207554	0.442000	1.000000
-7.0711286593609941064642	-7.6237885950706623106043	1.0272461830692516393526	-6.6174314490337264871300	-18.5412199018125924965261	6.0818315205530399936151	53655.367786	53665.570795	0.442000	1.000000
-7.0711286593609941064642	-7.6237885950706623106043	1.0272461830692516393526	-6.6174314490337264871300	-18.5412199018125924965261	6.0818315205530399936151	53655.367786	53665.570795	0.442000	1.000000
-7.0922696895111698722758	-7.7360986463658010237054	1.0296096705995834152958	-6.6358042111780548566458	-18.5616595952071605779565	6.0436420981100402727293	53655.412456	53665.615464	0.442000	1.000000
-7.1257583483704287630189	-7.9624492608304819896148	1.0294682700054456070404	-6.6536603128025157971592	-18.5830385854636510600812	5.9888084095040055032655	53655.654671	53665.857679	0.442000	1.000000
-7.0810786005678885146608	-7.9442001863527069716042	1.0286126572746809859638	-6.7531109193121636735668	-18.6674173801896827740165	5.9514755297603167960574	53656.570827	53666.773835	0.442000	1.000000
-7.0301036140917050332177	-7.5884709704982933331507	1.0104987607345417011118	-6.9924916177983709175692	-18.3250351479966937517929	5.9381310382387093582679	53655.998447	53666.201455	0.442000	1.000000
-7.1175393055440663303557	-8.1068049114065932059248	1.0159558338278873446114	-7.0559784462401022864242	-18.3973468929310186581461	5.7864770249960315595672	53656.359181	53666.562189	0.442000	1.000000
-7.2062131707516350331844	-8.0215088779204357649633	1.0246653162187719932064	-7.1048406336738576527523	-18.3805691175903582745832	6.0058823796066995726051	53656.622869	53666.825877	0.442000	1.000000
-7.1579093956536805620772	-8.0290784363055731631675	1.0132384251457446922018	-7.1336033922918637983912	-18.3977063197698242902334	6.0237058775176723912637	53655.939054	53666.142062	0.442000	1.000000
-7.2914407453133840419923	-8.4838900871462499253539	1.0282632488778271628860	-7.1317321466027792098430	-18.4186531476855748223898	5.8871809717998253574933	53656.535393	53666.738401	0.442000	1.000000
-7.2896056770194093132886	-8.4862800210125755029367	1.0270845711389060550545	-7.1273191426301876205684	-18.4141230585466608715706	5.8919142250421305817554	53656.558703	53666.761711	0.442000	1.000000
-7.2916854409474405329661	-8.4398824005126389380393	1.0278322827585097964942	-7.1346486311251799961042	-18.3857345362869111227155	5.8941507532645003308858	53656.540802	53666.743810	0.442000	1.000000
-7.2850023923028279781988	-8.3947115212139831186278	1.0278605008801422471265	-7.1310852398212478675532	-18.3814681118696974237992	5.9050934491143927118628	53656.546110	53666.749119	0.442000	1.000000
-7.0097891989888658770269	-6.5345392259541137391921	1.0290225452968124741915	-6.9843419865646936273151	-18.2057734027132553933370	6.3557222606733221326181	53656.853719	53667.056727	0.442000	1.000000
-7.0097891989888658770269	-6.5345392259541137391921	1.0290225452968124741915	-6.9843419865646936273151	-18.2057734027132553933370	6.3557222606733221326181	53656.853719	53667.056727	0.378250	1.000000
-6.9627411591418226777250	-6.5728053208244840988073	1.0041020754116447566417	-6.9011101440462816469790	-18.0931485467891093321668	6.4204828780903460128116	53655.475942	53665.678950	0.378250	1.000000
-6.9903649091701440809743	-6.5690588193363961266869	1.0107948771054100500777	-6.8854907338236248648400	-18.0850387802245755608510	6.4111624211463418276935	53656.439235	53666.642243	0.378250	1.000000
-7.0123428341868292434924	-6.5511832741175828331848	1.0224361743900025611964	-6.9243714863441834239666	-18.1376501248536641242026	6.3809102789050733406384	53657.033988	53667.236997	0.378250	1.000000
-7.0435254305992911483258	-6.8162634733782772045174	1.0194993484603909195130	-6.8650003031184567703349	-18.1929671069468525956836	6.4160304828099299356836	53656.984236	53667.187244	0.378250	1.000000
-7.1418333714183788174523	-6.8157858962860302654008	1.0293879692785834478741	-6.9710402392046493247335	-18.1581515736943224226252	6.5672752553232918160120	53656.796092	53666.999100	0.378250	1.000000
-7.0597114977490429410523	-6.3802300837486907170160	1.0195365990259634969561	-7.0238609179236251023326	-17.9949970391685489801148	6.5453321747183945689130	53656.782615	53666.985623	0.378250	1.000000
-7.0910766771985676015788	-6.3800777126271466244134	1.0226915666093214785093	-7.0576929928958813675877	-17.9838891323301162117332	6.5935868669757979887436	53656.843681	53667.046690	0.378250	1.000000
-6.9930374280680140941513	-6.5220569548949782756608	1.0133463427352471519782	-6.9060465307202285600852	-18.0810063988392180078790	6.4088692127732658221362	53656.640603	53666.843612	0.378250	1.000000
-7.0333526385830218430328	-6.5218611047851027251454	1.0174015780160079458483	-6.9495325635950289111520	-18.0667288588910359692363	6.4708933462498441357980	53656.859048	53667.062056	0.378250	1.000000
-6.9992744503946191514387	-6.5495782888902702723044	0.9993509968387448427762	-6.8892454527646682649333	-17.9851515807014941117359	6.5178012411315302543358	53654.611359	53664.814368	0.378250	1.000000
-7.3154896928966728353316	-6.5749020882658646414143	1.0266583151169961229954	-7.1255449138160251720819	-17.7989729818626365442924	6.7725626364399245105119	53656.832052	53667.035061	0.378250	1.000000
-7.3105647386683747512848	-6.5789077549492160912337	1.0240496586473291085184	-7.1168322657211682269462	-17.7871834947299447549085	6.7793417302685323733158	53656.840213	53667.043221	0.378250	1.000000
-7.3999803210250734153419	-6.5784733766734868609660	1.0330438129526298141059	-7.2132804525025662201188	-17.7555171699661826778538	6.9169057896925378869923	53656.532306	53666.735314	0.378250	1.000000
-7.2781833431174209891878	-6.5818464701250425363810	1.0177786288832160188633	-7.1168733463125795069004	-17.7973630202613612993900	6.7694232865254431175117	53656.605574	53666.808582	0.378250	1.000000
-7.3501066155693637327317	-6.5822700324618459433168	1.0246030212620085286801	-7.1937933412926051701675	-17.7692643107194143681227	6.8828626761349998020023	53656.771636	53666.974644	0.378250	1.000000
-7.3501066155693637327317	-6.5822700324618459433168	1.0246030212620085286801	-7.1937933412926051701675	-17.7692643107194143681227	6.8828626761349998020023	53656.771636	53666.974644	0.378250	1.000000
-7.3239405228177538731416	-6.4547675029417499459328	1.0426401742191666599524	-7.1523564782835364894709	-17.8367674026902598427569	6.6845435130529695655355	53655.588188	53665.791196	0.378250	1.000000
-7.2595090132927602155632	-6.4521030060614954493303	1.0361482578947731614250	-7.0838231311880459628583	-17.8582727206184479484818	6.5861299769249814772820	53656.374601	53666.577610	0.378250	1.000000
-7.2549821131497749249206	-6.4557849190785594473141	1.0337504432556683386935	-7.0758146734282227896529	-17.8474361059997690404089	6.5923611578455476589511	53656.585428	53666.788436	0.378250	1.000000
-7.2881165168078867466761	-6.4904593781004216168640	1.0237255774972011668211	-7.1275495714505776589931	-17.7657470519744045134303	6.5165126095869014832829	53656.878909	53667.081917	0.378250	1.000000
-7.3118711503385167560509	-6.4872376297939737810339	1.0294809529029869121786	-7.1141178916307348245596	-17.7587731786747262674453	6.5084976210782503613927	53656.814831	53667.017839	0.378250	1.000000
-7.3158414924434502779604	-6.4872183419885134370020	1.0298803225497017432843	-7.1184005042003768437553	-17.7573670910644416665036	6.5146059118577905877601	53656.796279	53666.999287	0.378250	1.000000
-7.4327750954634090874151	-6.4806596288423463647632	1.0482827428098773214771	-7.1655946810756852016766	-17.7179387780944850305787	6.6056745518092121471909	53654.667590	53664.870598	0.378250	1.000000
-7.2048060442804802150363	-6.4817670958046198492752	1.0253517416450823596108	-6.9196956884240758967053	-17.7986734981575658309794	6.2549487915199231125030	53657.053935	53667.256943	0.378250	1.000000
-7.2070822860167877976778	-6.4817560378890473060665	1.0255807047505380857899	-6.9221509583262186282582	-17.7978673723329308131724	6.2584507432516431890690	53657.048787	53667.251795	0.378250	1.000000
-7.3124536238702937396283	-6.4812441470212398542117	1.0361798201064023050577	-7.0358098330641674067465	-17.7605503531141728501552	6.4205624088027519746902	53656.396507	53666.599515	0.378250	1.000000
-7.2524242355849048990990	-6.3647894949534711273031	1.0154536700654830383428	-6.9947906068946252844398	-17.6278496122202632534481	6.4587807979984113160299	53656.674012	53666.877021	0.378250	1.000000
-7.3898832378820493715921	-6.9163145788663102919713	1.0359356040797216280680	-6.9089151723943702521069	-17.8265215019823983766400	6.4757773495573633937283	53656.217325	53666.420333	0.378250	1.000000
-7.4065064106968669932485	-6.9140600427651799364526	1.0399631383231424663904	-6.8995158636426419107579	-17.8216412793134324488165	6.4701685684782415108884	53655.728882	53665.931890	0.378250	1.000000
-7.4065064106968669932485	-6.9140600427651799364526	1.0399631383231424663904	-6.8995158636426419107579	-17.8216412793134324488165	6.4701685684782415108884	53655.728882	53665.931890	0.378250	1.000000
-7.4065064106968669932485	-6.9140600427651799364526	1.0399631383231424663904	-6.8995158636426419107579	-17.8216412793134324488165	6.4701685684782415108884	53655.728882	53665.931890	0.378250	1.000000
-7.3024999631105309561008	-6.4502544311378837704751	1.0216042821222723890884	-6.9317804984632669373923	-17.6091634263251961556307	6.4659755703769201673481	53657.058668	53667.261676	0.378250	1.000000
-7.3257449355275863212000	-6.5735404984929077798483	1.0243927575863660539568	-6.9168293634609590014861	-17.6553450644845923989124	6.4721866598298936068545	53657.028912	53667.231920	0.378250	1.000000
-7.3110356849244135801769	-6.5855041335536457225430	1.0166015416742582022636	-6.8908074923320574711738	-17.6201336670423103214489	6.4924336276929572875360	53656.849455	53667.052463	0.378250	1.000000
-7.4822505933533589583817	-6.5787314041067626035897	1.0402611898133686807455	-7.0007955927424356801225	-17.5622499935558700201454	6.6706202110888597189842	53655.899925	53666.102934	0.378250	1.000000
-7.4808999093740684571685	-6.5798299706242939777212	1.0395457576818765144111	-6.9984061219669913000985	-17.5590166901268389665347	6.6724793986069483864298	53655.990614	53666.193623	0.378250	1.000000
-7.4610384346563485280512	-6.6315835265673834797440	1.0127049781336143752242	-7.0148836525018936072229	-17.4410206668745537683662	6.6485929831583829852093	53656.255867	53666.458875	0.378250	1.000000
-7.4557814619574189762830	-6.6358592374510294575884	1.0099204576677938138829	-7.0055836364922274839273	-17.4284363850481689439675	6.6558290932882409052240	53655.938043	53666.141051	0.378250	1.000000
-7.3270813806836709858317	-6.5936550036274637065503	1.0250603332688390523231	-6.7732965043037358654487	-17.5911556173526903990023	6.1993889919986324699153	53656.871747	53667.074755	0.378250	1.000000
-7.3233396717464378511409	-6.5894094394101179190670	1.0293040133423154713910	-6.7156545356862729079239	-17.5944555836191867115303	6.1324684836937706222670	53656.329549	53666.532557	0.378250	1.000000
-7.2825700371283410561318	-6.6194752906225966526677	1.0093510756897321467562	-6.6461717278057799163093	-17.5073756062455103688080	6.1774325626557162749464	53655.925049	53666.128057	0.378250	1.000000
-7.2825700371283410561318	-6.6194752906225966526677	1.0093510756897321467562	-6.6461717278057799163093	-17.5073756062455103688080	6.1774325626557162749464	53655.925049	53666.128057	0.378250	1.000000
-7.2774596727356071212967	-6.4149686017748610566969	1.0206203557995414676896	-6.7194172760578938508047	-17.5090286811757742668760	6.1283986926301352582414	53656.767445	53666.970453	0.378250	1.000000
-7.3046511560235884985559	-6.3928526564018595124139	1.0350231777367400187728	-6.7675212409037230898434	-17.5741203810134081209071	6.0909701992871756459635	53656.040719	53666.243727	0.378250	1.000000
-7.2119820274534580661907	-6.4549528430525624500547	1.0175680695151811949728	-6.6392831844682582698169	-17.5740622335836711442880	5.9937779160900888086871	53656.170217	53666.373225	0.378250	1.000000
-7.2223755766274209122457	-6.5100778731248194475256	1.0188148835073191911249	-6.6325980676152465065343	-17.5947114784410949539506	5.9965550871056159110140	53656.084248	53666.287256	0.378250	1.000000
-7.4474413388454525630777	-6.5184590477057868795896	1.0311875462904269706854	-6.9944842330869851920738	-17.5106166044845927842744	6.4787277595406722596749	53656.793929	53666.996937	0.378250	1.000000
-7.4366983016419210272829	-6.5185112370653319757707	1.0301069232964314981160	-6.9828962477325724478305	-17.5144212266328800353676	6.4621998147539860823940	53656.857264	53667.060272	0.378250	1.000000
-7.3033451522634145192114	-6.5269094437004957498516	1.0082951057106499526128	-6.9364965867331660476225	-17.5580581758007099324459	6.3682189972790661514068	53656.004264	53666.207273	0.378250	1.000000
-7.3067221325313544966207	-6.5836304271865655479701	1.0061007203719491975846	-6.9190197185450932337858	-17.5621845487869023827443	6.3795497159787171170819	53655.671393	53665.874402	0.378250	1.000000
-7.3010810763949551827068	-6.5836578312717737304638	1.0055332965740115813702	-6.9129349889985425292593	-17.5641823159648104990538	6.3708710655566225256052	53655.597852	53665.800861	0.378250	1.000000
-7.4452591855998999648136	-7.3483458577251399290731	1.0228289557283516408859	-6.8201998230269529344127	-17.8506262467359881895845	6.4093956599233372628532	53656.742112	53666.945121	0.378250	1.000000
-7.4724949434259277936121	-7.3446519781063406284716	1.0294277529923774316956	-6.8047997968258213674630	-17.8426303867260038771292	6.4002061144092570188491	53656.504556	53666.707564	0.378250	1.000000
-7.4878639090105654219087	-7.3437616144152064734385	1.0318575578229631783955	-6.8111221176983498537538	-17.8375653133412619411047	6.4121496012176946166505	53656.346928	53666.549936	0.378250	1.000000
-7.6804186463729040568182	-8.3931827781882137884395	1.0254305343725482746464	-6.8063809315169638836096	-18.0832166636614104504588	6.3505958177098742467592	53656.625222	53666.828230	0.378250	1.000000
-7.6550811478669897880422	-8.3948497215433981466504	1.0212090097552339873488	-6.7984607605692204401748	-18.0914748097602959830965	6.3337613992170336274512	53656.649753	53666.852761	0.378250	1.000000
-7.6046560475451148164439	-8.1441771862684362304208	1.0140806850146273365709	-6.6968623403713651853764	-18.3732498997035520460486	6.3975866876062639221345	53656.168852	53666.371860	0.378250	1.000000
-7.5840793530119015031232	-8.1469679231021245868760	1.0090952744211059144419	-6.7084971051158710508844	-18.3792907952793882486731	6.4045294160645696024403	53655.844416	53666.047424	0.378250	1.000000
-7.6504452491527858981613	-8.1466455195257783117313	1.0157709018091767294578	-6.7800827301065620389409	-18.3557874643716765206136	6.5066320008694438215002	53656.456780	53666.659788	0.378250	1.000000
-7.6501932685436857539685	-8.1267155262183266017928	1.0156728229400362462087	-6.7862756019774499449682	-18.3470878697254136113770	6.5110173388018814932821	53656.455891	53666.658899	0.378250	1.000000
-7.5409293033935531624934	-7.7831631316893643557364	1.0105067181230458217556	-6.7870382005299285665956	-18.2849323729714861030970	6.3743736746509052082388	53656.069492	53666.272500	0.378250	1.000000
-7.6356658221489386306757	-8.3827606579140603315636	1.0304012901869461504845	-7.0277464695927678306475	-18.2130498946687495731567	6.1910877076607713220824	53656.474935	53666.677944	0.378250	1.000000
-7.5601168230738471365271	-7.9364089793621364066212	1.0223651598581418031841	-7.0769922196482388798700	-18.0438135509479593565629	6.1658259796794698814892	53656.494892	53666.697900	0.378250	1.000000
-7.5245922105795495227198	-7.6250389007117620465692	1.0261529159927287313536	-7.0389166130033213875095	-17.9260841727298654291189	6.0717810006335684036571	53656.590383	53666.793391	0.378250	1.000000
-7.4887657652366916849473	-7.6243314324247384305977	1.0230170501655457826473	-7.0010251871475563945069	-17.9417682220443133189747	6.0134844787664007981220	53656.621076	53666.824084	0.378250	1.000000
-7.5099396481147593362948	-7.7366329100878177271738	1.0255570769647071038833	-6.9874061741518360690861	-17.9838351507530305184446	6.0191421701700686952563	53656.646162	53666.849171	0.378250	1.000000
-7.5099396481147593362948	-7.7366329100878177271738	1.0255570769647071038833	-6.9874061741518360690861	-17.9838351507530305184446	6.0191421701700686952563	53656.646162	53666.849171	0.378250	1.000000
-7.4732072514069516344648	-7.7368113549933337225184	1.0218622305488374024662	-6.9477847461498329906249	-17.9968438453546113464654	5.9626301230490055260702	53656.661987	53666.864995	0.378250	1.000000
-7.4039499270578970069323	-7.7371478050430839701335	1.0148957595428917954905	-6.8730802798952765897411	-18.0213711689743085742066	5.8560791346061353834784	53656.430444	53666.633452	0.378250	1.000000
-7.4517468101595474294641	-7.7369156091872870462112	1.0197035629547595014799	-6.9246364246684173338053	-18.0044440117260968747814	5.9296136695717311937415	53656.626789	53666.829797	0.378250	1.000000
-7.5370035760690656800875	-8.1890981799302107191352	1.0299309960366866967263	-6.8697993874758882526521	-18.1738267514958806714276	5.9523943978098392548759	53656.546047	53666.749055	0.378250	1.000000
-7.3209730192574786755699	-6.9969799981016453926941	1.0071197892536052354018	-7.0270245197112402024686	-17.7477148989922000055230	5.8822188014331606709106	53655.279915	53665.482923	0.378250	1.000000
-7.3518244918253756736704	-6.9718872337694461904789	1.0234612393021278453631	-7.0816033058749257023123	-17.8215679790419407879654	5.8397524113727694583531	53656.640306	53666.843314	0.378250	1.000000
-7.1655419460767131312195	-6.9736988800834565083164	1.0037409483654728958868	-6.8920688869417503497061	-17.8871195635899233877808	5.5661671055010479847169	53655.183221	53665.386229	0.378250	1.000000
-7.2659879829197757672432	-7.3744901830335090053836	1.0246285464685902510951	-6.8794972196921007068227	-18.0954606882491368935462	5.5575507568424109550165	53656.823786	53667.026794	0.378250	1.000000
-7.2838678028021179855500	-8.0314015438899417631546	1.0141330588623360675626	-6.8599611361269747789038	-18.3666198557036537408749	5.6248055738836786332513	53656.449277	53666.652285	0.378250	1.000000
-7.2550915534422735220232	-7.8787788367879203477173	1.0106810493762032887588	-6.8784699810212561743583	-18.3094490270325103153937	5.6171165194211347682085	53656.099980	53666.302989	0.378250	1.000000
-7.3723110244942660074230	-7.8464021789717497412653	1.0460695502029904169206	-6.8689538647870236331983	-18.3403800878880822722294	5.5523007856857100605907	53654.636184	53664.839193	0.378250	1.000000
-7.4420981105093435559183	-7.4398326752567989217368	1.0476125026881186741434	-7.1233728874029322852834	-18.1332127576120001322124	5.8105317580214936867833	53654.567415	53664.770423	0.378250	1.000000
-7.4420981105093435559183	-7.4398326752567989217368	1.0476125026881186741434	-7.1233728874029322852834	-18.1332127576120001322124	5.8105317580214936867833	53654.567415	53664.770423	0.378250	1.000000
-7.4771676996253129132697	-7.4484766782515254845976	1.0504266553336008005459	-7.0573833027933003947396	-18.0697793586154489275941	5.8192444209346874117728	53654.016849	53664.219857	0.378250	1.000000
-7.4822111955150010231819	-7.4726241650411635575324	1.0411183682861024912825	-6.9689947070286413222107	-17.9698319433260564892407	5.8556143470211940993408	53655.554463	53665.757472	0.378250	1.000000
-7.4629960488388791262082	-7.4882526296498284068548	1.0309404631993408507640	-6.9350015360630781202644	-17.9238342113696305091253	5.8820635841530686249712	53656.529510	53666.732518	0.378250	1.000000
-7.3535708828498300704268	-7.4887842138957836368718	1.0199335804855145237724	-6.8169699964842651596086	-17.9625868845861944578246	5.7137151862580610739428	53656.740327	53666.943335	0.378250	1.000000
-7.3586737119333429646417	-7.4846338743183684627525	1.0226364539509822382257	-6.8259973197916359310966	-17.9748021733039529124198	5.7066912515076193557206	53656.774570	53666.977578	0.378250	1.000000
-7.3482068281336561099693	-7.4971552113598693978247	1.0153925952589664127856	-6.7936735706388242661546	-17.9338522045759525269659	5.7272440462480602718642	53656.549038	53666.752046	0.378250	1.000000
-7.3100489511729227487535	-7.4973405812066324926946	1.0115543623212395196731	-6.7525145472640275556842	-17.9473657297612376737561	5.6685389266775114691654	53656.271180	53666.474189	0.378250	1.000000
-7.3988128808061821573006	-7.9114586056624638388257	1.0219957325761066524450	-6.7138011872591674134014	-18.0987290560253910598476	5.7058267377845561796335	53656.456310	53666.659319	0.378250	1.000000
-7.3988128808061821573006	-7.9114586056624638388257	1.0219957325761066524450	-6.7138011872591674134014	-18.0987290560253910598476	5.7058267377845561796335	53656.456310	53666.659319	0.378250	1.000000
-7.3988128808061821573006	-7.9114586056624638388257	1.0219957325761066524450	-6.7138011872591674134014	-18.0987290560253910598476	5.7058267377845561796335	53656.456310	53666.659319	0.378250	1.000000
-7.4510067474172609891525	-7.9028478382151696735036	1.0316813157799420430649	-6.7772370641582195816000	-18.1086502680000194231980	5.7559942961499901414868	53656.250383	53666.453391	0.378250	1.000000
-7.6104078494287907830085	-8.0531283914878724061737	1.0287340172479979560904	-7.1318794262684503948435	-18.1025644630514292998669	6.2270759036281218001818	53656.451308	53666.654316	0.378250	1.000000
-7.5870393558332809291755	-8.0562977691408050873179	1.0230721974966456855327	-7.1450927694017893898604	-18.1094249735842183213208	6.2349606056754502958483	53656.433654	53666.636662	0.378250	1.000000
-7.6114475310368900906610	-8.0561791949417767000341	1.0255273724035911531161	-7.1714206663855577517097	-18.1007808739483735394060	6.2725120880417595259360	53656.445246	53666.648255	0.378250	1.000000
-7.5549579187272897229377	-8.0714018290676783351500	1.0119115903112891885485	-7.0977225748788921322330	-18.0699786690569688119012	6.2394992360830388022919	53655.666111	53665.869119	0.378250	1.000000
-7.7015871525530323893349	-7.8236360622373855022715	1.0469836972655601758930	-7.5321309695857179278278	-17.6260663022530188470682	6.4734167592553273351541	53654.599089	53664.802097	0.378250	1.000000
-7.5978240126117464470212	-7.8569690945866339504278	1.0136759505358021726806	-7.5244573470391458158701	-17.5801553746005367884209	6.5379566719066621871548	53655.498327	53665.701335	0.378250	1.000000
-7.6378610720690378599329	-8.1298278718115533081345	1.0144257979919188983331	-7.4748429721819764637303	-17.6556714792420414994467	6.5649141250196718644361	53655.595802	53665.798811	0.378250	1.000000
-7.6468142040296651629205	-8.2068282593725978557586	1.0126923560567571147573	-7.4503502170494266820810	-17.6624263335176436839902	6.5781782862426387836763	53655.398817	53665.601825	0.378250	1.000000
-7.4608936623779396057898	-8.1512199516433874180166	1.0111290550275178201645	-7.1890450157637477701655	-17.8458158320017759024267	6.2913156869907842505540	53655.448153	53665.651161	0.335200	1.000000
-7.3365086026246872918932	-8.1192893536011911947980	1.0063137993759694310825	-7.0988570113960332008674	-17.9819442620757641293494	6.1509042782752318956341	53654.899160	53665.102168	0.335200	1.000000
-7.0788378205324802294740	-8.0467411163703186360863	1.0000295870150370802776	-6.8601506897753115055139	-18.2645409576935762174799	5.8213388386167066457233	53654.587739	53664.790747	0.335200	1.000000
-7.1916997314729824708479	-8.0019810486194149490302	1.0370744456011744549784	-6.9091511905880400590263	-18.3355999934771531911792	5.7676850597990370062007	53656.103766	53666.306774	0.335200	1.000000
-7.0156463225914631465230	-8.0062962498364136365581	1.0017166739617808790541	-7.1826742978109043846757	-18.5236438218053756088466	5.8681865711476159930271	53654.082048	53664.285056	0.335200	1.000000
-6.9930736584474875172646	-7.9812364917299829514263	0.9952591278691930165579	-7.1806324456597794281265	-18.5016732903838629908932	5.8741141991432517244220	53652.495710	53662.698718	0.335200	1.000000
-6.8466202695445383952233	-7.6258299466438268510160	1.0040038956707417749925	-6.8194091053237491095729	-18.9595899009660655565312	5.9802876722540165843611	53655.612615	53665.815623	0.335200	1.000000
-7.0295554259851975587026	-7.6700288790113635428725	1.0126780264347887694498	-6.9296702633067948084999	-18.7596419221668924137703	6.1700997913582558140888	53656.387646	53666.590654	0.335200	1.000000
-7.0295554259851975587026	-7.6700288790113635428725	1.0126780264347887694498	-6.9296702633067948084999	-18.7596419221668924137703	6.1700997913582558140888	53656.387646	53666.590654	0.335200	1.000000
-6.7203499330230274111386	-7.5829708382262781540817	1.0051369580794107250199	-6.6432221637178043849303	-19.0987585649949380695034	5.7746205546148265952411	53655.407813	53665.610821	0.335200	1.000000
-6.7324331709256295397381	-7.5826746689942599033429	1.0075637010157669770649	-6.6244491970514376433243	-19.0858523774451391830098	5.7677227405996873699223	53655.520832	53665.723841	0.335200	1.000000
-6.8173080412393609606170	-7.9946807354084175045728	1.0229543307555883924209	-6.5596387700450744517866	-19.2409527726116422741143	5.7903122201215726505552	53654.538414	53664.741422	0.335200	1.000000
-6.8156088877991427565917	-7.9953546051176003217620	1.0223966147078580313234	-6.5589010599634844922434	-19.2398829678909528695385	5.7911199860197308808551	53654.563924	53664.766932	0.335200	1.000000
-6.7620153217240615006745	-8.0166093546477377174142	1.0048055066020877834632	-6.5356326999283309575617	-19.2061398999439063572936	5.8165979999597787752919	53654.114867	53664.317876	0.335200	1.000000
-6.7620153217240615006745	-8.0166093546477377174142	1.0048055066020877834632	-6.5356326999283309575617	-19.2061398999439063572936	5.8165979999597787752919	53654.114867	53664.317876	0.335200	1.000000
-6.7620153217240615006745	-8.0166093546477377174142	1.0048055066020877834632	-6.5356326999283309575617	-19.2061398999439063572936	5.8165979999597787752919	53654.114867	53664.317876	0.335200	1.000000
-6.7736016085933465902258	-8.0892410036091106917411	1.0069989313146856524384	-6.5320086398939745109260	-19.2394460431363505392710	5.8226931852043550819076	53654.168337	53664.371345	0.335200	1.000000
-6.8698834808341411317656	-8.1163495490625034989307	1.0093471049289248764325	-6.6212042071008605503835	-19.1338502952513280774838	5.9458393847793944431146	53655.832849	53666.035857	0.335200	1.000000
-6.8636256226647045508571	-8.1390794330680478196882	0.9934977838964259566623	-6.6569272896818132423391	-19.1012121819550984014313	5.8921696373202179231043	53653.822778	53664.025786	0.335200	1.000000
-7.3408470407416857028693	-8.2465053517536492933004	1.0172059449509214257290	-7.0794724923315737186158	-18.6464013982135732305778	6.4328544904424509454088	53656.287141	53666.490149	0.335200	1.000000
-7.3897692977635056621466	-8.2602796084989051905723	1.0183990870285948293628	-7.1247940919488845779028	-18.5927466218967758493363	6.4954269133363817800841	53656.287309	53666.490318	0.335200	1.000000
-7.3939087051015626173012	-8.2586379549830635227181	1.0197577717982473366476	-7.1265912707396958936101	-18.5953528359127062685729	6.4934590674625916051355	53656.365084	53666.568092	0.335200	1.000000
-7.3746751335080755751505	-8.2477305475846058868683	1.0082323458111670522186	-6.9059247093983175957987	-18.9717066916133703102787	6.4656041701860749171260	53655.650075	53665.853083	0.335200	1.000000
-7.3907826519609871596117	-8.2574551266127595994249	1.0063000537291963976116	-6.9246135186416735152193	-18.9408303074409829491742	6.4996314274790965015427	53655.299410	53665.502419	0.335200	1.000000
-7.4749794601281145389748	-8.2441326269797308157194	1.0270646372295291204324	-6.8539509961464455400915	-18.9022702770181219023016	6.4544556682335905151149	53656.674246	53666.877254	0.335200	1.000000
-7.2878365175169443901382	-7.8468749626132172636517	1.0085926188413198989480	-6.8126550938248753297444	-18.8734295484201304304861	6.3035392202465336808359	53655.946790	53666.149798	0.335200	1.000000
-7.2378507058671166518593	-7.8328012578171035684704	1.0073735382265505133859	-6.7663482167498996133759	-18.9282507628601948113101	6.2396064923706635596545	53655.880854	53666.083862	0.335200	1.000000
-7.4147138115590740525818	-7.8825977712011372489087	1.0116869699084731770711	-6.9301942727417520373479	-18.7342787151199665629520	6.4658174997400745809273	53656.017750	53666.220758	0.335200	1.000000
-7.3983836188860863103400	-7.8599290597130098134926	1.0193853617375894238251	-6.9019490867278028289888	-18.7981914209055886999522	6.3981802393945068629932	53656.658283	53666.861291	0.335200	1.000000
-7.2299756587033821020327	-7.8267809983616798419348	1.0298761393503061967181	-7.4225207972925559829491	-18.1570734462773515360823	5.4054586869870853149678	53656.347088	53666.550096	0.335200	1.000000
-7.2260317992189690983196	-7.8268776653183431690763	1.0290840724206531398011	-7.4286481236958348262078	-18.1612859090779821258366	5.4077100710485925816329	53656.365977	53666.568986	0.335200	1.000000
-7.1792091848534180797969	-7.8454471133616365818853	1.0137154054066817021607	-7.4083194624658936788819	-18.1318059029186287034463	5.4299692209593066749562	53655.700240	53665.903248	0.335200	1.000000
-7.2367328926096448071803	-7.8440371641008246328397	1.0252682071139445074692	-7.3189484960959561021809	-18.0703644443587769785609	5.3971313474719186942252	53656.432617	53666.635626	0.335200	1.000000
-6.9094114229328136289610	-7.7659078692837670843119	1.0091973552210382614192	-7.1293975123295378892863	-18.4280372378341645855926	5.0632759105498914564691	53655.593381	53665.796389	0.335200	1.000000
-6.8942505195473229306913	-7.7616392564184897295831	1.0088276030291738472044	-7.1153524450145226865061	-18.4446647388823343760578	5.0438848497967487816140	53655.568342	53665.771351	0.335200	1.000000
-6.8456062385047076190858	-7.7479432649197637061889	1.0076412403778303161772	-7.0702883624620342928324	-18.4980146490728820651839	4.9816679630449334226228	53655.473851	53665.676859	0.335200	1.000000
-7.0298134726402423666514	-7.7998075469823113792245	1.0121337845783344722150	-7.2409380221533119481592	-18.2959880349068626514963	5.2172722392194588181269	53655.755991	53665.958999	0.335200	1.000000
-6.9813841906408145021601	-7.7048301352229344729494	1.0189722204615749845402	-7.1927659633611265022068	-18.3318711985219024995786	5.2028850133391850718567	53656.452598	53666.655606	0.335200	1.000000
-7.1080182819878174882433	-7.7404844691212604246289	1.0220606401717831079878	-7.3100798391982726442961	-18.1929870942526754618029	5.3648522323294951519301	53656.427808	53666.630816	0.335200	1.000000
-7.1554897241864861001659	-7.9517339048299495729566	1.0312056495636785502512	-7.2782080582187909101322	-18.2753589413341970271176	5.3747766965134715633212	53656.392222	53666.595230	0.335200	1.000000
-7.1554897241864861001659	-7.9517339048299495729566	1.0312056495636785502512	-7.2782080582187909101322	-18.2753589413341970271176	5.3747766965134715633212	53656.392222	53666.595230	0.335200	1.000000
-7.1822317911461661665840	-7.9510784366931916977705	1.0365764055333175353013	-7.2366605909198415957917	-18.2467955600259017501230	5.3595107714563692269394	53656.053818	53666.256826	0.335200	1.000000
-6.7753934012772338846275	-7.8384489319103431981262	1.0255487899119741790344	-6.8753025443694557594654	-18.6928103106842939951093	4.8507466536414414193246	53656.797843	53667.000851	0.335200	1.000000
-6.6572366667608795509636	-7.8007335109245570237135	1.0255177748669590531705	-6.7583016441807926000251	-18.8295707738335842407196	4.7079154267206417827651	53656.062856	53666.265864	0.335200	1.000000
-7.0487726359357765204550	-7.8575169351952149909835	1.0528575148534535799172	-7.1131847391427509563755	-18.5660360144272829074907	4.9282130160697237286627	53653.575321	53663.778329	0.335200	1.000000
-7.0164596655394166901942	-7.7137231837069997197887	1.0466326688393370325514	-7.1348792962821621088665	-18.5099669562111976972574	4.9214576089760342370028	53654.806992	53665.010001	0.335200	1.000000
-6.9819970556826254082239	-7.7145678881460657549951	1.0397113538977220681403	-7.1884216854407982921771	-18.5467767012358670797312	4.9411308683444730149859	53655.797304	53666.000312	0.335200	1.000000
-7.1990325638910004357740	-7.7724096804436069163557	1.0468870536554648609240	-7.3630238170416113518968	-18.3090515954109065432931	5.1989866584465040943996	53654.692212	53664.895220	0.335200	1.000000
-7.1040573870889414109797	-7.3497671067926484411714	1.0285908139874790911961	-7.4267890597501571292582	-18.1442518678749493687974	5.1791309789709538691227	53656.433802	53666.636810	0.335200	1.000000
-7.1040573870889414109797	-7.3497671067926484411714	1.0285908139874790911961	-7.4267890597501571292582	-18.1442518678749493687974	5.1791309789709538691227	53656.433802	53666.636810	0.335200	1.000000
-7.0081656947421366865569	-7.3206471139917663748520	1.0274750924240283467270	-7.3207660638643101691514	-18.2496181148945311178977	5.0436625240486590016076	53656.533198	53666.736206	0.335200	1.000000
-6.9827416378037359123709	-7.2638478946538533875810	1.0401593707202727578931	-7.4211985107339737410825	-18.1141907410241742582002	4.9377760142191791103983	53655.665519	53665.868527	0.335200	1.000000
-6.9827416378037359123709	-7.2638478946538533875810	1.0401593707202727578931	-7.4211985107339737410825	-18.1141907410241742582002	4.9377760142191791103983	53655.665519	53665.868527	0.335200	1.000000
-7.0179096059066017332384	-7.1183511735867268654943	1.0347446633387882286570	-7.5133427612801959583066	-17.9700483655691272133481	5.0226437796586402839694	53656.165345	53666.368353	0.335200	1.000000
-7.0179096059066017332384	-7.1183511735867268654943	1.0347446633387882286570	-7.5133427612801959583066	-17.9700483655691272133481	5.0226437796586402839694	53656.165345	53666.368353	0.335200	1.000000
-6.8913934293549390375233	-7.0827300390697045529009	1.0316591193974524731658	-7.3961381217593755721396	-18.1088031484956033523304	4.8608273757551367921792	53656.350211	53666.553220	0.335200	1.000000
-6.5651550842977197675054	-6.4651093685720306680764	1.0065393125430910359341	-7.0155702569580258298743	-18.5089648720504946766141	4.7008695698678248930946	53653.356622	53663.559630	0.335200	1.000000
-6.5167960697630924471468	-6.4191536583539505755880	0.9969134244297155333925	-7.0814077882996766533097	-18.5310836804690026724529	4.7202589489057720228971	53650.349494	53660.552502	0.335200	1.000000
-6.6596680820193308036892	-6.4156517580778924525475	1.0256071942073650138383	-6.8594365298288524357417	-18.3784811247087773722342	4.6386993059974770403642	53655.603932	53665.806940	0.335200	1.000000
-6.7119492198689307826953	-6.4443380908085012848119	1.0188306137106082349675	-7.0210390594932228225389	-18.3198361533714688675900	4.7899814600105106165984	53655.935469	53666.138478	0.335200	1.000000
-7.2530795061639263821007	-6.5966954829201558396790	1.0320279875315678808079	-7.5223423858161222455010	-17.7263593549389462111776	5.4820965662220322300868	53656.468348	53666.671356	0.335200	1.000000
-7.2530795061639263821007	-6.5966954829201558396790	1.0320279875315678808079	-7.5223423858161222455010	-17.7263593549389462111776	5.4820965662220322300868	53656.468348	53666.671356	0.335200	1.000000
-7.5531307456796561439205	-6.7195979812924653273853	1.0221308694617496914958	-7.8281987960854122476917	-17.2994724456316895100372	5.9652674841672297390005	53656.372087	53666.575095	0.335200	1.000000
-7.5616355115562310373889	-6.6983331127177851982424	1.0359779919816440862945	-7.6443657329374010700462	-17.2923580299384944680696	5.8331461303110705429731	53656.127767	53666.330775	0.335200	1.000000
-7.5199574144842449285875	-6.5861989855101681357041	1.0258974097909674405571	-7.6556197147587772278143	-17.2367673161215613220065	5.8347893882172670032560	53656.596962	53666.799970	0.335200	1.000000
-6.9239882339506415576125	-6.4184014838276990388977	1.0113625957905820751392	-7.1035136135959993097799	-17.8903878769835387174680	5.0725343765675461327191	53655.931522	53666.134530	0.335200	1.000000
-6.9584392769109282284035	-6.5717097265913988479724	1.0179993250922516612178	-7.0803835790975782060741	-17.9501668917151206983362	5.0797367729162630212159	53656.649439	53666.852447	0.335200	1.000000
-6.9584392769109282284035	-6.5717097265913988479724	1.0179993250922516612178	-7.0803835790975782060741	-17.9501668917151206983362	5.0797367729162630212159	53656.649439	53666.852447	0.335200	1.000000
-7.3417850207640977799883	-6.6796422509571327097433	1.0273485653998735145365	-7.4355152385008702609070	-17.5297380033000891330630	5.5700426880393232309530	53656.567854	53666.770863	0.335200	1.000000
-7.1395610464334398059805	-6.6149122904315120763385	1.0259082714017198068035	-7.2425182584904854721231	-17.7713627371063012105878	5.2912336557076971033098	53656.723366	53666.926374	0.335200	1.000000
-7.3200249803708130613700	-6.6943941166208658088976	1.0171066706289244585548	-7.4509907240039101594675	-17.5072601667101501732304	5.6058221137855079874157	53656.184176	53666.387184	0.335200	1.000000
-7.3448128663235321411662	-6.8047010017163049866440	1.0218818668172806596317	-7.4343484221180062831991	-17.5502717934188225967773	5.6110043133341278576154	53656.397957	53666.600965	0.335200	1.000000
-6.9284608943714331985575	-6.6804399618272496397253	1.0157836218153339924442	-6.9916313994608945137088	-18.0075578713183936940823	5.0359599460320865205176	53656.638302	53666.841310	0.335200	1.000000
-6.8683671001877035777738	-6.6719732075996684983465	1.0089005972296687385636	-6.9502904666428584334881	-18.0598317185250110128436	4.9433382152003844112187	53656.000818	53666.203826	0.335200	1.000000
-6.9871340107215305081922	-6.6836179467865584058472	1.0243617556216240149780	-6.8837152370984986404778	-17.9316144578019809330272	4.9635154162713721603950	53657.042912	53667.245920	0.335200	1.000000
-6.9871340107215305081922	-6.6836179467865584058472	1.0243617556216240149780	-6.8837152370984986404778	-17.9316144578019809330272	4.9635154162713721603950	53657.042912	53667.245920	0.335200	1.000000
-6.8670026574634128735397	-6.6607283329300006613494	1.0151285422671036950959	-6.8610222906493589789534	-18.0623440442197882305209	4.8759502159480767602417	53656.775443	53666.978451	0.335200	1.000000
-6.8670026574634128735397	-6.6607283329300006613494	1.0151285422671036950959	-6.8610222906493589789534	-18.0623440442197882305209	4.8759502159480767602417	53656.775443	53666.978451	0.335200	1.000000
-6.9271601204491846104361	-6.6368703980737935310685	1.0348741295129508799278	-6.8871404538929352767695	-18.1002198100945008718554	4.8473517704107482728659	53656.389170	53666.592178	0.335200	1.000000
-6.8325097279758288948415	-6.6391903502484508337034	1.0158649720992247722506	-7.0341928149557011451520	-18.2013165299281780562524	4.9013837119320298185698	53656.452351	53666.655359	0.335200	1.000000
-6.8119402563260385008448	-6.5476555436870889082002	1.0119024210851557121771	-7.0480029219362752002098	-18.1656246424520553262028	4.8970834215844707415499	53655.987041	53666.190050	0.335200	1.000000
-6.8435040405550040532034	-6.5743705700414611925453	1.0046843244997492039516	-7.0901843017462962137643	-18.0856227161447726814458	4.9835766652477966331958	53654.959171	53665.162179	0.335200	1.000000
-6.8533674645415434412143	-6.5385444971198145580615	1.0296654872250134982181	-7.0338787895307914865839	-18.1370658043140942083937	5.0681691024854771399077	53656.582864	53666.785873	0.335200	1.000000
-6.7886869588728817603851	-6.5261534539678160982135	1.0254803674297174875818	-6.9781832420460823129815	-18.1931872847336002507745	5.0004983887972906941854	53656.580054	53666.783062	0.335200	1.000000
-6.8746670416618416155075	-6.5240460175924237518075	1.0427482189987495875272	-6.8446013957579348030436	-18.1013513809000379239933	4.9514159636340169257096	53655.064858	53665.267866	0.335200	1.000000
-6.8478027741408755701968	-6.5339199687189184473368	1.0341976417654175079974	-6.8371059823905637742314	-18.0879971706170437073524	4.9643872253558001261808	53656.199114	53666.402123	0.335200	1.000000
-6.7159567888383975287070	-6.4967982052733477260631	1.0309821116077115821241	-6.7149638057864979856504	-18.2325973440415260995451	4.7957539027857878366490	53655.405428	53665.608437	0.335200	1.000000
-6.7324201385603448244410	-6.5386522425251243362254	1.0163277122947265151964	-6.6641963379564117531118	-18.0888696032964766402529	4.8695013380076765940885	53655.941884	53666.144892	0.335200	1.000000
-6.8776391882853262771391	-6.5951173365933737358091	1.0124613699279805256737	-6.8346299677459771970689	-17.8981211787585898775887	5.1070662167251228424902	53656.617142	53666.820150	0.335200	1.000000
-6.8776391882853262771391	-6.5951173365933737358091	1.0124613699279805256737	-6.8346299677459771970689	-17.8981211787585898775887	5.1070662167251228424902	53656.617142	53666.820150	0.335200	1.000000
-6.9152888303330533048552	-6.5819672018746517849763	1.0270718254518513834483	-6.6770583672020915599887	-17.8590510659818271221866	5.0116709199214710679371	53656.168145	53666.371154	0.335200	1.000000
-6.9152888303330533048552	-6.5819672018746517849763	1.0270718254518513834483	-6.6770583672020915599887	-17.8590510659818271221866	5.0116709199214710679371	53656.168145	53666.371154	0.335200	1.000000
-6.8912212687279934542062	-6.5915121907824634206463	1.0191720884303632210788	-6.6666091149950217342735	-17.8438978782760209185199	5.0231124737307029093358	53656.429422	53666.632430	0.335200	1.000000
-6.8912212687279934542062	-6.5915121907824634206463	1.0191720884303632210788	-6.6666091149950217342735	-17.8438978782760209185199	5.0231124737307029093358	53656.429422	53666.632430	0.335200	1.000000
-6.8123257955238747385351	-6.5547411106874022834745	1.0237705436992565743992	-6.5829534634853743568783	-17.9674848047690431940282	4.8845418579602606357071	53654.806286	53665.009294	0.335200	1.000000
-6.8060632603850708122195	-6.5548946101250109563807	1.0225128044215665568117	-6.5926831704029540404122	-17.9741738606073937489782	4.8881168767589420198760	53655.088158	53665.291166	0.335200	1.000000
-6.8527024318379847755978	-6.5680260550150508791489	1.0236502653916006444490	-6.6358897185826366538208	-17.9230230252975921700909	4.9477691932551470799240	53655.837851	53666.040859	0.335200	1.000000
-6.8258425901215771247621	-6.6460530239026462950847	1.0181141895874830094471	-6.6928749865320158463078	-18.0001835194722907829146	4.9765878225560733483235	53656.561830	53666.764838	0.335200	1.000000
-6.8942629937357056135738	-6.6381355522229883447949	1.0329752532936389286533	-6.6783113245255849577120	-17.9749882982079292048638	4.9664964656147940758046	53655.575918	53665.778926	0.335200	1.000000
-6.9194643772895236821796	-6.6456804644635978362999	1.0333308198918538245437	-6.7052990705951254213346	-17.9473070134710717127291	5.0014454505585685950564	53655.835564	53666.038572	0.335200	1.000000
-6.8400908629068251087801	-6.6246806178887052141135	1.0182972109772199242883	-6.8579256503611292217215	-18.0375822065448652153918	5.0473295686176262719869	53656.874332	53667.077340	0.305167	1.000000
-6.8400908629068251087801	-6.6246806178887052141135	1.0182972109772199242883	-6.8579256503611292217215	-18.0375822065448652153918	5.0473295686176262719869	53656.874332	53667.077340	0.305167	1.000000
-6.7583849921552285877624	-6.5980818627057775671574	1.0229595812339524751877	-6.7863998875614681693946	-18.1507696439085570716543	4.9105710316808561799462	53656.614975	53666.817983	0.305167	1.000000
-6.7583849921552285877624	-6.5980818627057775671574	1.0229595812339524751877	-6.7863998875614681693946	-18.1507696439085570716543	4.9105710316808561799462	53656.614975	53666.817983	0.305167	1.000000
-6.7583849921552285877624	-6.5980818627057775671574	1.0229595812339524751877	-6.7863998875614681693946	-18.1507696439085570716543	4.9105710316808561799462	53656.614975	53666.817983	0.305167	1.000000
-6.8072492796629520128704	-7.7119156751090640611324	1.0170070793778389628415	-6.7350912383118792803316	-18.6404288348198612368378	4.7102046973439621879720	53656.766778	53666.969786	0.305167	1.000000
-6.7381656215597063308564	-7.6936382152752242902238	1.0039224036343787904713	-6.8679315508018179414762	-18.7190008953115381018506	4.7501404712480574943356	53655.270872	53665.473881	0.305167	1.000000
-7.0511382380196190311494	-7.7009587210032099946488	1.0425092427097129021973	-7.0612026908346550158058	-18.5691678623810574322306	4.9594385624220649333438	53655.478299	53665.681308	0.305167	1.000000
-7.2989569324328149590997	-7.7816343043096942722059	1.0283680004799216067823	-7.2781445212180440051952	-18.2258637314365010695383	5.3742352197707887739853	53656.423105	53666.626114	0.305167	1.000000
-7.3508681454695734558413	-7.7985336242008118645685	1.0254057984566506966928	-7.3235878789125985477426	-18.1539509408374684085175	5.4611237319451886307320	53656.390433	53666.593441	0.305167	1.000000
-7.1574228347632784519305	-7.7355589026363702487288	1.0364443401751939344280	-7.1542448037944019745282	-18.4219314272756555794786	5.1373367454518730212953	53656.118699	53666.321708	0.305167	1.000000
-7.1574228347632784519305	-7.7355589026363702487288	1.0364443401751939344280	-7.1542448037944019745282	-18.4219314272756555794786	5.1373367454518730212953	53656.118699	53666.321708	0.305167	1.000000
-7.2227669876851230412740	-7.7568312189364805320224	1.0327156162508088765861	-7.2114474299856334837955	-18.3314099366178986372233	5.2467091891791106661458	53656.332286	53666.535294	0.305167	1.000000
-7.2347495003437281013703	-7.7607320392539280717870	1.0320318598682320931914	-7.2219369866145441960725	-18.3148105186259044785402	5.2667654089457318633549	53656.357662	53666.560670	0.305167	1.000000
-7.5174868226217466116168	-7.8629323451554125057328	1.0098352378128698791926	-7.4781154375561440517117	-17.8926583304734094781452	5.7737944382510226759564	53655.008794	53665.211802	0.305167	1.000000
-6.9380484254812078148689	-7.6743003664817397435627	1.0428996470601574753090	-6.9708719191939048087647	-18.6953564313461697565799	4.8039357645843114852369	53655.409692	53665.612700	0.305167	1.000000
-6.9360389409967879714713	-7.6794707721312454040685	1.0194700228264925723209	-7.2364269268898917530919	-18.6744534687613565893116	5.0156876723268064566241	53656.443864	53666.646873	0.305167	1.000000
-6.8434180273417588580287	-6.9571763117832698952725	1.0267499545462732690737	-7.2146579004942914536969	-18.4514025744319702937446	5.0385325697306724279656	53656.562792	53666.765801	0.305167	1.000000
-6.8434180273417588580287	-6.9571763117832698952725	1.0267499545462732690737	-7.2146579004942914536969	-18.4514025744319702937446	5.0385325697306724279656	53656.562792	53666.765801	0.305167	1.000000
-6.8434180273417588580287	-6.9571763117832698952725	1.0267499545462732690737	-7.2146579004942914536969	-18.4514025744319702937446	5.0385325697306724279656	53656.562792	53666.765801	0.305167	1.000000
-7.0287860760931044623590	-7.0042011027576762671742	1.0241232681030016937740	-7.3655617855959203410521	-18.2345774583580180205900	5.3044922128311524645028	53656.521728	53666.724736	0.305167	1.000000
-7.3451332070368833271345	-6.2732373329492050473277	1.0207160525429896935634	-7.6840608599196427164202	-17.4111586946804948183853	6.0766787292461117431230	53656.408568	53666.611576	0.305167	1.000000
-7.3734399739394600459264	-7.3906072766820036790136	1.0134816161845741078196	-7.6177143034779373209631	-17.9201646336808053661116	5.8539063061577865099139	53655.513829	53665.716837	0.305167	1.000000
-7.3933938242666643603229	-7.5462152812373499699561	1.0119132590803696647441	-7.6224041286731907263174	-17.9682177567300378484560	5.8489846999508463554207	53655.300131	53665.503139	0.305167	1.000000
-7.5003072569230377908411	-8.1870025048397039313386	1.0103743703528416109094	-7.5922608689892676636646	-18.1348746820152975089968	5.8141255779034795025950	53655.053345	53665.256353	0.305167	1.000000
-7.7695801820144936300494	-8.2322598730025315916237	1.0260404975743233624286	-7.7169966424722700182315	-17.8908428877316012517440	6.0679795832468856886521	53656.227355	53666.430363	0.305167	1.000000
-7.6641813389829414049359	-7.4103180734180238431463	1.0343247645971194170755	-7.6922243733866366710572	-17.6370200169377362442447	6.0939761499025548729946	53656.029020	53666.232028	0.305167	1.000000
-7.6108151696964752019881	-7.0746857156444828973463	1.0382871973853300406887	-7.6727799712287136912892	-17.5493872527898453483886	6.0864414848820835857168	53655.760919	53665.963927	0.305167	1.000000
-7.7428096902072756080315	-8.1040311107496592057942	1.0279125308139898109516	-7.7038031180287589450018	-17.8672581815540389982289	6.0538851090059750958972	53656.232494	53666.435502	0.305167	1.000000
-7.8107718440355951017295	-8.1261556983068956583338	1.0240344162834444929899	-7.7632975564254449452051	-17.7731099648006676261502	6.1676395386342894866516	53656.184972	53666.387980	0.305167	1.000000
-7.8381262674381595445539	-8.1184009842753592778308	1.0324176677237750787697	-7.7730255238825147756643	-17.7852007840477419620129	6.1580098884716241158799	53656.105787	53666.308795	0.305167	1.000000
-7.5397326065807810380193	-8.0241541664133517741675	1.0377503654635271690410	-7.6445855515857727979778	-18.1868013628283051730250	5.7654095476394111585705	53655.774202	53665.977210	0.305167	1.000000
-7.6955129978735188345240	-8.2660943968212254873151	1.0283099852825425823966	-7.7645697138141791526778	-18.0680726743905388786970	5.9770101022504809051838	53656.226403	53666.429411	0.305167	1.000000
-7.7111101347674377848307	-8.2711719319111729475935	1.0274199681212852208745	-7.7782235321208208489452	-18.0464659044119102304649	6.0031164469034834496597	53656.230051	53666.433059	0.305167	1.000000
-7.7393475471278971866695	-8.4913784243507368643122	1.0252005294889576791917	-7.7848602726879434499097	-18.1144676097719639074057	5.9961517046776835471178	53656.211985	53666.414993	0.305167	1.000000
-7.7928613048242709737679	-8.4762077924722589727935	1.0416007759750003369703	-7.8038912018256061386978	-18.1381210117105311496744	5.9773131147384273020862	53655.344406	53665.547414	0.305167	1.000000
-7.6793391026636736995670	-7.5909168305141179189377	1.0505235327023458857809	-7.7772096704327600136253	-17.8647353613327695143198	6.0053133034547583335439	53653.963446	53664.166454	0.305167	1.000000
-7.6905370036126621258177	-7.6270790437221904767284	1.0151635200344417686580	-8.0149344225959442411522	-17.7469221553907026134311	6.2815693055206791584055	53655.593891	53665.796899	0.305167	1.000000
-7.7794749098090694161556	-7.6506093409421387363523	1.0320086567257136245246	-7.8439165643106356640146	-17.6457689342450656511119	6.2301562186795749198609	53656.125072	53666.328080	0.305167	1.000000
-8.0228770003317944059518	-7.7298471308007110636140	1.0181194385233915955524	-8.0569920756725892374561	-17.3085831405951786621245	6.6375604049520608995749	53655.850701	53666.053709	0.305167	1.000000
-7.8977158123654476185038	-6.7537907613356527036785	1.0279570104756110549005	-8.0275749915927221422862	-17.0071683325400435649044	6.6684313431149764284100	53656.414106	53666.617115	0.305167	1.000000
-7.8534563847755842758147	-6.7442484964642206435315	1.0224485293409015795874	-8.0219156450353619192128	-17.0490374051957118695100	6.5924477812804580523220	53656.343682	53666.546690	0.305167	1.000000
-7.8534563847755842758147	-6.7442484964642206435315	1.0224485293409015795874	-8.0219156450353619192128	-17.0490374051957118695100	6.5924477812804580523220	53656.343682	53666.546690	0.305167	1.000000
-7.7785654957930834285662	-6.1602197700356695619917	1.0283348949219721646386	-8.0043137700946527246515	-16.8686841879203370808682	6.6109195778518214936526	53655.969040	53666.172048	0.305167	1.000000
-7.5860389858052412748179	-6.0975441573987403387491	1.0393210072483287653711	-7.8357750181131375910581	-17.1353918564102798427484	6.2886704715724510705854	53654.507049	53664.710058	0.305167	1.000000
-7.8965149882343146359176	-6.1986173740821755018260	1.0216043601354747316634	-8.1075673960714258470261	-16.7052883307443096327916	6.8083423562925267091828	53656.214617	53666.417625	0.305167	1.000000
-7.9953650589739577725368	-6.2247701321601551782692	1.0403268939207195309393	-7.9174895303758656694981	-16.5928615434112707305303	6.7511992607494040186111	53655.471260	53665.674268	0.305167	1.000000
-7.9952917374497882718742	-6.2249120284230663457947	1.0400914783064916235844	-7.9179951503212206986859	-16.5923017669046650723885	6.7504797036197308202077	53655.500967	53665.703975	0.305167	1.000000
-8.0609378573937711109920	-6.2462826479028779047553	1.0363455232817024853631	-7.9754621200828719196352	-16.5013619602423204923980	6.8603575769785347659990	53655.996270	53666.199278	0.305167	1.000000
-8.2203829254426032946412	-7.4896982528322357808293	1.0238132650406042145619	-8.0129370677813049894667	-16.8853396562210384956870	6.8210305386522378512382	53656.166017	53666.369025	0.305167	1.000000
-8.1389790840818019290737	-7.4614198406874834290647	1.0098350546257368609560	-8.1974945924942570485427	-16.9973508228322955915246	6.8708688158964168479770	53654.878604	53665.081612	0.305167	1.000000
-8.0766434598812057998884	-7.4449277078325470924369	0.9980284790574309727873	-8.3173591744433927885893	-17.0682480302175179076585	6.9069036968305619339503	53652.370075	53662.573083	0.305167	1.000000
-8.0548577346398815279827	-7.4694175522456287552586	0.9943101692339612052152	-8.3032816675596574640394	-17.0856975529854224760129	6.8917027175964200580438	53651.295976	53661.498984	0.305167	1.000000
-7.9626251761166466636155	-6.7861904086741633435054	1.0002775607202050167643	-8.2919265535503736685996	-16.8805424231148890612531	6.9160372496426463229113	53653.197436	53663.400444	0.305167	1.000000
-7.8106651222107235099656	-6.7367209123668967407639	1.0089488352446074337365	-8.1588998974396638175222	-17.0910532337217695442178	6.6616879054175788255066	53655.012677	53665.215685	0.305167	1.000000
-7.7266411878510341537662	-6.7074354312453570159391	1.0215534630281302153065	-7.9966729255399187081821	-17.2153091171160781414073	6.4496925345225966097473	53656.342745	53666.545753	0.305167	1.000000
-7.8471086184244853711789	-6.7393074930910321640454	1.0443703970177236062256	-7.7650272431656457428062	-17.0782959000662764026401	6.3800529091426172456636	53655.150218	53665.353226	0.305167	1.000000
-7.9084040725290600803987	-7.2173136495531240441892	1.0395526220357551583362	-7.7794337341586263789850	-17.2259084134482236549957	6.3649344191052827923727	53655.596626	53665.799634	0.305167	1.000000
-8.0371773714055123605249	-8.2215386863048163235135	1.0294311409775664944988	-7.8096997856546304106473	-17.5360219541882571547831	6.3331725557733484777145	53656.195117	53666.398125	0.305167	1.000000
-7.7700759307762270466924	-6.6691783942937785667482	1.0309605070268699211766	-7.9056117839125388258026	-17.1418287383272662793843	6.4278213915239623688080	53656.420342	53666.623350	0.305167	1.000000
-7.9941386201821904577969	-8.0628453867084779460583	1.0198689597334149592456	-7.8086226292150104910661	-17.6559927155065956583258	6.4390390544350077917102	53655.986589	53666.189597	0.305167	1.000000
-8.2273731721275726869180	-8.1097312520411115599472	1.0238950196390859126438	-7.9880115983950963354232	-17.4200279489251101949776	6.7328228051150311728179	53656.160601	53666.363610	0.305167	1.000000
-8.1744328079256423080778	-8.0924968994328008164985	1.0269159479660854294991	-7.9416673161837607608504	-17.4933664263441244202113	6.6442117091612660217947	53656.209317	53666.412325	0.305167	1.000000
-7.9208540916538945353409	-8.0099461826768525440912	1.0413858734880858669669	-7.7196831313968763410571	-17.8446499363385733261111	6.2197739800651481445470	53655.371395	53665.574403	0.305167	1.000000
-7.9582285356313899882252	-8.3014068558470235359437	1.0384482712826668127093	-7.7284673813611695081249	-17.9346555606114392844574	6.2105555940171282003348	53655.683463	53665.886471	0.305167	1.000000
-7.9582285356313899882252	-8.3014068558470235359437	1.0384482712826668127093	-7.7284673813611695081249	-17.9346555606114392844574	6.2105555940171282003348	53655.683463	53665.886471	0.305167	1.000000
-8.2658377671749470039231	-8.4012293042395054243343	1.0221786661103409166174	-7.9831782383082563470111	-17.5098146023205636367948	6.7137026492085292161960	53656.097996	53666.301004	0.305167	1.000000
-8.2628814905436627213930	-8.4002669097671720521703	1.0223473596951420105938	-7.9805902976969598228152	-17.5139099429974969268642	6.7087544605024334032350	53656.105356	53666.308365	0.305167	1.000000
-8.1150436919863651041851	-7.2473693760018296217140	1.0339672955889767091975	-7.9458434482861672876197	-17.1578850250539005628525	6.7452185721935995488252	53656.037281	53666.240290	0.305167	1.000000
-8.2495286965778156229590	-8.2811148591636722926523	1.0239312491030700957850	-7.9731492585235317349657	-17.4746840803368002070783	6.7113870836525446605947	53656.161686	53666.364694	0.305167	1.000000
-8.2229645679075726860674	-8.2740867890220233249465	1.0188999143474870567871	-8.0242291701909795875736	-17.5048967005438491639779	6.7267432339442478905767	53655.905874	53666.108882	0.305167	1.000000
-8.1305547447931498794560	-7.5534384960685887477894	1.0261632545150831674619	-8.0025097571642067606490	-17.2823541572121897047509	6.7495360659823901983145	53656.209501	53666.412510	0.305167	1.000000
-8.1305547447931498794560	-7.5534384960685887477894	1.0261632545150831674619	-8.0025097571642067606490	-17.2823541572121897047509	6.7495360659823901983145	53656.209501	53666.412510	0.305167	1.000000
-8.1882294462926097367017	-7.5822049497588794864100	1.0169086386209866823549	-8.0615252019646401748787	-17.1724811187969415016141	6.8793040358624226726647	53655.748042	53665.951050	0.305167	1.000000
-8.1554211968576186819746	-7.5715244614821584079323	1.0187807710018557116882	-8.0328046823083028016299	-17.2179305050378061991978	6.8243898889239869021139	53655.903720	53666.106728	0.305167	1.000000
-7.8926754707291868484731	-6.8330275052975011362832	1.0356555943615652903844	-7.8587499812445935631899	-17.2504436578646469513387	6.5524125051563073540706	53656.046929	53666.249937	0.305167	1.000000
-7.5396733990400832681189	-6.7349303696661388940470	1.0466228344820729390108	-7.5527922085744769731264	-17.6892598452859530766546	6.0090836224320378633479	53654.817758	53665.020766	0.305167	1.000000
-7.6046875262867983380488	-6.7560952484950362872951	1.0429129427649397321431	-7.6097059284981423132876	-17.5991955403859421380730	6.1179036722117290381107	53655.354215	53665.557223	0.305167	1.000000
-7.6227681147345789369751	-6.7509695768304931462467	1.0484540619073989820009	-7.6161358712330420317471	-17.6071872689479249629585	6.1115387147448894111790	53654.491982	53664.694990	0.305167	1.000000
-7.5157299826027808009599	-6.7253958163081213328383	1.0275942889801161772567	-7.8105450619591554328736	-17.7210155159922102541259	6.1722828562551947939596	53656.459317	53666.662326	0.305167	1.000000
-7.5968419840961605160601	-7.1971466430808312964018	1.0262622659325357776794	-7.7912547442195894120687	-17.8399122769345694905496	6.1514322809783523737792	53656.266570	53666.469578	0.305167	1.000000
-7.5558615252649010685104	-7.2966243923596536546938	1.0144786690374358872901	-7.7675254368675759053531	-17.8724756357717211585623	6.1370735863802927667621	53655.569363	53665.772371	0.305167	1.000000
-7.6461839608455655081798	-7.2551748111584721812051	1.0455438466872057912127	-7.8655168931231660423009	-17.9580566918286805844218	6.1118119688142451551016	53654.830348	53665.033356	0.305167	1.000000
-7.6461839608455655081798	-7.2551748111584721812051	1.0455438466872057912127	-7.8655168931231660423009	-17.9580566918286805844218	6.1118119688142451551016	53654.830348	53665.033356	0.305167	1.000000
-7.5732439149616261886422	-7.2758526075409051259157	1.0231900673471887586174	-7.8395774542896790038071	-17.9258167539700963288851	6.1374892464659911439639	53656.194236	53666.397244	0.305167	1.000000
-7.4943012300793103719343	-6.6602263766459461891145	1.0293949009321814447304	-7.8210232711886202849882	-17.7357059488732460295068	6.1569604162672222358310	53656.483895	53666.686903	0.305167	1.000000
-7.4943012300793103719343	-6.6602263766459461891145	1.0293949009321814447304	-7.8210232711886202849882	-17.7357059488732460295068	6.1569604162672222358310	53656.483895	53666.686903	0.305167	1.000000
-7.4479612866617017630233	-6.6733633016745850241591	1.0151931979138646422456	-7.8045435430329650472459	-17.7152234158826402676823	6.1732735893545198635479	53655.936674	53666.139682	0.305167	1.000000
-7.4064633631065426300211	-6.3497461064105227279697	1.0184549024044879939055	-7.7947901368357479512383	-17.6152875742187831065166	6.1835090293721171050834	53656.428871	53666.631879	0.305167	1.000000
-7.4113335186789059960688	-6.3338031973102237870421	1.0230579179842780312981	-7.8570635743756813695882	-17.6594044915200498735430	6.1878007387009761330887	53656.609986	53666.812994	0.305167	1.000000
-7.4126806077588254240140	-6.3341595965980843629950	1.0233130611583982627621	-7.8544732695302021951989	-17.6578723843968745654820	6.1870220155354491708977	53656.616427	53666.819435	0.305167	1.000000
-7.4531286202908404447953	-6.6495891710975749688828	1.0201338788569729310041	-7.8639799113642325778528	-17.7552798166180139105563	6.1770455354941731229701	53656.344271	53666.547279	0.305167	1.000000
-7.4646944297886337338355	-6.6526491367152882361324	1.0223244818323262705917	-7.8417401257178234175171	-17.7421254830397643331708	6.1703595902821897212220	53656.444514	53666.647522	0.305167	1.000000
-7.5821566262075181796831	-6.6779232512580604108621	1.0233604506158857638809	-7.9335023306008958243751	-17.6183037184875495029246	6.3238418131216125317451	53656.444908	53666.647916	0.305167	1.000000
-7.5821566262075181796831	-6.6779232512580604108621	1.0233604506158857638809	-7.9335023306008958243751	-17.6183037184875495029246	6.3238418131216125317451	53656.444908	53666.647916	0.305167	1.000000
-7.5657932262448364113538	-6.6985316843343039039382	1.0149345286749642536250	-7.8612908455576162580769	-17.5650512815160624313648	6.3230156642198878103045	53655.870170	53666.073178	0.305167	1.000000
-7.6084390000211428173316	-6.5060791412302050318317	1.0365976030401231611222	-7.8791480992219877776961	-17.5400212607745409343352	6.3056511297911272961869	53656.206165	53666.409174	0.305167	1.000000
-7.5642824812004079149119	-6.2755371871730041277715	1.0104207588725195865464	-8.1828059724865980228969	-17.1571206364660753251883	6.3548862156951271273897	53655.542441	53665.745450	0.305167	1.000000
-7.5645288720206682597791	-6.2750603567060094789554	1.0112118532605411935776	-8.1811068791509509168236	-17.1590017183746610385242	6.3573042269600659182061	53655.645449	53665.848457	0.305167	1.000000
-7.5645288720206682597791	-6.2750603567060094789554	1.0112118532605411935776	-8.1811068791509509168236	-17.1590017183746610385242	6.3573042269600659182061	53655.645449	53665.848457	0.305167	1.000000
-7.5780419745059841574175	-6.2556232275463878877986	1.0172185001231053291804	-8.2289708445449480933576	-17.1858040668106113457725	6.3577202947609290362152	53656.196441	53666.399449	0.279857	1.000000
-7.5276597819207546891107	-6.2667390290052589207903	1.0018223316116978693913	-8.2332219273458289166001	-17.1744480876582521489127	6.3825273060053664408997	53654.009373	53664.212381	0.279857	1.000000
-7.5568108218574279177915	-6.3033869499525705393239	1.0240865793227060809301	-7.9585968854794151283727	-17.0721139408856394936720	6.5318093261133967075693	53656.607582	53666.810591	0.279857	1.000000
-7.5568108218574279177915	-6.3033869499525705393239	1.0240865793227060809301	-7.9585968854794151283727	-17.0721139408856394936720	6.5318093261133967075693	53656.607582	53666.810591	0.279857	1.000000
-7.5528487023294808011542	-7.2401304007403428641965	1.0303050844001755415036	-7.7870967512152695633176	-17.5712606372045243574576	6.3657606012257597072335	53656.223540	53666.426548	0.279857	1.000000
-7.7733720196095061893971	-7.0276986052348826561342	1.0197496895485704815343	-8.0263945081107088697081	-17.0980603988443178309353	6.6765510618494392502953	53656.048657	53666.251665	0.279857	1.000000
-7.7905550888586843072403	-7.0135638516119263030646	1.0456873837915459102277	-7.9788993521843023515316	-17.1449707857799218402306	6.7653211787578104718932	53654.837967	53665.040975	0.279857	1.000000
-7.6918444261199176992250	-7.1184216729566855974554	1.0476894380090622238555	-7.8388679660394737780393	-17.3300424426133474753442	6.6278173314716850583750	53654.500195	53664.703203	0.279857	1.000000
-7.6916164895928549327664	-7.1140519729850559826900	1.0489794293770937638755	-7.8540841658916171752480	-17.3430944000863114240474	6.6267387217724920134287	53654.276051	53664.479059	0.279857	1.000000
-7.8966091552700605760151	-7.0051199061575077919883	1.0144906323571798445471	-7.7781973768881176312107	-16.6608500906603254065885	6.9302530001202216070055	53655.604641	53665.807650	0.279857	1.000000
-7.7004646124967655040905	-6.4686910137364712625185	1.0162815406718417321486	-7.5820988486992169086420	-16.6175091310960780788264	6.8033848689608342752422	53656.288734	53666.491742	0.279857	1.000000
-7.3106697000534506258873	-6.3548434683787995425064	1.0325034566606361430274	-6.9871755437123415077849	-16.9478475719119927589418	6.4638607314024474348457	53656.651191	53666.854199	0.279857	1.000000
-7.5179136553157341893439	-6.9311421814499736271387	1.0273403391464384082354	-7.1551480236848039595543	-16.9603655435066222878504	6.6002729510703534998584	53656.558508	53666.761516	0.279857	1.000000
-7.3619168714155227561946	-6.7070592293830886276851	1.0190881917539738044098	-7.2984657841114248810754	-17.1007869925517184128694	6.5843040895283406754857	53656.393175	53666.596183	0.279857	1.000000
-7.1580522541556854676514	-6.1401576933701198512949	1.0241671190238541555573	-7.1332322780415680085753	-17.0884731400932494693734	6.4501162194070271738155	53655.756276	53665.959284	0.279857	1.000000
-7.1603850923970595587775	-6.1848798067080243967553	1.0109645786799879019213	-6.9775006216857633489781	-16.9548916298803753477387	6.4611553537933330559895	53655.633157	53665.836165	0.279857	1.000000
-7.1603850923970595587775	-6.1848798067080243967553	1.0109645786799879019213	-6.9775006216857633489781	-16.9548916298803753477387	6.4611553537933330559895	53655.633157	53665.836165	0.279857	1.000000
-7.1601058307508615996539	-6.1795261689072056299210	1.0125450410905567633080	-6.9961430967394617752575	-16.9708825339139721677384	6.4598338704660065445751	53655.721538	53665.924546	0.279857	1.000000
-7.2467964374315734232823	-6.2180850134080323243779	1.0172285185299554388649	-6.7136198145077043974993	-16.7595484004610284500814	6.4303470909357844931264	53656.194748	53666.397756	0.279857	1.000000
-7.2467964374315734232823	-6.2180850134080323243779	1.0172285185299554388649	-6.7136198145077043974993	-16.7595484004610284500814	6.4303470909357844931264	53656.194748	53666.397756	0.279857	1.000000
-7.4238179025753723294656	-6.7103417956106001796002	1.0128183410368836181448	-6.8570967833337963526219	-16.7702408699687914861443	6.5468662480738988307394	53656.484038	53666.687047	0.279857	1.000000
-7.6924703195674668521065	-7.3861881344502631208115	1.0363566361328098164307	-7.0100545965617335752995	-16.8423876533876502037401	6.8110731944352744804405	53656.081614	53666.284622	0.279857	1.000000
-7.6924703195674668521065	-7.3861881344502631208115	1.0363566361328098164307	-7.0100545965617335752995	-16.8423876533876502037401	6.8110731944352744804405	53656.081614	53666.284622	0.279857	1.000000
-7.6924703195674668521065	-7.3861881344502631208115	1.0363566361328098164307	-7.0100545965617335752995	-16.8423876533876502037401	6.8110731944352744804405	53656.081614	53666.284622	0.279857	1.000000
-7.6937599479152609660559	-7.4109111967316216862400	1.0290580716681267947621	-6.9239637758938190614799	-16.7685417693240346181938	6.8171757952874036945445	53656.585942	53666.788950	0.279857	1.000000
-7.6937599479152609660559	-7.4109111967316216862400	1.0290580716681267947621	-6.9239637758938190614799	-16.7685417693240346181938	6.8171757952874036945445	53656.585942	53666.788950	0.279857	1.000000
-7.6937599479152609660559	-7.4109111967316216862400	1.0290580716681267947621	-6.9239637758938190614799	-16.7685417693240346181938	6.8171757952874036945445	53656.585942	53666.788950	0.279857	1.000000
-7.6937599479152609660559	-7.4109111967316216862400	1.0290580716681267947621	-6.9239637758938190614799	-16.7685417693240346181938	6.8171757952874036945445	53656.585942	53666.788950	0.279857	1.000000
-7.6163849553726468144532	-7.1957487879184585111147	1.0309857330981169187822	-6.8612508761675750079689	-16.7638681567327409993595	6.7662459890782544746912	53656.486124	53666.689132	0.279857	1.000000
-7.6542823392825827255592	-7.3011328679917220085827	1.0300415866386458674242	-6.8919669351800756373905	-16.7661572385768664616990	6.7911908240299840855414	53656.548515	53666.751523	0.279857	1.000000
-7.6165816247962023766149	-7.2637434605438686574530	1.0077936571367560603107	-6.5833593096330504934599	-16.5279894550636718975056	6.7831401142096110490343	53654.805439	53665.008447	0.279857	1.000000
-7.6493113091888353949344	-7.2694458011318232593112	1.0216903171958708895772	-6.5548821211291663502152	-16.5589026621084727253219	6.7420798823103869068518	53654.233499	53664.436507	0.279857	1.000000
-7.7196053993692084205236	-7.4649178169799519366734	1.0199390639557195381570	-6.6118559066374666954857	-16.5631485732764716090060	6.7883488934325937336212	53655.432602	53665.635611	0.279857	1.000000
-7.7196053993692084205236	-7.4649178169799519366734	1.0199390639557195381570	-6.6118559066374666954857	-16.5631485732764716090060	6.7883488934325937336212	53655.432602	53665.635611	0.279857	1.000000
-7.7197818401869167104223	-7.4683003087905905914567	1.0189405090740364379087	-6.6000773699591874787984	-16.5530453305935090213552	6.7891838222602203245515	53655.273843	53665.476851	0.279857	1.000000
-7.6910402716877417361729	-7.4736484423856381908990	1.0104629372114140029026	-6.6059170223178647063378	-16.5495112016706720226011	6.8030679330056162967821	53655.241084	53665.444092	0.279857	1.000000
-7.6889607982684928799699	-7.4337835069222855111093	1.0222315764701150886395	-6.7447349798530540354591	-16.6685846954364507155333	6.7932277365784861089537	53656.525413	53666.728422	0.279857	1.000000
-7.6855431485468574948072	-7.3682648115025015655988	1.0415735340610157155794	-6.9728846400200898969501	-16.8642839955841097321354	6.7770552073849374963288	53655.472544	53665.675552	0.279857	1.000000
-7.6895033349504435804533	-7.4441843082079728333156	1.0191611267902151993781	-6.7085172367555969685782	-16.6375183025612152221129	6.7957950536068754132657	53656.367108	53666.570116	0.279857	1.000000
-7.7354781104532435165311	-7.5720297931219615605869	1.0180157463697856456974	-6.7457800705381751882328	-16.6402952758779285602486	6.8260565932842736103225	53656.481768	53666.684776	0.279857	1.000000
-7.7354781104532435165311	-7.5720297931219615605869	1.0180157463697856456974	-6.7457800705381751882328	-16.6402952758779285602486	6.8260565932842736103225	53656.481768	53666.684776	0.279857	1.000000
-7.8026873080284904204973	-7.5006351753923592440287	1.0166526063226206666457	-6.8411233377903704067080	-16.5142854082042198626823	6.9196789333962751555873	53656.498629	53666.701637	0.279857	1.000000
-7.8026873080284904204973	-7.5006351753923592440287	1.0166526063226206666457	-6.8411233377903704067080	-16.5142854082042198626823	6.9196789333962751555873	53656.498629	53666.701637	0.279857	1.000000
-7.8030516767538937727977	-7.5076203744281357899126	1.0145904861499228655219	-6.8167994287747735171479	-16.4934211563454944382556	6.9214031486695652972685	53656.376632	53666.579641	0.279857	1.000000
-7.7583415122618619719219	-7.0717443347246327078892	1.0112009968477029264733	-6.7734018117186280960595	-16.2768508198229753247688	6.9578036004275274351016	53656.151209	53666.354217	0.279857	1.000000
-7.7583415122618619719219	-7.0717443347246327078892	1.0112009968477029264733	-6.7734018117186280960595	-16.2768508198229753247688	6.9578036004275274351016	53656.151209	53666.354217	0.279857	1.000000
-7.7583415122618619719219	-7.0717443347246327078892	1.0112009968477029264733	-6.7734018117186280960595	-16.2768508198229753247688	6.9578036004275274351016	53656.151209	53666.354217	0.279857	1.000000
-7.7262725908628722137905	-7.1058103326368700081161	1.0118514201916122274838	-6.7279086968810304369981	-16.3369765271326166100607	6.9131316273262299887392	53656.151375	53666.354384	0.279857	1.000000
-7.7240818587229540526096	-7.0638124909876784940366	1.0242497206596452574701	-6.8741538752781368160072	-16.4624208475025426423599	6.9027649477733818983438	53656.737354	53666.940362	0.279857	1.000000
-7.7203914137278131235576	-6.9930641225783913839109	1.0451355446619441380562	-7.1205143393644982907631	-16.6737407783341531342103	6.8853015345267616353908	53655.006215	53665.209223	0.279857	1.000000
-7.7090147470662149231657	-7.5100430479686286489027	1.0447578482841772817835	-7.0244843304939310613122	-16.9493264639640273117038	6.7729198076992007671038	53655.010020	53665.213029	0.279857	1.000000
-7.6951028851676239739277	-7.4327701887258790236501	1.0492647165391402186430	-7.0000246256933005284395	-16.9492998209601495318566	6.7489190533289251661131	53654.196016	53664.399025	0.279857	1.000000
-7.9264936003203443348752	-8.0762155967734443606787	1.0435000251033115237220	-7.1875682006922163580498	-16.9632763077333201806596	6.9012251653435292553240	53655.177394	53665.380403	0.279857	1.000000
-7.9264936003203443348752	-8.0762155967734443606787	1.0435000251033115237220	-7.1875682006922163580498	-16.9632763077333201806596	6.9012251653435292553240	53655.177394	53665.380403	0.279857	1.000000
-7.8726019427525626426245	-8.0862435736508828654223	1.0276042190049130553575	-7.1985177960574713296182	-16.9566496664031696184338	6.9272584607061507000481	53656.400104	53666.603112	0.279857	1.000000
-7.8688751129893415026118	-8.0147976842163561883581	1.0486959601428096355846	-7.4473071727442468059621	-17.1700530388479428722803	6.9096228724937205356582	53654.308094	53664.511102	0.279857	1.000000
-7.7762896827808747346467	-8.0320256670845839863659	1.0213870943080645137258	-7.4661184886928362303138	-17.1586685228378783563130	6.9543478625881673949038	53656.142243	53666.345251	0.279857	1.000000
-7.7762896827808747346467	-8.0320256670845839863659	1.0213870943080645137258	-7.4661184886928362303138	-17.1586685228378783563130	6.9543478625881673949038	53656.142243	53666.345251	0.279857	1.000000
-7.4782764695151024980646	-7.2077589789405180908943	1.0269263993493968900594	-7.2286169495852439226269	-17.1371808519887665056558	6.7527409475064539279288	53656.448710	53666.651719	0.279857	1.000000
-7.4767225220543211960944	-7.1779687374957212853133	1.0357208599679450511388	-7.3323527370330507935137	-17.2261620101852734876502	6.7453875723154181898167	53656.038668	53666.241676	0.279857	1.000000
-7.4767225220543211960944	-7.1779687374957212853133	1.0357208599679450511388	-7.3323527370330507935137	-17.2261620101852734876502	6.7453875723154181898167	53656.038668	53666.241676	0.279857	1.000000
-7.2998400627081920788441	-6.6860984990753591361567	1.0401275743768094717012	-7.1889884332472275829673	-17.2154779369205996886194	6.6289599116428226110997	53655.835369	53666.038377	0.279857	1.000000
-7.1270387591442041497203	-6.8861430596686057370448	1.0390385837391191703460	-6.8883152117957751059407	-17.4943425775493892615486	6.3909679425289507292973	53655.919722	53666.122731	0.279857	1.000000
-7.1270387591442041497203	-6.8861430596686057370448	1.0390385837391191703460	-6.8883152117957751059407	-17.4943425775493892615486	6.3909679425289507292973	53655.919722	53666.122731	0.279857	1.000000
-7.3059612008395209414857	-7.3836860290549299890017	1.0345810467690734757440	-7.0333329336215086868833	-17.5051498700465302249540	6.5087383614015807964392	53656.298466	53666.501474	0.279857	1.000000
-7.5888595841543908804283	-7.0831702862434706702288	1.0288432887019132166984	-7.4346538411566029935784	-16.9747464560390675103463	6.9028155058309108582648	53656.332773	53666.535781	0.279857	1.000000
-7.5548239584828360548840	-7.1193254639821708096292	1.0295336008326489984910	-7.3863707508717419969457	-17.0385595179680215949247	6.8554039157880533039702	53656.331055	53666.534064	0.279857	1.000000
-7.3399883940280910010756	-6.4218757193604831812195	1.0350064068850239884512	-7.2280749625618607723254	-16.9752043609006832980413	6.7331221560318086361008	53656.428261	53666.631269	0.279857	1.000000
-7.3950838064817787653737	-6.6200368025183440323644	1.0181798175958058916279	-7.0874123796435863908982	-16.8213139013670414101398	6.7805605463807339106097	53656.622844	53666.825852	0.279857	1.000000
-7.3950838064817787653737	-6.6200368025183440323644	1.0181798175958058916279	-7.0874123796435863908982	-16.8213139013670414101398	6.7805605463807339106097	53656.622844	53666.825852	0.279857	1.000000
-7.6231244017874395524359	-7.2541662826101251937416	1.0124985884855013384964	-7.2722406622316642099690	-16.8350880338422044246727	6.9306615408375655817963	53655.525975	53665.728983	0.279857	1.000000
-7.6724573213438569396772	-7.3116772531179794469836	1.0386594207088730712485	-7.6406732728295665424412	-17.1167138276716528366705	6.9433301929047965828090	53655.694543	53665.897551	0.279857	1.000000
-7.6343223798426951276497	-7.3521870295896887270715	1.0394328753524630926108	-7.5865748748369199461195	-17.1882126567854207621622	6.8902082603095475832333	53655.621497	53665.824506	0.279857	1.000000
-7.6343223798426951276497	-7.3521870295896887270715	1.0394328753524630926108	-7.5865748748369199461195	-17.1882126567854207621622	6.8902082603095475832333	53655.621497	53665.824506	0.279857	1.000000
-7.6343223798426951276497	-7.3521870295896887270715	1.0394328753524630926108	-7.5865748748369199461195	-17.1882126567854207621622	6.8902082603095475832333	53655.621497	53665.824506	0.279857	1.000000
-7.6348468641744524632031	-7.3622417549078882359481	1.0364645917282742093590	-7.5515622398978026197369	-17.1581799661870917361739	6.8926901525038264395562	53655.898027	53666.101035	0.279857	1.000000
-7.6869060906708766012230	-7.3069405653519545751351	1.0354087240937550618014	-7.6254136906495251224669	-17.0605746312228454542037	6.9652085991577852297496	53655.968863	53666.171871	0.279857	1.000000
-7.6869060906708766012230	-7.3069405653519545751351	1.0354087240937550618014	-7.6254136906495251224669	-17.0605746312228454542037	6.9652085991577852297496	53655.968863	53666.171871	0.279857	1.000000
-7.6869060906708766012230	-7.3069405653519545751351	1.0354087240937550618014	-7.6254136906495251224669	-17.0605746312228454542037	6.9652085991577852297496	53655.968863	53666.171871	0.279857	1.000000
-7.6415131438403891550593	-7.3153871309570739356332	1.0220196855371879163243	-7.6346365355695429144589	-17.0549930107802758527669	6.9871364456103002282816	53656.159522	53666.362530	0.279857	1.000000
-7.5826129909547548280102	-7.1515990857775282307784	1.0234870789314505223899	-7.5868976051942942362416	-17.0514353174337607299549	6.9483671575809342613184	53656.248908	53666.451916	0.279857	1.000000
-7.5826129909547548280102	-7.1515990857775282307784	1.0234870789314505223899	-7.5868976051942942362416	-17.0514353174337607299549	6.9483671575809342613184	53656.248908	53666.451916	0.279857	1.000000
-7.4037199311412598135007	-7.2988294129356008355103	1.0271669776103895532771	-7.3398920073134092945111	-17.3652852178658676507439	6.7073531513844217855080	53656.387881	53666.590889	0.279857	1.000000
-7.4037199311412598135007	-7.2988294129356008355103	1.0271669776103895532771	-7.3398920073134092945111	-17.3652852178658676507439	6.7073531513844217855080	53656.387881	53666.590889	0.279857	1.000000
-7.4827182839329644536974	-7.2149114760711201554955	1.0255647293730127955769	-7.4519594227035419464755	-17.2171719782965553235954	6.8173977720640888122716	53656.330481	53666.533489	0.279857	1.000000
-7.3608642365391787620865	-6.8760628442416509287227	1.0286005079822295726899	-7.3531959798349086909752	-17.2098117370676355619707	6.7371909401713674370171	53656.464729	53666.667737	0.279857	1.000000
-7.6312105852114386905782	-7.7436574941203772937115	1.0217257301548210435271	-7.5539863675161837974770	-17.2844673666692720814808	6.8929935825132302440466	53656.146710	53666.349718	0.279857	1.000000
-7.6312105852114386905782	-7.7436574941203772937115	1.0217257301548210435271	-7.5539863675161837974770	-17.2844673666692720814808	6.8929935825132302440466	53656.146710	53666.349718	0.279857	1.000000
-7.1159525183775169665523	-6.5730400682838574510924	1.0203072721352255403104	-6.9335749372463908457576	-17.2225858632682893301080	6.5216020001654984028505	53656.998662	53667.201671	0.279857	1.000000
-7.3621943312351652011216	-7.2577830306278192651348	1.0141725918012003404556	-7.1331554168134188032013	-17.2374593876365231892578	6.6836834091236019261828	53655.949215	53666.152223	0.279857	1.000000
-7.3621943312351652011216	-7.2577830306278192651348	1.0141725918012003404556	-7.1331554168134188032013	-17.2374593876365231892578	6.6836834091236019261828	53655.949215	53666.152223	0.279857	1.000000
-7.3621943312351652011216	-7.2577830306278192651348	1.0141725918012003404556	-7.1331554168134188032013	-17.2374593876365231892578	6.6836834091236019261828	53655.949215	53666.152223	0.279857	1.000000
-7.2153913727090062124603	-7.4137280721351999090984	1.0171500561815074448191	-6.9249000855025233391871	-17.5126988198180981726182	6.4791870454049860228452	53656.617980	53666.820988	0.279857	1.000000
-7.2153913727090062124603	-7.4137280721351999090984	1.0171500561815074448191	-6.9249000855025233391871	-17.5126988198180981726182	6.4791870454049860228452	53656.617980	53666.820988	0.279857	1.000000
-7.2153913727090062124603	-7.4137280721351999090984	1.0171500561815074448191	-6.9249000855025233391871	-17.5126988198180981726182	6.4791870454049860228452	53656.617980	53666.820988	0.279857	1.000000
-7.4590043140874318083888	-8.0911607356171835192526	1.0110808695423878500463	-7.1223498488258130123540	-17.5274135548095237879807	6.6395380772659695622906	53655.542140	53665.745149	0.279857	1.000000
-7.3773468030761293334763	-8.3810081717734767892125	1.0131143476378603462962	-6.9815705383314323739796	-17.7900574615573781045441	6.4861577722908272392033	53656.080426	53666.283435	0.279857	1.000000
-7.3774274555346401882616	-8.3825543348663700271572	1.0126579005004481270902	-6.9761864783780689336368	-17.7854391914093774573757	6.4865394246970238256722	53656.042857	53666.245865	0.279857	1.000000
-7.0839629984979746168960	-7.5664958461721045779313	1.0199690497014124446196	-6.7383317599143364162728	-17.7677133198269245895062	6.2933751033186524637131	53656.787744	53666.990752	0.279857	1.000000
-7.2339360571789539378074	-7.9835371085037980520838	1.0162327355350784241494	-6.8598858316064061924067	-17.7767720085889315839722	6.3920904448549888954290	53656.631513	53666.834522	0.279857	1.000000
-7.2339360571789539378074	-7.9835371085037980520838	1.0162327355350784241494	-6.8598858316064061924067	-17.7767720085889315839722	6.3920904448549888954290	53656.631513	53666.834522	0.259000	1.000000
-7.2460675923887905014453	-7.9771112692024397361479	1.0222614747167917403914	-6.8582130466677897473460	-17.7671151369440245559872	6.4260023857927492940689	53656.832663	53667.035671	0.259000	1.000000
-7.2292063660230612143209	-7.9883788830461233132496	1.0125275276657108580736	-6.8596540133022516627648	-17.7858774815181703843336	6.3581980205751458257168	53656.346213	53666.549222	0.259000	1.000000
-7.2398738005390699257191	-8.0258648227329594249113	1.0114373460026282458557	-6.8683299188676469881898	-17.7869722807154566623922	6.3624184793130371673442	53656.213674	53666.416683	0.259000	1.000000
-7.2588836406255063948834	-8.0346816567276757581340	1.0175716584984766388544	-6.9303368303293098051654	-17.8288057593754345475645	6.3711693675610883147442	53656.598866	53666.801875	0.259000	1.000000
-7.1510497310197909115459	-7.6557474879161109271308	1.0285919793389024512464	-6.8426346920989251643164	-17.8177387612608200129216	6.3285060106542871949387	53656.753212	53666.956220	0.259000	1.000000
-7.0946100785062897742250	-7.6649922724533929851987	1.0125180072968222866336	-6.8582295646737350125477	-17.8154660150145751629225	6.3534279155166206720651	53656.460697	53666.663705	0.259000	1.000000
-7.1009287100759346245127	-7.6551391568510558371941	1.0163377006523821588502	-6.8891017465001160857696	-17.8381637061831028745473	6.3566077405048542203758	53656.702104	53666.905112	0.259000	1.000000
-7.1009287100759346245127	-7.6551391568510558371941	1.0163377006523821588502	-6.8891017465001160857696	-17.8381637061831028745473	6.3566077405048542203758	53656.702104	53666.905112	0.259000	1.000000
-7.0477849467664093197072	-7.5120989176150239075014	1.0156802279160819235670	-6.8107923822440064043349	-17.8026455204676530286179	6.3346548917870446615552	53656.786553	53666.989562	0.259000	1.000000
-7.1861447782477094747833	-7.6244933855043397485929	1.0408737656462612175545	-6.8125749391272369948069	-17.8105071079485135498999	6.3043035334670189939743	53655.402194	53665.605202	0.259000	1.000000
-7.1861447782477094747833	-7.6244933855043397485929	1.0408737656462612175545	-6.8125749391272369948069	-17.8105071079485135498999	6.3043035334670189939743	53655.402194	53665.605202	0.259000	1.000000
-7.1651704451987754396214	-7.6279289699067103214247	1.0349002908281943469149	-6.8183703690541221931198	-17.8096625007515960703586	6.3135651130394903063348	53656.209585	53666.412594	0.259000	1.000000
-7.1668692778434968104762	-7.6261674797448364415686	1.0323783543251812133690	-6.8267054172240708709296	-17.7979895974246531409335	6.3101590741557522790117	53656.467350	53666.670359	0.259000	1.000000
-7.1662645762102235025282	-7.6262665295451101954427	1.0322061357392373626141	-6.8268725026772356656579	-17.7979652469315894336432	6.3104260906220730475980	53656.482312	53666.685320	0.259000	1.000000
-7.1662645762102235025282	-7.6262665295451101954427	1.0322061357392373626141	-6.8268725026772356656579	-17.7979652469315894336432	6.3104260906220730475980	53656.482312	53666.685320	0.259000	1.000000
-7.1452209004971285466468	-7.7576896834992430385114	1.0127468126502305878489	-6.8706019284077841646763	-17.7992878032541312904868	6.3488501085212210028885	53656.416189	53666.619197	0.259000	1.000000
-7.1452209004971285466468	-7.7576896834992430385114	1.0127468126502305878489	-6.8706019284077841646763	-17.7992878032541312904868	6.3488501085212210028885	53656.416189	53666.619197	0.259000	1.000000
-6.9678977969274207282524	-7.1345667427845658181695	1.0308687327484948870193	-6.7263837006019455699857	-17.7810891266035362434650	6.2786940798371304595094	53656.302341	53666.505350	0.259000	1.000000
-6.9488192977532010630171	-7.0675238686720609493364	1.0328185014513311390516	-6.7108670122251288248094	-17.7791310995305806841316	6.2711458714628633970278	53655.985784	53666.188793	0.259000	1.000000
-6.9488192977532010630171	-7.0675238686720609493364	1.0328185014513311390516	-6.7108670122251288248094	-17.7791310995305806841316	6.2711458714628633970278	53655.985784	53666.188793	0.259000	1.000000
-6.8897154547928289858305	-7.1033974131485315695045	1.0099853399967833045281	-6.6303129560293800892623	-17.7100881841332551402957	6.2795118029670344839133	53655.962510	53666.165518	0.259000	1.000000
-6.9223977799279561295975	-7.2182448647079828774054	1.0066452987229657090040	-6.6568937394505844906689	-17.7134423723656411198135	6.2924422225992477919476	53655.889139	53666.092147	0.259000	1.000000
-6.9843479601073283902224	-7.0746505840860018921035	1.0548601142797389140782	-7.1333937287203594834750	-18.0555761897181561437264	6.3554313996893609939320	53653.110096	53663.313105	0.259000	1.000000
-6.9065284149307775152238	-7.1228562733645262028404	1.0245738594225768380852	-7.0237343249630859176591	-17.9621951465247278179049	6.3657880805363147302955	53656.845592	53667.048600	0.259000	1.000000
-6.7990031686309615466257	-7.1029113159408012734275	1.0025548324459627735905	-7.1923693009615448090699	-18.0534539290375377618147	6.4386943937591709641310	53654.277513	53664.480522	0.259000	1.000000
-6.8606733867218929745491	-7.0068852919890876052023	1.0398156294152278711351	-7.4935704640590632408248	-18.2748877793810500236305	6.4697266839544971261944	53655.603724	53665.806733	0.259000	1.000000
-6.8606733867218929745491	-7.0068852919890876052023	1.0398156294152278711351	-7.4935704640590632408248	-18.2748877793810500236305	6.4697266839544971261944	53655.603724	53665.806733	0.259000	1.000000
-6.8505656097558498274225	-7.0226471058931467794650	1.0337053493504502199585	-7.4441849088297820102866	-18.2385787783818855700702	6.4646399873465609786649	53656.166007	53666.369016	0.259000	1.000000
-6.8870052974708304560636	-7.1954307079804111779708	1.0233534587720438668867	-7.4843438866365596950914	-18.2522595593894614296460	6.4525108559700203869625	53656.431730	53666.634739	0.259000	1.000000
-6.9320663206524475441483	-7.2169868987852510144876	1.0295575682893121083339	-7.3648550316894487721697	-18.1804253677405291966807	6.4130227459497968212077	53656.467661	53666.670669	0.259000	1.000000
-6.7985386508545513351010	-7.4680636559279198749550	1.0256092450246998559749	-6.6769235459567610746490	-18.5132219627635912218011	6.6011982533536883721581	53656.216073	53666.419082	0.259000	1.000000
-6.8044072344481296710228	-7.4093649351278356718353	1.0337311038990897316125	-6.7242113533394736180071	-18.4702544309325489280127	6.6924180801166741616726	53655.848743	53666.051751	0.259000	1.000000
-6.9590908946907070742327	-7.9547025435105807034120	1.0176761922897143985978	-6.8485952036631356776297	-18.4849115840272055777405	6.7535794899535153135162	53656.915475	53667.118483	0.259000	1.000000
-6.9590908946907070742327	-7.9547025435105807034120	1.0176761922897143985978	-6.8485952036631356776297	-18.4849115840272055777405	6.7535794899535153135162	53656.915475	53667.118483	0.259000	1.000000
-6.9590908946907070742327	-7.9547025435105807034120	1.0176761922897143985978	-6.8485952036631356776297	-18.4849115840272055777405	6.7535794899535153135162	53656.915475	53667.118483	0.259000	1.000000
-6.9579910816192684919201	-7.9564175644315522362149	1.0170113412638188687964	-6.8432216304863722200480	-18.4809608524228252690591	6.7530260136116204705559	53656.891173	53667.094181	0.259000	1.000000
-6.9453676571758613533802	-7.9584852745237437687820	1.0134161991510977074427	-6.8467096160937535032076	-18.4804525246915076763798	6.7586001050350255070498	53656.666404	53666.869412	0.259000	1.000000
-6.9453676571758613533802	-7.9584852745237437687820	1.0134161991510977074427	-6.8467096160937535032076	-18.4804525246915076763798	6.7586001050350255070498	53656.666404	53666.869412	0.259000	1.000000
-6.9340202870771143750517	-7.9702511661518533614412	1.0302614999252190930434	-6.7910355762351697350709	-18.5584218023535889585673	6.7813507767416156823970	53656.646170	53666.849178	0.259000	1.000000
-6.9340202870771143750517	-7.9702511661518533614412	1.0302614999252190930434	-6.7910355762351697350709	-18.5584218023535889585673	6.7813507767416156823970	53656.646170	53666.849178	0.259000	1.000000
-6.9092517074526291764869	-8.0088746680376363684672	1.0152885777069320383248	-6.6700188520726486629542	-18.4694484914708283440632	6.7688860923325187002320	53656.487092	53666.690100	0.259000	1.000000
-6.9883291011376185153381	-8.1228858907792798049741	1.0300337175536760092598	-6.8658771261714326428205	-18.5902763040903558078298	6.8036479025911793527825	53656.772883	53666.975891	0.259000	1.000000
-6.9334260125431974586263	-7.9299534790937089567819	1.0356446580607312490940	-6.8212240269488511046347	-18.5846415980856995986414	6.7819260706316955022999	53656.210340	53666.413348	0.259000	1.000000
-6.9334260125431974586263	-7.9299534790937089567819	1.0356446580607312490940	-6.8212240269488511046347	-18.5846415980856995986414	6.7819260706316955022999	53656.210340	53666.413348	0.259000	1.000000
-6.8671461048654238723543	-7.9525569800198034897676	1.0140770847230855533638	-6.7960863486115954401612	-18.5520752833568387529795	6.8032403953723505907192	53656.767119	53666.970127	0.259000	1.000000
-6.8822171576906443490884	-7.9368532182268074492981	1.0201446660209796402086	-6.7831660297714577723127	-18.5611333148711743490367	6.7781277932039198930170	53656.976158	53667.179166	0.259000	1.000000
-6.9728391830210680879532	-8.2553038982602480189144	1.0108833511154731166215	-6.8568696117087757357922	-18.5704338566686608658074	6.8139814483707006331770	53656.400477	53666.603485	0.259000	1.000000
-7.0202933777180467345147	-8.1813050171715993030830	1.0395700169195509765530	-7.0887259101749862111319	-18.7408980851983990589815	6.8378625739642311387456	53655.861471	53666.064479	0.259000	1.000000
-7.0202933777180467345147	-8.1813050171715993030830	1.0395700169195509765530	-7.0887259101749862111319	-18.7408980851983990589815	6.8378625739642311387456	53655.861471	53666.064479	0.259000	1.000000
-6.9711606345090562086853	-8.2073296799067723128474	1.0151536105072007654115	-7.0955006927075610079214	-18.7800084357455183692309	6.7005191415796412357508	53656.316877	53666.519885	0.259000	1.000000
-6.7417492159884675473336	-7.4011655937594804655077	1.0385988092002478300202	-6.9089186424759816418373	-18.7564639334129772407778	6.6097549166468123615914	53655.619076	53665.822084	0.259000	1.000000
-6.7433256009758375526530	-7.4009073827516687060779	1.0390477624996763417187	-6.9084830706410738088152	-18.7565274122421890012902	6.6090588365872786624777	53655.564899	53665.767907	0.259000	1.000000
-6.7589168278912090670474	-7.3926490117428658166432	1.0467957877058737814480	-6.9063332380677451283191	-18.7441165776277607335487	6.6526418421307651485108	53654.329293	53664.532301	0.259000	1.000000
-6.8935818074096069096868	-7.8658690059767195634777	1.0330334073406584050048	-7.0158572893768189615571	-18.7579372494357663470055	6.7059206308257826023578	53656.515025	53666.718033	0.259000	1.000000
-6.8935818074096069096868	-7.8658690059767195634777	1.0330334073406584050048	-7.0158572893768189615571	-18.7579372494357663470055	6.7059206308257826023578	53656.515025	53666.718033	0.259000	1.000000
-6.8902006997973623825260	-7.8664228295737919083308	1.0320704703484882003295	-7.0167915251494799022680	-18.7578010969385111650354	6.7074136173784815184717	53656.579701	53666.782709	0.259000	1.000000
-6.6179413747631992137599	-7.3030261213179539225848	1.0185063003644574397555	-6.9118928891027611172149	-18.7365285114527715393251	6.6892342460932834313780	53655.798760	53666.001769	0.259000	1.000000
-6.6179413747631992137599	-7.3030261213179539225848	1.0185063003644574397555	-6.9118928891027611172149	-18.7365285114527715393251	6.6892342460932834313780	53655.798760	53666.001769	0.259000	1.000000
-6.6127527325026207449810	-7.3111171599311655100450	1.0153696999552290769486	-6.8865417184362875957504	-18.7178899505054339158505	6.6866230835126936327129	53655.649483	53665.852491	0.259000	1.000000
-6.6127527325026207449810	-7.3111171599311655100450	1.0153696999552290769486	-6.8865417184362875957504	-18.7178899505054339158505	6.6866230835126936327129	53655.649483	53665.852491	0.259000	1.000000
-6.7291787460832530598509	-6.8786473108345420612864	1.0182531971266335357740	-7.0151405558036987741843	-18.1419742064042566198623	6.7376951973128900164056	53656.357171	53666.560179	0.259000	1.000000
-6.7097636201277666145870	-6.8971288851942000874828	1.0092183765461624211923	-6.9639056167938546693108	-18.1022484209868821380951	6.7359091492258871269883	53655.614275	53665.817283	0.259000	1.000000
-6.7097636201277666145870	-6.8971288851942000874828	1.0092183765461624211923	-6.9639056167938546693108	-18.1022484209868821380951	6.7359091492258871269883	53655.614275	53665.817283	0.259000	1.000000
-6.7387844486122707721165	-6.8518745330798740411637	1.0267618374226659128112	-7.1056983900946359966611	-18.2064965948415711238795	6.7505137601415761139378	53656.369164	53666.572173	0.259000	1.000000
-6.6864071883271671836724	-6.8796177536876488289863	1.0007330755347580986125	-7.1129205504078569788362	-18.2481896263447112005451	6.6041007525092068064509	53653.662549	53663.865557	0.259000	1.000000
-6.8193089410720997278759	-6.8578485185127844303565	1.0385833981860976837908	-7.0761983913100419130160	-18.2535413949368034991494	6.5454156846457172136411	53655.827095	53666.030103	0.259000	1.000000
-6.7880048766250800085231	-6.8958306204650012816160	1.0221413571701687406090	-6.9633198091722272593529	-18.1686619335648948947437	6.5369958293519365710722	53656.761401	53666.964409	0.259000	1.000000
-6.7880048766250800085231	-6.8958306204650012816160	1.0221413571701687406090	-6.9633198091722272593529	-18.1686619335648948947437	6.5369958293519365710722	53656.761401	53666.964409	0.259000	1.000000
-6.9148829229102952709241	-7.3550749384060400970498	1.0077660449100476203199	-7.0704770884019572108059	-18.1819104385895258246819	6.5902413781142712423389	53655.507468	53665.710476	0.259000	1.000000
-6.8757988790436517234639	-7.2177315022777035480317	1.0117603237479992905890	-7.0386897384827333823409	-18.1778992417279319226964	6.5747781855161298025791	53656.108570	53666.311578	0.259000	1.000000
-6.9235777558822695354479	-7.1115396072974847996306	1.0355156580839408597683	-6.9898161322383955962323	-18.1739680923418127633795	6.5298106758696476958903	53656.340568	53666.543576	0.259000	1.000000
-6.9077980454868033177718	-7.1141243153204811733303	1.0310216080245755421174	-6.9941762330172911887871	-18.1733326653685587359632	6.5367784799527237638017	53656.679226	53666.882235	0.259000	1.000000
-6.8877602886149160710261	-7.1174064890519144199743	1.0253148694214688774196	-6.9997128770465462110906	-18.1725257727906353011349	6.5456264981132941116471	53656.862403	53667.065411	0.259000	1.000000
-6.8568690389327286993648	-7.1655775290729026849590	1.0066407150803851067167	-6.8487814187836288937206	-18.0615587006694262584006	6.5300806055296742869132	53655.938906	53666.141915	0.259000	1.000000
-6.8701616200641257847792	-7.1585367062278786320917	1.0132464334257420546237	-6.8469485403286487468222	-18.0509776202377132392485	6.5672380813512702957269	53656.665099	53666.868107	0.259000	1.000000
-6.8625447661479990202338	-7.1359684939922471968998	1.0248862763417065924187	-6.8580633698329744873945	-17.9962357969702004822921	6.7812983590377191589482	53656.969376	53667.172384	0.259000	1.000000
-6.8625447661479990202338	-7.1359684939922471968998	1.0248862763417065924187	-6.8580633698329744873945	-17.9962357969702004822921	6.7812983590377191589482	53656.969376	53667.172384	0.259000	1.000000
-6.8484369343725344236873	-7.1579678930472203646218	1.0163579121381378644884	-6.7891339595726130085040	-17.9455578605899006561231	6.7741986515274845714885	53656.875111	53667.078119	0.259000	1.000000
-6.8484369343725344236873	-7.1579678930472203646218	1.0163579121381378644884	-6.7891339595726130085040	-17.9455578605899006561231	6.7741986515274845714885	53656.875111	53667.078119	0.259000	1.000000
-6.8484369343725344236873	-7.1579678930472203646218	1.0163579121381378644884	-6.7891339595726130085040	-17.9455578605899006561231	6.7741986515274845714885	53656.875111	53667.078119	0.259000	1.000000
-6.8132506847634921598456	-7.1711401615212588822601	1.0046396106205945919498	-6.7714513550500470273619	-17.9252846778130070504176	6.7847199594115830123542	53655.785533	53665.988541	0.259000	1.000000
-6.8132506847634921598456	-7.1711401615212588822601	1.0046396106205945919498	-6.7714513550500470273619	-17.9252846778130070504176	6.7847199594115830123542	53655.785533	53665.988541	0.259000	1.000000
-6.6625599641987598431569	-6.7501804773598674813684	1.0049155918465955128482	-6.5617366250880753142383	-17.8351398914135685913607	6.7227978890549211499206	53654.068571	53664.271579	0.259000	1.000000
-6.6625599641987598431569	-6.7501804773598674813684	1.0049155918465955128482	-6.5617366250880753142383	-17.8351398914135685913607	6.7227978890549211499206	53654.068571	53664.271579	0.259000	1.000000
-6.6625599641987598431569	-6.7501804773598674813684	1.0049155918465955128482	-6.5617366250880753142383	-17.8351398914135685913607	6.7227978890549211499206	53654.068571	53664.271579	0.259000	1.000000
-6.6808141721166647286623	-6.8143267475820703538147	1.0030500633808403510017	-6.5765829111214388902340	-17.8370133214445267810788	6.7300199752270728481562	53654.301311	53664.504319	0.259000	1.000000
-6.7705656188291518660094	-7.1316513538666672644695	0.9935912861914169003086	-6.6500331822013416527284	-17.8466541300860335184097	6.7643819643995559687255	53653.769047	53663.972055	0.259000	1.000000
-6.8672847312246698692206	-6.9808299956525488028092	1.0520592229433580744313	-7.1225927848699308597702	-18.1940870384698492046027	6.8130554543862951177857	53653.631586	53663.834594	0.259000	1.000000
-6.7751861671165540812467	-6.9959156906108743712025	1.0258296187792383946658	-7.1480405916445297620498	-18.1903783574886688256811	6.8537231684922765850843	53656.486769	53666.689777	0.259000	1.000000
-6.8182627813203025013422	-6.9555490969413540369715	1.0457289741933946114472	-7.2593536005310790315548	-18.2768928537772232800762	6.8572534701452134697774	53654.730820	53664.933828	0.259000	1.000000
-7.0069638297444960528537	-7.6273600768187019838251	1.0255282555798928001423	-7.4154046788341618778873	-18.2964068562688737529243	6.9338926977212222979574	53656.488129	53666.691138	0.259000	1.000000
-6.9699625805673610656754	-7.6334208614093066458395	1.0149903266893305353591	-7.4256285150969416619660	-18.2949168674679398804983	6.9502312393442320370696	53655.954770	53666.157778	0.259000	1.000000
-6.9781722288101413198547	-7.6206189418324088435952	1.0199531637370040648705	-7.4657400092532615332175	-18.3244074396532319326525	6.9543627105875325256079	53656.310611	53666.513619	0.259000	1.000000
-7.0071313130063668239700	-7.6158754595133588694011	1.0282006898822622087408	-7.4577383081829848876509	-18.3255735816645746183440	6.9415753260254815515395	53656.456800	53666.659808	0.259000	1.000000
-7.0071313130063668239700	-7.6158754595133588694011	1.0282006898822622087408	-7.4577383081829848876509	-18.3255735816645746183440	6.9415753260254815515395	53656.456800	53666.659808	0.259000	1.000000
-7.0071313130063668239700	-7.6158754595133588694011	1.0282006898822622087408	-7.4577383081829848876509	-18.3255735816645746183440	6.9415753260254815515395	53656.456800	53666.659808	0.259000	1.000000
-7.0071313130063668239700	-7.6158754595133588694011	1.0282006898822622087408	-7.4577383081829848876509	-18.3255735816645746183440	6.9415753260254815515395	53656.456800	53666.659808	0.259000	1.000000
-7.0071313130063668239700	-7.6158754595133588694011	1.0282006898822622087408	-7.4577383081829848876509	-18.3255735816645746183440	6.9415753260254815515395	53656.456800	53666.659808	0.259000	1.000000
-7.0961141912393044250962	-7.9285660883234232443328	1.0191068911781526740157	-7.5301087593282423071628	-18.3347058977350734210177	6.9767804698112083627848	53656.179555	53666.382564	0.259000	1.000000
-7.0997408985231285072359	-7.9179000402534951419398	1.0222134080206539685776	-7.5662323452902979781243	-18.3591947594819160372026	6.9813731821502384988776	53656.326702	53666.529710	0.239333	1.000000
-7.0997408985231285072359	-7.9179000402534951419398	1.0222134080206539685776	-7.5662323452902979781243	-18.3591947594819160372026	6.9813731821502384988776	53656.326702	53666.529710	0.239333	1.000000
-7.0997408985231285072359	-7.9179000402534951419398	1.0222134080206539685776	-7.5662323452902979781243	-18.3591947594819160372026	6.9813731821502384988776	53656.326702	53666.529710	0.239333	1.000000
-7.1246441846333947722769	-7.9979145703913960829823	1.0183526693800744045149	-7.5906658702185270115592	-18.3534051055687825737550	6.9888351869173135355595	53656.094988	53666.297996	0.239333	1.000000
-7.1246441846333947722769	-7.9979145703913960829823	1.0183526693800744045149	-7.5906658702185270115592	-18.3534051055687825737550	6.9888351869173135355595	53656.094988	53666.297996	0.239333	1.000000
-7.1246441846333947722769	-7.9979145703913960829823	1.0183526693800744045149	-7.5906658702185270115592	-18.3534051055687825737550	6.9888351869173135355595	53656.094988	53666.297996	0.239333	1.000000
-7.1246441846333947722769	-7.9979145703913960829823	1.0183526693800744045149	-7.5906658702185270115592	-18.3534051055687825737550	6.9888351869173135355595	53656.094988	53666.297996	0.239333	1.000000
-7.1296777178253520901308	-7.9797754015439439356783	1.0233221562567957896306	-7.6531071495866953569021	-18.3952872418176198721085	6.9971511777498998085889	53656.331246	53666.534254	0.239333	1.000000
-7.0664297724746596429668	-7.7765590626633942505919	1.0331274400041490224567	-7.5910522768866490750383	-18.4099914745311643571313	6.9781996037437687974148	53656.228373	53666.431381	0.239333	1.000000
-7.0552195097423435754536	-7.8095281422780411517692	1.0235251017779205540137	-7.4793931718703001720883	-18.3342956566133707951849	6.9640033899483739787684	53656.414409	53666.617417	0.239333	1.000000
-7.0552195097423435754536	-7.8095281422780411517692	1.0235251017779205540137	-7.4793931718703001720883	-18.3342956566133707951849	6.9640033899483739787684	53656.414409	53666.617417	0.239333	1.000000
-7.0552195097423435754536	-7.8095281422780411517692	1.0235251017779205540137	-7.4793931718703001720883	-18.3342956566133707951849	6.9640033899483739787684	53656.414409	53666.617417	0.239333	1.000000
-7.0552195097423435754536	-7.8095281422780411517692	1.0235251017779205540137	-7.4793931718703001720883	-18.3342956566133707951849	6.9640033899483739787684	53656.414409	53666.617417	0.239333	1.000000
-7.0667305865270835241176	-7.7756743766680358476151	1.0333851073169992851319	-7.5940485160178869961101	-18.4120226816743972619861	6.9785805422376157025610	53656.213027	53666.416035	0.239333	1.000000
-7.0619466024432604456251	-7.7897439445185829853813	1.0292873056562636957523	-7.5463979485006493774790	-18.3797194612434608984586	6.9725223023489153462151	53656.393294	53666.596302	0.239333	1.000000
-7.0619466024432604456251	-7.7897439445185829853813	1.0292873056562636957523	-7.5463979485006493774790	-18.3797194612434608984586	6.9725223023489153462151	53656.393294	53666.596302	0.239333	1.000000
-7.0619466024432604456251	-7.7897439445185829853813	1.0292873056562636957523	-7.5463979485006493774790	-18.3797194612434608984586	6.9725223023489153462151	53656.393294	53666.596302	0.239333	1.000000
-7.0619466024432604456251	-7.7897439445185829853813	1.0292873056562636957523	-7.5463979485006493774790	-18.3797194612434608984586	6.9725223023489153462151	53656.393294	53666.596302	0.239333	1.000000
-7.1110351641563500635357	-7.7390766107785369243288	1.0157345547005387498274	-7.6209849824475170976257	-18.2385666668471166929066	6.9912415070179934062367	53655.877272	53666.080280	0.239333	1.000000
-6.8867495356512558046802	-7.0184444378975303635571	1.0505053953302552205429	-7.4009301482839422448023	-18.2907098322504495513385	6.9240367043393016288633	53653.953896	53664.156904	0.239333	1.000000
-6.8735860027760793400375	-7.0571580321936444590847	1.0392299508613980218996	-7.2698156209269297889364	-18.2018248157733708580963	6.9073669498954544110347	53655.757170	53665.960178	0.239333	1.000000
-6.7995883419149638626777	-7.0696879348326957526183	1.0162989638722701446483	-7.2893479263079976604445	-18.1875215403286674131778	6.9330471820770673829770	53656.084118	53666.287127	0.239333	1.000000
-6.7995883419149638626777	-7.0696879348326957526183	1.0162989638722701446483	-7.2893479263079976604445	-18.1875215403286674131778	6.9330471820770673829770	53656.084118	53666.287127	0.239333	1.000000
-6.7995883419149638626777	-7.0696879348326957526183	1.0162989638722701446483	-7.2893479263079976604445	-18.1875215403286674131778	6.9330471820770673829770	53656.084118	53666.287127	0.239333	1.000000
-6.8634559728919075638487	-7.7020628444120973199460	1.0185790345452552241312	-7.2978445765392754296386	-18.4386219158482624891349	6.9439638352393640019500	53656.315764	53666.518773	0.239333	1.000000
-6.8739469166449458370494	-7.6712092624679710795021	1.0275652280569036456370	-7.4023389508650678791923	-18.5094606274001840517940	6.9572491331837440498020	53656.460763	53666.663771	0.239333	1.000000
-6.8855564072300614597566	-7.6692434464539553928830	1.0311628698534103243389	-7.3992745281145611002671	-18.5117046678155041661284	6.9532201623991731764818	53656.360846	53666.563855	0.239333	1.000000
-6.8855564072300614597566	-7.6692434464539553928830	1.0311628698534103243389	-7.3992745281145611002671	-18.5117046678155041661284	6.9532201623991731764818	53656.360846	53666.563855	0.239333	1.000000
-6.8596575687593626113880	-7.5860301957136826445094	1.0351779482646379371147	-7.3738642303496755303627	-18.5177257732565117009926	6.9454598509577687437400	53656.090129	53666.293137	0.239333	1.000000
-6.8524835674160611276307	-7.5884529703753322849025	1.0269129366523119806232	-7.3827325037880706659621	-18.5148575692072725473736	6.9078829375748282970449	53656.456620	53666.659628	0.239333	1.000000
-6.8524835674160611276307	-7.5884529703753322849025	1.0269129366523119806232	-7.3827325037880706659621	-18.5148575692072725473736	6.9078829375748282970449	53656.456620	53666.659628	0.239333	1.000000
-6.8524835674160611276307	-7.5884529703753322849025	1.0269129366523119806232	-7.3827325037880706659621	-18.5148575692072725473736	6.9078829375748282970449	53656.456620	53666.659628	0.239333	1.000000
-6.8570465202607779886534	-7.5750334494231887916271	1.0308214103046731136004	-7.4281815037837768400664	-18.5456683054004116684155	6.9136612726298292130878	53656.336947	53666.539955	0.239333	1.000000
-6.8570465202607779886534	-7.5750334494231887916271	1.0308214103046731136004	-7.4281815037837768400664	-18.5456683054004116684155	6.9136612726298292130878	53656.336947	53666.539955	0.239333	1.000000
-6.8568119803813027957062	-7.5751126572808331616216	1.0305512019879117247001	-7.4284714345607394392346	-18.5455745351040555135569	6.9124327692724767402410	53656.347993	53666.551001	0.239333	1.000000
-6.8543717282978935401161	-7.5822893726833910932328	1.0284609632110266463911	-7.4041654597451538322161	-18.5290970553348444127550	6.9093425348044767986266	53656.422356	53666.625364	0.239333	1.000000
-6.8543717282978935401161	-7.5822893726833910932328	1.0284609632110266463911	-7.4041654597451538322161	-18.5290970553348444127550	6.9093425348044767986266	53656.422356	53666.625364	0.239333	1.000000
-6.8543717282978935401161	-7.5822893726833910932328	1.0284609632110266463911	-7.4041654597451538322161	-18.5290970553348444127550	6.9093425348044767986266	53656.422356	53666.625364	0.239333	1.000000
-6.8591886427565720296684	-7.5814737324525314221546	1.0299536671896969419748	-7.4028939946325200693877	-18.5300281341486083874770	6.9076708673455557985221	53656.383587	53666.586595	0.239333	1.000000
-6.9208624579795179343478	-7.7169028496098226455047	1.0296368435202054580913	-7.5658459119731134023823	-18.5919006423691435259116	6.9295434206229469253913	53656.391507	53666.594515	0.239333	1.000000
-6.9319862601573687399537	-7.6841880481483064713188	1.0391651225109794776102	-7.6766438321661176757971	-18.6670126468167154598632	6.9436301443425643142859	53655.716079	53665.919087	0.239333	1.000000
-6.9319862601573687399537	-7.6841880481483064713188	1.0391651225109794776102	-7.6766438321661176757971	-18.6670126468167154598632	6.9436301443425643142859	53655.716079	53665.919087	0.239333	1.000000
-6.9025686976141580331046	-7.7707043042535373089663	1.0139670168040681996757	-7.3836320817930882753899	-18.4683744426079030631627	6.9063769579387379593527	53655.886486	53666.089494	0.239333	1.000000
-6.9097095352576269888800	-7.7497032938040568694760	1.0200836208398960103239	-7.4547579384635378474400	-18.5165920052955605967782	6.9154198198488927573635	53656.326218	53666.529226	0.239333	1.000000
-6.9267907778682538122439	-7.6994678210953360064650	1.0347148451731744689397	-7.6248945630915754279044	-18.6319308391247062672846	6.9370508001195378966486	53656.122271	53666.325279	0.239333	1.000000
-6.9267907778682538122439	-7.6994678210953360064650	1.0347148451731744689397	-7.6248945630915754279044	-18.6319308391247062672846	6.9370508001195378966486	53656.122271	53666.325279	0.239333	1.000000
-7.0183570188236652498404	-7.8403046658925568124232	1.0457298830319834426206	-7.9385111306512943230018	-18.7847160112045692414995	6.9885797427590707897593	53654.851151	53665.054160	0.239333	1.000000
-7.0183570188236652498404	-7.8403046658925568124232	1.0457298830319834426206	-7.9385111306512943230018	-18.7847160112045692414995	6.9885797427590707897593	53654.851151	53665.054160	0.239333	1.000000
-7.0091138601077487280122	-7.8674885457776744246416	1.0378125006843699207337	-7.8464452393882675451664	-18.7223028032492919692231	6.9768745882583056427961	53655.859051	53666.062059	0.239333	1.000000
-7.0091138601077487280122	-7.8674885457776744246416	1.0378125006843699207337	-7.8464452393882675451664	-18.7223028032492919692231	6.9768745882583056427961	53655.859051	53666.062059	0.239333	1.000000
-7.0440718187025144203517	-7.8435994747363508849958	1.0209258120277278081289	-7.8456418883249705586991	-18.5602809909579882230446	6.9845519000735771797395	53656.259931	53666.462939	0.239333	1.000000
-7.0440718187025144203517	-7.8435994747363508849958	1.0209258120277278081289	-7.8456418883249705586991	-18.5602809909579882230446	6.9845519000735771797395	53656.259931	53666.462939	0.239333	1.000000
-7.0440718187025144203517	-7.8435994747363508849958	1.0209258120277278081289	-7.8456418883249705586991	-18.5602809909579882230446	6.9845519000735771797395	53656.259931	53666.462939	0.239333	1.000000
-6.9821886930502259360765	-7.6257532697467027560378	1.0336452149733936778375	-7.8126710114979749377540	-18.5962502532979669922497	6.9689963226046076627540	53656.189190	53666.392198	0.239333	1.000000
-6.9821886930502259360765	-7.6257532697467027560378	1.0336452149733936778375	-7.8126710114979749377540	-18.5962502532979669922497	6.9689963226046076627540	53656.189190	53666.392198	0.239333	1.000000
-6.8759765261077703257797	-7.4956783163318636553640	1.0210827886112003870522	-7.7862033893502795578456	-18.5943583230315887533379	6.9775482985250372180985	53656.286825	53666.489834	0.239333	1.000000
-6.8759765261077703257797	-7.4956783163318636553640	1.0210827886112003870522	-7.7862033893502795578456	-18.5943583230315887533379	6.9775482985250372180985	53656.286825	53666.489834	0.239333	1.000000
-6.8584281605898009814837	-7.5137910672714411930428	1.0259276775068073561670	-7.7595397331150275377354	-18.6448181601811704410920	6.9708564861297466208612	53656.377876	53666.580885	0.239333	1.000000
-6.8350346293248946949461	-7.4227768996236243026488	1.0321598752228982043277	-7.7597149986591293924221	-18.6682473416860936765715	6.9663367920887377948702	53656.179100	53666.382109	0.239333	1.000000
-6.8350346293248946949461	-7.4227768996236243026488	1.0321598752228982043277	-7.7597149986591293924221	-18.6682473416860936765715	6.9663367920887377948702	53656.179100	53666.382109	0.239333	1.000000
-6.8298113842751124735742	-7.4059945562572551125413	1.0329696311685039322725	-7.7545902818821943469629	-18.6694616706307883191585	6.9647717022733415248581	53656.124313	53666.327322	0.239333	1.000000
-6.7665115185874658010334	-7.4167130187721701517489	1.0133537625098809620283	-7.7712988141898877714198	-18.6572262106985853336028	6.9867393594804338974313	53655.529417	53665.732426	0.239333	1.000000
-6.7217835541945696320454	-7.5359638775316204473143	1.0283683641701721889206	-7.9000504406904301646364	-18.5969986150110457856499	6.7386750964929849061491	53655.966079	53666.169087	0.239333	1.000000
-6.7217835541945696320454	-7.5359638775316204473143	1.0283683641701721889206	-7.9000504406904301646364	-18.5969986150110457856499	6.7386750964929849061491	53655.966079	53666.169087	0.239333	1.000000
-6.7217835541945696320454	-7.5359638775316204473143	1.0283683641701721889206	-7.9000504406904301646364	-18.5969986150110457856499	6.7386750964929849061491	53655.966079	53666.169087	0.239333	1.000000
-6.7217835541945696320454	-7.5359638775316204473143	1.0283683641701721889206	-7.9000504406904301646364	-18.5969986150110457856499	6.7386750964929849061491	53655.966079	53666.169087	0.239333	1.000000
-6.7329698086433911186077	-7.5719054351944237168937	1.0266341671408043545455	-7.9110256841068444799703	-18.5943979726076236147492	6.7420269386415760948239	53656.047673	53666.250681	0.239333	1.000000
-6.6931018087563529661566	-7.4438091163241164593956	1.0328148746588798889690	-7.8719097311050845178215	-18.6036667060804994378032	6.7300809165827368829582	53655.610486	53665.813495	0.239333	1.000000
-6.6931018087563529661566	-7.4438091163241164593956	1.0328148746588798889690	-7.8719097311050845178215	-18.6036667060804994378032	6.7300809165827368829582	53655.610486	53665.813495	0.239333	1.000000
-6.8019381180635667405454	-7.7935013662786216670497	1.0159420594416459504572	-7.9786930152379351710579	-18.5783638379657674022383	6.7626925588891104723643	53655.849089	53666.052097	0.239333	1.000000
-6.7327256138929705286955	-7.5944523342353003059202	1.0228367768410004945423	-7.8767430230257975409813	-18.5679731827147378453446	6.7382886608918042270489	53656.022643	53666.225652	0.239333	1.000000
-6.7458388140198479732135	-7.5558867671911356111991	1.0340691079516284300865	-8.0073562142623035953193	-18.6565183339592586264644	6.7548946760217010165661	53655.796934	53665.999942	0.239333	1.000000
-6.7458388140198479732135	-7.5558867671911356111991	1.0340691079516284300865	-8.0073562142623035953193	-18.6565183339592586264644	6.7548946760217010165661	53655.796934	53665.999942	0.239333	1.000000
-6.8006117168495689995211	-7.2899671644841212980737	1.0313769081382617720521	-7.7765483279414313599887	-18.7678171803502600312186	6.6807898266155500976993	53656.146566	53666.349574	0.239333	1.000000
-6.8849656748993783850210	-7.2029002389998506572510	1.0080878129665469256082	-7.9047189508532875734659	-18.5252597192717551877195	6.7129569741194909937576	53654.967057	53665.170066	0.239333	1.000000
-6.6996826409895726683885	-6.6729727030246852592654	1.0260634418535867773414	-7.6275218524679546661105	-18.4941181044692584123368	6.6471670517822820656306	53655.813432	53666.016440	0.239333	1.000000
-6.6996826409895726683885	-6.6729727030246852592654	1.0260634418535867773414	-7.6275218524679546661105	-18.4941181044692584123368	6.6471670517822820656306	53655.813432	53666.016440	0.239333	1.000000
-6.7343430063685110198435	-6.6993969619278006533136	1.0304347591860274491182	-7.4992455475392656438771	-18.4243960396199639717452	6.6163402859267170796898	53655.936952	53666.139961	0.239333	1.000000
-6.7343430063685110198435	-6.6993969619278006533136	1.0304347591860274491182	-7.4992455475392656438771	-18.4243960396199639717452	6.6163402859267170796898	53655.936952	53666.139961	0.239333	1.000000
-6.7135974206597008873132	-6.7029097779559903003133	1.0240059511610897224898	-7.5047215194910563695885	-18.4203860503419001304337	6.6235398575286588140898	53655.940212	53666.143220	0.239333	1.000000
-6.7135974206597008873132	-6.7029097779559903003133	1.0240059511610897224898	-7.5047215194910563695885	-18.4203860503419001304337	6.6235398575286588140898	53655.940212	53666.143220	0.239333	1.000000
-6.7082366489269968923281	-6.7186756626878434417449	1.0194140923830932177196	-7.4513258954843877290841	-18.3841881475213106966748	6.6167511975799140344634	53655.801535	53666.004543	0.239333	1.000000
-6.6938159321401569101795	-6.7610866008788867986823	1.0070617859868555843406	-7.3076892681758174319384	-18.2868141627890885558827	6.5984893973458591531767	53654.548470	53664.751478	0.239333	1.000000
-6.5742660612632466410332	-6.3769715606425254605938	1.0255955169943677951494	-7.1903945169006693305391	-18.3146077790480994451627	6.5626675502837175102400	53654.129995	53664.333004	0.239333	1.000000
-6.5742660612632466410332	-6.3769715606425254605938	1.0255955169943677951494	-7.1903945169006693305391	-18.3146077790480994451627	6.5626675502837175102400	53654.129995	53664.333004	0.239333	1.000000
-6.6523377699243919636274	-6.6301548260723643934966	1.0131077916298494301373	-7.2635821227484660411733	-18.2938035596913550762110	6.5856936325731227910296	53655.012836	53665.215844	0.239333	1.000000
-6.5583429551717991046189	-6.7070445454683049746336	1.0253889988720557013835	-7.1623657922307231160630	-18.4924950348686962797728	6.5668416126859670001181	53654.606997	53664.810005	0.239333	1.000000
-6.5645487176905605863908	-6.6891057378452511983369	1.0306430758661107027763	-7.2230263126092300041137	-18.5336598734526276643919	6.5745186157808284121984	53654.452548	53664.655556	0.239333	1.000000
-6.5645487176905605863908	-6.6891057378452511983369	1.0306430758661107027763	-7.2230263126092300041137	-18.5336598734526276643919	6.5745186157808284121984	53654.452548	53664.655556	0.239333	1.000000
-6.5421621440777188993820	-6.6547115417111566415542	1.0351840007068102700316	-7.1963025802389255503044	-18.5622326533202404164058	6.5670883939237691961921	53653.740432	53663.943440	0.239333	1.000000
-6.5950255352178928092144	-6.6001479735792427661067	1.0205890655570435399113	-7.2766252340694475009286	-18.4102254418579249772847	6.5872470745556892524064	53654.857602	53665.060610	0.239333	1.000000
-6.6081759578974095248327	-6.5865746108349831899886	1.0169583948403155826412	-7.2966064881250378704181	-18.3724117670642748123555	6.5922617958070786059466	53654.807640	53665.010648	0.239333	1.000000
-6.6761589398785003979242	-6.5750631639132457451069	1.0380255050320339460512	-7.2786618078565288314508	-18.3855524434790709165100	6.5686689046081321308179	53654.935900	53665.138908	0.239333	1.000000
-6.6790007497194094909787	-6.5667054780024107785152	1.0404597048290087357714	-7.3069674730349092328652	-18.4047413889490449889763	6.5722676552378667125254	53654.639344	53664.842352	0.239333	1.000000
-6.6858735289061579365466	-6.5889406873713012302574	1.0211588928215966642910	-7.1877136669559247295069	-18.2370464147790762865498	6.5612900386726993318121	53655.833036	53666.036044	0.239333	1.000000
-6.6858735289061579365466	-6.5889406873713012302574	1.0211588928215966642910	-7.1877136669559247295069	-18.2370464147790762865498	6.5612900386726993318121	53655.833036	53666.036044	0.239333	1.000000
-6.6879026086488062574631	-6.5829732187064502468843	1.0228969350461318832402	-7.2079241859670268866012	-18.2507475076444052319857	6.5638595814677582751528	53655.854459	53666.057467	0.239333	1.000000
-6.6879026086488062574631	-6.5829732187064502468843	1.0228969350461318832402	-7.2079241859670268866012	-18.2507475076444052319857	6.5638595814677582751528	53655.854459	53666.057467	0.239333	1.000000
-6.6879026086488062574631	-6.5829732187064502468843	1.0228969350461318832402	-7.2079241859670268866012	-18.2507475076444052319857	6.5638595814677582751528	53655.854459	53666.057467	0.239333	1.000000
-6.6879026086488062574631	-6.5829732187064502468843	1.0228969350461318832402	-7.2079241859670268866012	-18.2507475076444052319857	6.5638595814677582751528	53655.854459	53666.057467	0.239333	1.000000
-6.6879026086488062574631	-6.5829732187064502468843	1.0228969350461318832402	-7.2079241859670268866012	-18.2507475076444052319857	6.5638595814677582751528	53655.854459	53666.057467	0.224500	1.000000
-6.6706025406523048459917	-6.5998855890258596446074	1.0234392293092564596435	-7.1947984285866146692001	-18.2901025854597776287847	6.5462919172326223815617	53655.759135	53665.962143	0.224500	1.000000
-6.6706025406523048459917	-6.5998855890258596446074	1.0234392293092564596435	-7.1947984285866146692001	-18.2901025854597776287847	6.5462919172326223815617	53655.759135	53665.962143	0.224500	1.000000
-6.6706025406523048459917	-6.5998855890258596446074	1.0234392293092564596435	-7.1947984285866146692001	-18.2901025854597776287847	6.5462919172326223815617	53655.759135	53665.962143	0.224500	1.000000
-6.6482603990653421632828	-6.5785917071319373050642	1.0182262290399348714232	-7.2773564067897682505759	-18.3207418172337028750007	6.5545876661368502880123	53655.306735	53665.509743	0.224500	1.000000
-6.6482603990653421632828	-6.5785917071319373050642	1.0182262290399348714232	-7.2773564067897682505759	-18.3207418172337028750007	6.5545876661368502880123	53655.306735	53665.509743	0.224500	1.000000
-6.6799341951114330484529	-6.5410082612526387890739	1.0313515092830194408435	-7.3716750978150464845839	-18.3797312609557863538612	6.5492974738072966545133	53655.445777	53665.648785	0.224500	1.000000
-6.6483243837789700592111	-6.5108815347442279275469	1.0239761216395408816027	-7.4884786774913134621556	-18.4230798509723534550631	6.5610343548356189202764	53655.263772	53665.466780	0.224500	1.000000
-6.6483243837789700592111	-6.5108815347442279275469	1.0239761216395408816027	-7.4884786774913134621556	-18.4230798509723534550631	6.5610343548356189202764	53655.263772	53665.466780	0.224500	1.000000
-6.6483243837789700592111	-6.5108815347442279275469	1.0239761216395408816027	-7.4884786774913134621556	-18.4230798509723534550631	6.5610343548356189202764	53655.263772	53665.466780	0.224500	1.000000
-6.6521696853702154683674	-6.6036971973101055155553	1.0100792758137189242262	-7.5196982611938523177741	-18.4007260658471345493581	6.5727693846589110293621	53654.461375	53664.664383	0.224500	1.000000
-6.6545323833333531737821	-6.6075394233854085612734	1.0248816262573245960965	-7.5076364071132664079755	-18.4234314353952477461007	6.6344751462017370613466	53655.449952	53665.652960	0.224500	1.000000
-6.6535358693442692157305	-6.6059188895325844370632	1.0186384459953878867111	-7.5127237295358213486907	-18.4138550025481251282145	6.6084495366892719303564	53655.270959	53665.473967	0.224500	1.000000
-6.6535358693442692157305	-6.6059188895325844370632	1.0186384459953878867111	-7.5127237295358213486907	-18.4138550025481251282145	6.6084495366892719303564	53655.270959	53665.473967	0.224500	1.000000
-6.6862863921448063564412	-6.5354593450090003869946	1.0328469164351070652685	-7.6500378704937403995245	-18.3147828388121247655818	6.7694449897377371172524	53655.328172	53665.531180	0.224500	1.000000
-6.8094821559013416489847	-6.4150244207731956791463	1.0289851769355899957503	-7.7435078907092576017135	-18.0345308264996297964444	6.8945463369291797306460	53655.983231	53666.186239	0.224500	1.000000
-6.8094821559013416489847	-6.4150244207731956791463	1.0289851769355899957503	-7.7435078907092576017135	-18.0345308264996297964444	6.8945463369291797306460	53655.983231	53666.186239	0.224500	1.000000
-6.8842142999963646943229	-6.3419670376488035401508	1.0266425957953351222329	-7.8002080142063219270199	-17.8645263301725698568134	6.9704344325886085087518	53656.100356	53666.303364	0.224500	1.000000
-6.8842142999963646943229	-6.3419670376488035401508	1.0266425957953351222329	-7.8002080142063219270199	-17.8645263301725698568134	6.9704344325886085087518	53656.100356	53666.303364	0.224500	1.000000
-6.9253617074538738052070	-6.3811838706113412911236	1.0362433516281173151441	-7.6481614095972290101599	-17.8080982143144908036447	6.9551561944215647415035	53655.815450	53666.018458	0.224500	1.000000
-6.9253617074538738052070	-6.3811838706113412911236	1.0362433516281173151441	-7.6481614095972290101599	-17.8080982143144908036447	6.9551561944215647415035	53655.815450	53666.018458	0.224500	1.000000
-6.9253617074538738052070	-6.3811838706113412911236	1.0362433516281173151441	-7.6481614095972290101599	-17.8080982143144908036447	6.9551561944215647415035	53655.815450	53666.018458	0.224500	1.000000
-6.9253617074538738052070	-6.3811838706113412911236	1.0362433516281173151441	-7.6481614095972290101599	-17.8080982143144908036447	6.9551561944215647415035	53655.815450	53666.018458	0.224500	1.000000
-6.9253617074538738052070	-6.3811838706113412911236	1.0362433516281173151441	-7.6481614095972290101599	-17.8080982143144908036447	6.9551561944215647415035	53655.815450	53666.018458	0.224500	1.000000
-6.9253617074538738052070	-6.3811838706113412911236	1.0362433516281173151441	-7.6481614095972290101599	-17.8080982143144908036447	6.9551561944215647415035	53655.815450	53666.018458	0.224500	1.000000
-6.9253617074538738052070	-6.3811838706113412911236	1.0362433516281173151441	-7.6481614095972290101599	-17.8080982143144908036447	6.9551561944215647415035	53655.815450	53666.018458	0.224500	1.000000
-6.9249639832541447503900	-6.3805370903987119746148	1.0337516014864824853703	-7.6501918389353384952756	-17.8042761113313900978028	6.9447689697270948983032	53656.016250	53666.219258	0.224500	1.000000
-6.8536645750098301732578	-6.5903489976839617625615	1.0269369241247490176505	-7.6518407294845180999232	-18.0311553667585329208123	6.8529088080447673192452	53656.364902	53666.567910	0.224500	1.000000
-6.8360263975702730832040	-6.6014480538245132734687	1.0204596944106048006518	-7.6299745273671408796190	-18.0131625203674765600681	6.8567932769894781586117	53656.232877	53666.435885	0.224500	1.000000
-6.6885275882774593014801	-6.7649331218708832480502	1.0349215626950876156798	-7.4999011609864476568532	-18.4219491632145668802423	6.6729482263638217887092	53655.402300	53665.605309	0.224500	1.000000
-6.6457525419535095068113	-6.7241650164104500575490	1.0249410365606943518202	-7.6579621654924894258443	-18.4806093661032910802078	6.6888308149817925496450	53655.424122	53665.627130	0.224500	1.000000
-6.6906890739288638059179	-6.7398431010269348462316	1.0410167683611046829384	-7.4296492414106030111043	-18.4065706958916770474843	6.6648918734001894037533	53654.764432	53664.967440	0.224500	1.000000
-6.6442643810060442177701	-6.7518063348351535779557	1.0254280766328738305759	-7.4258942913315637568417	-18.3852834195271199746458	6.6767629718961076790151	53655.485014	53665.688022	0.224500	1.000000
-6.7719682218129868545020	-6.8735185034273547088901	1.0552246900832360498868	-6.9540070792323147585989	-18.2101548374404593744202	6.6293458971579353189441	53652.501052	53662.704060	0.224500	1.000000
-6.7101539134380550066794	-6.8146044294668559615502	1.0408018110162409186614	-7.1824213654634307957281	-18.2949248185934507660022	6.6522978589907326707475	53655.039381	53665.242389	0.224500	1.000000
-6.7101539134380550066794	-6.8146044294668559615502	1.0408018110162409186614	-7.1824213654634307957281	-18.2949248185934507660022	6.6522978589907326707475	53655.039381	53665.242389	0.224500	1.000000
-6.7865049054576331855060	-6.7533223718681876235337	1.0378384701064680140092	-7.2417379539942023924937	-18.1274136750674976781283	6.7271336593130603986879	53655.708090	53665.911098	0.224500	1.000000
-6.6979811201679968490907	-6.6689519894935465060826	1.0171835783289704391308	-7.5688482584364171756874	-18.2488120989579343245168	6.7600029834983077492438	53655.544504	53665.747512	0.224500	1.000000
-6.6979811201679968490907	-6.6689519894935465060826	1.0171835783289704391308	-7.5688482584364171756874	-18.2488120989579343245168	6.7600029834983077492438	53655.544504	53665.747512	0.224500	1.000000
-6.7006322681123453577356	-6.6771148405383726753826	1.0166415493879008558054	-7.5719773908661149874888	-18.2477534895219477562023	6.7605244125799286436518	53655.525423	53665.728432	0.224500	1.000000
-6.7835967936919292498033	-6.5960095650990080429210	1.0140409130046357244481	-7.6349235153645160778524	-18.0590215515457437334135	6.8447722276234408411710	53655.626258	53665.829266	0.224500	1.000000
-6.7997307998288780694907	-6.6113865879246302981187	1.0178053944895364413270	-7.5753056438279298134830	-18.0368959396589971788671	6.8387815904586712889568	53656.009429	53666.212437	0.224500	1.000000
-6.7997307998288780694907	-6.6113865879246302981187	1.0178053944895364413270	-7.5753056438279298134830	-18.0368959396589971788671	6.8387815904586712889568	53656.009429	53666.212437	0.224500	1.000000
-6.8167665889910971088739	-6.6276230834717591022809	1.0217802853094288817459	-7.5123555320468513585297	-18.0135336540624599876992	6.8324561167468047528928	53656.273100	53666.476108	0.224500	1.000000
-6.8561730127281679258999	-6.5890997648732625435741	1.0205450371284858768206	-7.5422536317136898986746	-17.9238899097192856402216	6.8724720762829365483526	53656.294661	53666.497669	0.224500	1.000000
-6.7472746009125028621156	-6.4872724519858220304513	1.0127150267752382806208	-7.9405424459231017664251	-18.1052333516872856478130	6.9901032784107997031242	53655.206315	53665.409324	0.224500	1.000000
-6.6938350012264313804167	-6.5395144605024686512706	1.0143901640255248430833	-7.8999972168449525966594	-18.2268004810472916688013	6.9358370787441385729721	53655.133982	53665.336990	0.224500	1.000000
-6.8025667655778025988411	-6.7284795812142101922859	1.0194487662646571912717	-7.9768591162856106180357	-18.2265598912539132925303	6.9528675362565373063717	53656.095984	53666.298993	0.224500	1.000000
-6.7522757028872293361133	-6.5736340342109560452855	1.0297308071117354799640	-7.9175009067505559556821	-18.2466412275759815031506	6.9429762653116666726305	53655.924695	53666.127703	0.224500	1.000000
-6.7933258654666621723095	-6.5335038132571598978870	1.0284440336914426605830	-7.9486461296799140185954	-18.1532582222043323838534	6.9846613889273099218258	53656.101953	53666.304961	0.224500	1.000000
-6.8036332520133351309255	-6.5433275927236689284427	1.0308490139228436710539	-7.9105585994161078389197	-18.1391230326945134265770	6.9808342047553182396769	53656.061728	53666.264736	0.224500	1.000000
-6.8043563898575216697395	-6.5430666538914250551784	1.0281144228193745959743	-7.9102728646003601653547	-18.1396686084228200286361	6.9812221493285280260466	53656.159538	53666.362546	0.224500	1.000000
-6.8043563898575216697395	-6.5430666538914250551784	1.0281144228193745959743	-7.9102728646003601653547	-18.1396686084228200286361	6.9812221493285280260466	53656.159538	53666.362546	0.224500	1.000000
-6.8043563898575216697395	-6.5430666538914250551784	1.0281144228193745959743	-7.9102728646003601653547	-18.1396686084228200286361	6.9812221493285280260466	53656.159538	53666.362546	0.224500	1.000000
-6.8140638741198822359024	-6.5523186775868813569446	1.0303794303110309638072	-7.8744020743710532173054	-18.1263561039299752053466	6.9776177118748119454494	53656.126184	53666.329192	0.224500	1.000000
-6.8140638741198822359024	-6.5523186775868813569446	1.0303794303110309638072	-7.8744020743710532173054	-18.1263561039299752053466	6.9776177118748119454494	53656.126184	53666.329192	0.224500	1.000000
-6.8115078902116747983086	-6.5529773320911717249260	1.0295211705639260024725	-7.8741953397353690036198	-18.1251840997138593536420	6.9782712937257196372798	53656.151686	53666.354694	0.224500	1.000000
-6.8115078902116747983086	-6.5529773320911717249260	1.0295211705639260024725	-7.8741953397353690036198	-18.1251840997138593536420	6.9782712937257196372798	53656.151686	53666.354694	0.224500	1.000000
-6.5620502812116932034314	-7.0302156516104643557696	1.0273822316755480965611	-7.7091822526434237161652	-18.8005615733985180781929	6.6778510145396410280227	53654.494715	53664.697723	0.224500	1.000000
-6.6061389015954912196094	-7.0188544030867525691519	1.0421865064831083991237	-7.7127482550910890779505	-18.8207776822740733280170	6.6665772651150545513588	53653.860044	53664.063052	0.224500	1.000000
-6.6061389015954912196094	-7.0188544030867525691519	1.0421865064831083991237	-7.7127482550910890779505	-18.8207776822740733280170	6.6665772651150545513588	53653.860044	53664.063052	0.224500	1.000000
-6.6061389015954912196094	-7.0188544030867525691519	1.0421865064831083991237	-7.7127482550910890779505	-18.8207776822740733280170	6.6665772651150545513588	53653.860044	53664.063052	0.224500	1.000000
-6.7995904702833742661028	-6.8297381193136690313850	1.0361225028090705890804	-7.8595221496197531507732	-18.3807041784730031963591	6.8630211291019618258247	53655.802973	53666.005981	0.224500	1.000000
-6.7619166088563291694413	-6.8394463410451393770018	1.0234722045513169330633	-7.8564749895840719773332	-18.3634294513950919736089	6.8726545825846923065683	53656.133347	53666.336355	0.224500	1.000000
-6.7619166088563291694413	-6.8394463410451393770018	1.0234722045513169330633	-7.8564749895840719773332	-18.3634294513950919736089	6.8726545825846923065683	53656.133347	53666.336355	0.224500	1.000000
-6.8303253010036497627766	-7.0500758403759364867369	1.0094860024445597712628	-7.9372173176490719015419	-18.3361137042052710910411	6.8861092378019943538447	53655.151464	53665.354472	0.224500	1.000000
-6.7441146340729680730419	-7.1546690444022704724603	1.0225483133410311342715	-7.8526809296760822221017	-18.6093624230781955475322	6.7626943021699732483398	53656.060998	53666.264006	0.224500	1.000000
-6.9001189567370317945461	-7.0021608070440857218841	1.0176581447462911267365	-7.9710431748417125419337	-18.2544758261457431558483	6.9211116887574855027765	53656.104151	53666.307159	0.224500	1.000000
-6.8633238066609942862328	-7.1015489536655262980958	1.0161053521702763102752	-7.9497169862991077238235	-18.3675002794815647177984	6.8709470655460629373579	53655.952105	53666.155114	0.224500	1.000000
-6.8310268875394584142668	-7.1331220929427745502949	1.0171177432175109167645	-7.9252129482450497377499	-18.4409709597980722151078	6.8381505799443171866869	53656.000285	53666.203293	0.224500	1.000000
-6.8310268875394584142668	-7.1331220929427745502949	1.0171177432175109167645	-7.9252129482450497377499	-18.4409709597980722151078	6.8381505799443171866869	53656.000285	53666.203293	0.224500	1.000000
-6.9006242068039389536693	-7.0650844622885458079509	1.0149361201757050032768	-7.9780172220304113039901	-18.2826474251189736719425	6.9088244256627948658434	53655.864354	53666.067363	0.224500	1.000000
-6.9006242068039389536693	-7.0650844622885458079509	1.0149361201757050032768	-7.9780172220304113039901	-18.2826474251189736719425	6.9088244256627948658434	53655.864354	53666.067363	0.224500	1.000000
-6.9424890451827110382510	-7.0542962627693555077713	1.0289936834820223587883	-7.9814033591975581671818	-18.3018438554757238989623	6.8981193118834465138889	53656.392084	53666.595093	0.224500	1.000000
-6.9424890451827110382510	-7.0542962627693555077713	1.0289936834820223587883	-7.9814033591975581671818	-18.3018438554757238989623	6.8981193118834465138889	53656.392084	53666.595093	0.224500	1.000000
-6.9345399154543088116043	-7.0467200942567167487596	1.0271389456426016639767	-8.0107767331105765862276	-18.3127450140419938406922	6.9010708635051782877667	53656.419173	53666.622182	0.224500	1.000000
-6.9345399154543088116043	-7.0467200942567167487596	1.0271389456426016639767	-8.0107767331105765862276	-18.3127450140419938406922	6.9010708635051782877667	53656.419173	53666.622182	0.224500	1.000000
-7.1349224583753443340584	-7.5340962656008771958227	1.0128582703505129014587	-7.9500697635914301386606	-18.1734730660687624492766	6.9058567559605457120142	53655.510953	53665.713961	0.224500	1.000000
-7.1606771650139489082676	-7.5274595049077710484653	1.0215063013241949541055	-7.9521528713437863444824	-18.1852824615302566257924	6.8992711085390618919178	53656.226047	53666.429055	0.224500	1.000000
-7.1606771650139489082676	-7.5274595049077710484653	1.0215063013241949541055	-7.9521528713437863444824	-18.1852824615302566257924	6.8992711085390618919178	53656.226047	53666.429055	0.224500	1.000000
-7.1606771650139489082676	-7.5274595049077710484653	1.0215063013241949541055	-7.9521528713437863444824	-18.1852824615302566257924	6.8992711085390618919178	53656.226047	53666.429055	0.224500	1.000000
-6.8633099556598562429599	-7.8181626608989844839925	1.0308276827029676514513	-7.7265370041887395657909	-18.8617485694228186332566	6.5973042440430145205710	53656.284056	53666.487064	0.224500	1.000000
-6.8633099556598562429599	-7.8181626608989844839925	1.0308276827029676514513	-7.7265370041887395657909	-18.8617485694228186332566	6.5973042440430145205710	53656.284056	53666.487064	0.224500	1.000000
-6.8633099556598562429599	-7.8181626608989844839925	1.0308276827029676514513	-7.7265370041887395657909	-18.8617485694228186332566	6.5973042440430145205710	53656.284056	53666.487064	0.224500	1.000000
-7.0539602010681701216299	-7.6317849222401772379953	1.0248514903337162529340	-7.8711855030415502909591	-18.4280476588205566201850	6.7909034540783022038113	53656.379677	53666.582685	0.224500	1.000000
-7.0539602010681701216299	-7.6317849222401772379953	1.0248514903337162529340	-7.8711855030415502909591	-18.4280476588205566201850	6.7909034540783022038113	53656.379677	53666.582685	0.224500	1.000000
-7.0610550960830700262250	-7.6248490251157514663305	1.0246290911578963545026	-7.8765684801849866758516	-18.4119078294592064537483	6.7981080924317760505460	53656.373036	53666.576044	0.224500	1.000000
-6.9487949720144390752807	-7.7345933793423009561252	1.0281480380933871732196	-7.7913954535634868392435	-18.6672828903651861764956	6.6841115366360890348574	53656.403085	53666.606093	0.224500	1.000000
-6.9892375843693628212350	-7.6990833896397710134352	1.0366165060129044483972	-7.8130123639232955667921	-18.5936596495103003690019	6.7639941733927866351905	53655.969380	53666.172388	0.224500	1.000000
-6.9039626483495313280514	-7.7824472988002977302813	1.0392895653674238953812	-7.7483133048760821637302	-18.7876474270982214420656	6.6774002106423502311827	53655.678458	53665.881467	0.224500	1.000000
-6.8577798710979775975716	-7.7384313480240418670064	1.0285139273511090252100	-7.9189664494215294965329	-18.8509808730289165623617	6.6945481067957928189571	53656.337959	53666.540967	0.224500	1.000000
-6.8577798710979775975716	-7.7384313480240418670064	1.0285139273511090252100	-7.9189664494215294965329	-18.8509808730289165623617	6.6945481067957928189571	53656.337959	53666.540967	0.224500	1.000000
-6.8577798710979775975716	-7.7384313480240418670064	1.0285139273511090252100	-7.9189664494215294965329	-18.8509808730289165623617	6.6945481067957928189571	53656.337959	53666.540967	0.224500	1.000000
-6.9939226083713856851887	-7.9891065790934039370086	1.0279620215353537648895	-8.0241331714931618535047	-18.8399405714165375513858	6.6984786021616518070232	53656.391937	53666.594946	0.224500	1.000000
-6.9939226083713856851887	-7.9891065790934039370086	1.0279620215353537648895	-8.0241331714931618535047	-18.8399405714165375513858	6.6984786021616518070232	53656.391937	53666.594946	0.224500	1.000000
-7.0011540209234199849675	-7.9959987046405407440375	1.0296492973694362227377	-7.9974118834946450462553	-18.8300236650907848456882	6.6957935425168075838087	53656.357078	53666.560086	0.224500	1.000000
-6.9643691627953856482236	-8.0054778380646300917078	1.0172975126289758307507	-7.9944366283612415813309	-18.8131565757962100349232	6.7051996720247020178363	53656.050813	53666.253821	0.224500	1.000000
-6.5980558135780347228661	-8.3145478372853567350376	1.0220580943575343635388	-7.8296279027851598542043	-19.6235186073394238803758	6.3684407620203629107891	53654.976280	53665.179289	0.224500	1.000000
-6.8977691047445270910998	-8.0360498565604370213578	1.0200571476346660393375	-8.0433723715950318222667	-18.9967655825157173410389	6.6471886802501130020460	53656.231970	53666.434978	0.224500	1.000000
-6.8977691047445270910998	-8.0360498565604370213578	1.0200571476346660393375	-8.0433723715950318222667	-18.9967655825157173410389	6.6471886802501130020460	53656.231970	53666.434978	0.224500	1.000000
-6.8815818674133311105834	-8.0008234876938892909948	1.0214897840728933697818	-8.0318373090259971291971	-19.0065056502051135112197	6.6397665879730318749807	53656.291355	53666.494363	0.232909	1.000000
-6.8986004168157473159795	-8.0092858965525071113234	1.0277399830135662828212	-7.9693029869152924860032	-18.9904799424019152809251	6.6398497003958087958608	53656.383663	53666.586671	0.232909	1.000000
-6.8986004168157473159795	-8.0092858965525071113234	1.0277399830135662828212	-7.9693029869152924860032	-18.9904799424019152809251	6.6398497003958087958608	53656.383663	53666.586671	0.232909	1.000000
-6.8082416360313580128150	-7.9523140944731025570036	1.0310956094496521728843	-7.3523050041405992871546	-19.4605048328857463957320	6.8565363871174591636759	53656.272634	53666.475643	0.232909	1.000000
-6.8082416360313580128150	-7.9523140944731025570036	1.0310956094496521728843	-7.3523050041405992871546	-19.4605048328857463957320	6.8565363871174591636759	53656.272634	53666.475643	0.232909	1.000000
-6.8082416360313580128150	-7.9523140944731025570036	1.0310956094496521728843	-7.3523050041405992871546	-19.4605048328857463957320	6.8565363871174591636759	53656.272634	53666.475643	0.232909	1.000000
-6.8082416360313580128150	-7.9523140944731025570036	1.0310956094496521728843	-7.3523050041405992871546	-19.4605048328857463957320	6.8565363871174591636759	53656.272634	53666.475643	0.232909	1.000000
-6.8082416360313580128150	-7.9523140944731025570036	1.0310956094496521728843	-7.3523050041405992871546	-19.4605048328857463957320	6.8565363871174591636759	53656.272634	53666.475643	0.232909	1.000000
-6.8082416360313580128150	-7.9523140944731025570036	1.0310956094496521728843	-7.3523050041405992871546	-19.4605048328857463957320	6.8565363871174591636759	53656.272634	53666.475643	0.232909	1.000000
-6.8082416360313580128150	-7.9523140944731025570036	1.0310956094496521728843	-7.3523050041405992871546	-19.4605048328857463957320	6.8565363871174591636759	53656.272634	53666.475643	0.232909	1.000000
-6.8798762649559748183492	-8.1082040595416735584422	1.0247556530051689094307	-7.4033520055435211304484	-19.4174013606653268482205	6.8893819440976074020000	53656.474318	53666.677327	0.232909	1.000000
-6.8798762649559748183492	-8.1082040595416735584422	1.0247556530051689094307	-7.4033520055435211304484	-19.4174013606653268482205	6.8893819440976074020000	53656.474318	53666.677327	0.232909	1.000000
-6.7713867742396391946613	-8.2903609272665654827961	1.0263079912915173963484	-7.3245211455886778395552	-19.7059363577053119342963	6.7629099730454562688919	53656.328937	53666.531945	0.232909	1.000000
-6.7713867742396391946613	-8.2903609272665654827961	1.0263079912915173963484	-7.3245211455886778395552	-19.7059363577053119342963	6.7629099730454562688919	53656.328937	53666.531945	0.232909	1.000000
-6.7184875997428026295211	-8.3540774516850984099392	1.0226636514411391321033	-7.3368488136590954695748	-19.8268097078574534464224	6.7146328685929903556939	53656.093129	53666.296137	0.232909	1.000000
-6.7184875997428026295211	-8.3540774516850984099392	1.0226636514411391321033	-7.3368488136590954695748	-19.8268097078574534464224	6.7146328685929903556939	53656.093129	53666.296137	0.232909	1.000000
-6.8631442038257581828020	-8.1111949962372396072396	1.0205938105431091589281	-7.4419594969401412498655	-19.4420858737303028362930	6.8832667678147831935576	53656.332780	53666.535789	0.232909	1.000000
-6.8707014759559408290102	-8.0890085081308438219594	1.0225351345292728044711	-7.5378962096467176934311	-19.4816117569967772737982	6.8752296894290916284831	53656.376621	53666.579629	0.232909	1.000000
-6.8707014759559408290102	-8.0890085081308438219594	1.0225351345292728044711	-7.5378962096467176934311	-19.4816117569967772737982	6.8752296894290916284831	53656.376621	53666.579629	0.232909	1.000000
-6.8707014759559408290102	-8.0890085081308438219594	1.0225351345292728044711	-7.5378962096467176934311	-19.4816117569967772737982	6.8752296894290916284831	53656.376621	53666.579629	0.232909	1.000000
-6.8903880541605166953900	-8.1318500783979370538646	1.0207927921701147599975	-7.5519249105741037553230	-19.4697660911575773923232	6.8842562822358051022320	53656.320120	53666.523128	0.232909	1.000000
-6.7392116395575198950496	-8.3856794767676294810599	1.0229559227630560247491	-7.4420767889785821580517	-19.8718297938441601502291	6.7080218930318800119039	53656.135733	53666.338741	0.232909	1.000000
-6.7392116395575198950496	-8.3856794767676294810599	1.0229559227630560247491	-7.4420767889785821580517	-19.8718297938441601502291	6.7080218930318800119039	53656.135733	53666.338741	0.232909	1.000000
-6.7446440083252170438755	-8.3840371210106887644997	1.0248113518092980545049	-7.4428263975880737390867	-19.8745231627562866094650	6.7066966812347290627372	53656.180152	53666.383160	0.232909	1.000000
-6.7935489139341687092610	-8.4904630792589532717329	1.0204830684617485214716	-7.4776761458551721517551	-19.8450964557012952127479	6.7291203175109490786099	53656.210461	53666.413469	0.232909	1.000000
-6.7935489139341687092610	-8.4904630792589532717329	1.0204830684617485214716	-7.4776761458551721517551	-19.8450964557012952127479	6.7291203175109490786099	53656.210461	53666.413469	0.232909	1.000000
-6.7935489139341687092610	-8.4904630792589532717329	1.0204830684617485214716	-7.4776761458551721517551	-19.8450964557012952127479	6.7291203175109490786099	53656.210461	53666.413469	0.232909	1.000000
-6.7906433578326970135208	-8.4890183025561380958379	1.0194159796495312342302	-7.4883525541003059800005	-19.8478325051721959937368	6.7291061278287740421433	53656.147610	53666.350618	0.232909	1.000000
-6.7906433578326970135208	-8.4890183025561380958379	1.0194159796495312342302	-7.4883525541003059800005	-19.8478325051721959937368	6.7291061278287740421433	53656.147610	53666.350618	0.232909	1.000000
-6.7836855048551205626950	-8.4911218545023210424461	1.0170395204903437402777	-7.4873924450358071425171	-19.8443828010548344309427	6.7308034774092293517356	53655.979302	53666.182310	0.232909	1.000000
-6.7840370334773441030052	-8.4914008628458006455730	1.0150343129926244767347	-7.4881849596840881488902	-19.8409865414028203645103	6.7226369168112540819493	53655.812143	53666.015151	0.232909	1.000000
-6.7840370334773441030052	-8.4914008628458006455730	1.0150343129926244767347	-7.4881849596840881488902	-19.8409865414028203645103	6.7226369168112540819493	53655.812143	53666.015151	0.232909	1.000000
-6.7840370334773441030052	-8.4914008628458006455730	1.0150343129926244767347	-7.4881849596840881488902	-19.8409865414028203645103	6.7226369168112540819493	53655.812143	53666.015151	0.232909	1.000000
-6.7840370334773441030052	-8.4914008628458006455730	1.0150343129926244767347	-7.4881849596840881488902	-19.8409865414028203645103	6.7226369168112540819493	53655.812143	53666.015151	0.232909	1.000000
-6.7840370334773441030052	-8.4914008628458006455730	1.0150343129926244767347	-7.4881849596840881488902	-19.8409865414028203645103	6.7226369168112540819493	53655.812143	53666.015151	0.232909	1.000000
-6.7840370334773441030052	-8.4914008628458006455730	1.0150343129926244767347	-7.4881849596840881488902	-19.8409865414028203645103	6.7226369168112540819493	53655.812143	53666.015151	0.232909	1.000000
-6.7840370334773441030052	-8.4914008628458006455730	1.0150343129926244767347	-7.4881849596840881488902	-19.8409865414028203645103	6.7226369168112540819493	53655.812143	53666.015151	0.232909	1.000000
-6.7840370334773441030052	-8.4914008628458006455730	1.0150343129926244767347	-7.4881849596840881488902	-19.8409865414028203645103	6.7226369168112540819493	53655.812143	53666.015151	0.232909	1.000000
-6.7840370334773441030052	-8.4914008628458006455730	1.0150343129926244767347	-7.4881849596840881488902	-19.8409865414028203645103	6.7226369168112540819493	53655.812143	53666.015151	0.232909	1.000000
-6.7840370334773441030052	-8.4914008628458006455730	1.0150343129926244767347	-7.4881849596840881488902	-19.8409865414028203645103	6.7226369168112540819493	53655.812143	53666.015151	0.232909	1.000000
-6.7840370334773441030052	-8.4914008628458006455730	1.0150343129926244767347	-7.4881849596840881488902	-19.8409865414028203645103	6.7226369168112540819493	53655.812143	53666.015151	0.232909	1.000000
-6.7840370334773441030052	-8.4914008628458006455730	1.0150343129926244767347	-7.4881849596840881488902	-19.8409865414028203645103	6.7226369168112540819493	53655.812143	53666.015151	0.232909	1.000000
-6.8208646023201584540629	-8.1992592537776900485369	1.0189397347599209453506	-7.5157822151279409794711	-19.6201066697693100593369	6.8078186079203986125208	53656.168844	53666.371853	0.232909	1.000000
-6.7480562753952888499498	-8.3215064566113881028286	1.0199815237175811066805	-7.4628780768057509931168	-19.8137452448519653103176	6.7229420677652402815738	53656.060908	53666.263917	0.232909	1.000000
-6.7256579487213699053427	-8.3591138691106117164509	1.0203020135624174535849	-7.4466029579753820755172	-19.8733150803990561428236	6.6968311467532943837000	53655.991374	53666.194383	0.232909	1.000000
-6.7256579487213699053427	-8.3591138691106117164509	1.0203020135624174535849	-7.4466029579753820755172	-19.8733150803990561428236	6.6968311467532943837000	53655.991374	53666.194383	0.232909	1.000000
-6.6283416131283026118126	-8.1473358452142488062009	1.0289149056546766924924	-7.3772551133069299567069	-19.9318715639154717678139	6.6522101402120998869805	53655.377738	53665.580746	0.232909	1.000000
-6.6283416131283026118126	-8.1473358452142488062009	1.0289149056546766924924	-7.3772551133069299567069	-19.9318715639154717678139	6.6522101402120998869805	53655.377738	53665.580746	0.232909	1.000000
-6.6283416131283026118126	-8.1473358452142488062009	1.0289149056546766924924	-7.3772551133069299567069	-19.9318715639154717678139	6.6522101402120998869805	53655.377738	53665.580746	0.232909	1.000000
-6.6283416131283026118126	-8.1473358452142488062009	1.0289149056546766924924	-7.3772551133069299567069	-19.9318715639154717678139	6.6522101402120998869805	53655.377738	53665.580746	0.232909	1.000000
-6.6283416131283026118126	-8.1473358452142488062009	1.0289149056546766924924	-7.3772551133069299567069	-19.9318715639154717678139	6.6522101402120998869805	53655.377738	53665.580746	0.232909	1.000000
-6.6283416131283026118126	-8.1473358452142488062009	1.0289149056546766924924	-7.3772551133069299567069	-19.9318715639154717678139	6.6522101402120998869805	53655.377738	53665.580746	0.232909	1.000000
-6.6178308438835529159405	-8.1649837186659617316309	1.0290653005861107871510	-7.3696177562423921258983	-19.9598256519372441175619	6.6399571773225094517556	53655.268788	53665.471796	0.232909	1.000000
-6.6780678419420826941177	-8.0638441261114905955765	1.0282033903888785353331	-7.4133872893713474994115	-19.7996213598739707606455	6.7101786506138365595575	53655.798427	53666.001435	0.232909	1.000000
-6.6780678419420826941177	-8.0638441261114905955765	1.0282033903888785353331	-7.4133872893713474994115	-19.7996213598739707606455	6.7101786506138365595575	53655.798427	53666.001435	0.232909	1.000000
-6.9717003524778604628409	-7.6562232090762778469184	1.0227790160657281859358	-7.6399595517916285558613	-18.9777606525391675518222	6.9275923311710227991966	53656.383625	53666.586633	0.232909	1.000000
-6.9717003524778604628409	-7.6562232090762778469184	1.0227790160657281859358	-7.6399595517916285558613	-18.9777606525391675518222	6.9275923311710227991966	53656.383625	53666.586633	0.232909	1.000000
-6.8814142129040396511641	-7.7408795073736662573083	1.0123348708396768813600	-7.7097223306031921197246	-19.1650442489102168508452	6.8580463624250276311045	53655.580134	53665.783142	0.232909	1.000000
-6.6989905590033380633486	-7.6812328404206553500444	1.0219878246802340804322	-7.5785000493593166481787	-19.4548781594782127513099	6.7125172855351955547576	53655.871633	53666.074641	0.232909	1.000000
-6.8818597454288354953178	-7.3741903980354743808334	1.0193712132683145910050	-7.7113768388988397362027	-18.9685254278394701543675	6.9256976249323791705592	53656.214209	53666.417217	0.232909	1.000000
-6.8196364165803675660982	-7.2387811315081718177566	1.0248782313216246997456	-7.6670363515855770586427	-19.0059660004611892247794	6.8971672908765189191627	53656.331345	53666.534353	0.232909	1.000000
-6.5230757583633423024594	-7.7367147123053374713209	1.0291216143528778559357	-7.4515488277557473395518	-19.7946887428746336468066	6.5514507543384485899196	53653.887328	53664.090336	0.232909	1.000000
-6.6463576956637338000178	-7.5297209159715272619451	1.0273576161073059154205	-7.5411282060911055680208	-19.4668122529106497609064	6.6951670673431378233431	53655.527349	53665.730358	0.232909	1.000000
-6.6413486836313886385597	-7.5188203958952382066627	1.0278009340750500211215	-7.5375587725911223913045	-19.4698262395010601721879	6.6928703598345977709982	53655.474245	53665.677253	0.232909	1.000000
-6.6413486836313886385597	-7.5188203958952382066627	1.0278009340750500211215	-7.5375587725911223913045	-19.4698262395010601721879	6.6928703598345977709982	53655.474245	53665.677253	0.232909	1.000000
-6.6249244084800666954038	-7.4830781896738507441569	1.0292545493258691280403	-7.5258547963260422619669	-19.4797089358778450218779	6.6853395821445493751867	53655.276428	53665.479436	0.232909	1.000000
-6.6249244084800666954038	-7.4830781896738507441569	1.0292545493258691280403	-7.5258547963260422619669	-19.4797089358778450218779	6.6853395821445493751867	53655.276428	53665.479436	0.232909	1.000000
-6.6466400553097093606425	-7.4466170155915563100280	1.0289438277088360784717	-7.5416338649045124853387	-19.4219547326610992854512	6.7106546669429318896505	53655.487160	53665.690168	0.232909	1.000000
-6.6566165568983226563660	-7.4515777930012641050439	1.0326077780365838787446	-7.5049754077629335924371	-19.4125602481150423272993	6.7107033885582856314045	53655.403917	53665.606925	0.232909	1.000000
-6.6739637928066093408574	-7.4602036399728035576118	1.0389786897361545925378	-7.4412333336079425905041	-19.3962250289793907143121	6.7107881061667447042396	53654.984351	53665.187359	0.232909	1.000000
-6.6739637928066093408574	-7.4602036399728035576118	1.0389786897361545925378	-7.4412333336079425905041	-19.3962250289793907143121	6.7107881061667447042396	53654.984351	53665.187359	0.232909	1.000000
-6.6739637928066093408574	-7.4602036399728035576118	1.0389786897361545925378	-7.4412333336079425905041	-19.3962250289793907143121	6.7107881061667447042396	53654.984351	53665.187359	0.232909	1.000000
-6.9506686157744965726124	-8.0623635985615678123395	1.0144891858198163969718	-7.6384138271524983920813	-19.2297281987577406425771	6.8376614377650390963481	53655.834266	53666.037274	0.232909	1.000000
-6.9506686157744965726124	-8.0623635985615678123395	1.0144891858198163969718	-7.6384138271524983920813	-19.2297281987577406425771	6.8376614377650390963481	53655.834266	53666.037274	0.232909	1.000000
-6.9506686157744965726124	-8.0623635985615678123395	1.0144891858198163969718	-7.6384138271524983920813	-19.2297281987577406425771	6.8376614377650390963481	53655.834266	53666.037274	0.232909	1.000000
-7.0675201967595473462325	-7.9089360656920391079439	1.0238725685801377540685	-7.7050338919482648236681	-19.0169804663746866424390	6.9300868097105796650226	53656.368157	53666.571165	0.232909	1.000000
-7.0402031891607039781888	-7.9492123710175768280806	1.0371258000105507690591	-7.6817309591617881636694	-19.1054598158777544369968	6.9533931220040532394933	53655.930509	53666.133517	0.232909	1.000000
-7.0402031891607039781888	-7.9492123710175768280806	1.0371258000105507690591	-7.6817309591617881636694	-19.1054598158777544369968	6.9533931220040532394933	53655.930509	53666.133517	0.232909	1.000000
-7.0402031891607039781888	-7.9492123710175768280806	1.0371258000105507690591	-7.6817309591617881636694	-19.1054598158777544369968	6.9533931220040532394933	53655.930509	53666.133517	0.232909	1.000000
-7.0365920854538650530685	-7.9552755144236737550045	1.0371774700340994357362	-7.6791070514568424698609	-19.1150637857229845906204	6.9491834662995035643007	53655.926591	53666.129599	0.232909	1.000000
-7.0365920854538650530685	-7.9552755144236737550045	1.0371774700340994357362	-7.6791070514568424698609	-19.1150637857229845906204	6.9491834662995035643007	53655.926591	53666.129599	0.232909	1.000000
-6.9448675760784217558808	-8.1092835129045575115470	1.0384899240493212779768	-7.6124579972004422501186	-19.3590112028081762218790	6.8422553259062963704196	53655.799298	53666.002306	0.232909	1.000000
-6.9977777393577218489895	-8.0204458794146002986736	1.0377328509756706953482	-7.6509036903649905170255	-19.2182931138543366955673	6.9039355181022452612183	53655.879999	53666.083007	0.232909	1.000000
-7.1362962935227693961338	-8.3218874153631112733365	1.0254733947134857530159	-7.7496123307941173763425	-19.1349447285678166963407	6.9674483628246441924148	53656.357826	53666.560834	0.232909	1.000000
-7.1362962935227693961338	-8.3218874153631112733365	1.0254733947134857530159	-7.7496123307941173763425	-19.1349447285678166963407	6.9674483628246441924148	53656.357826	53666.560834	0.232909	1.000000
-7.1362962935227693961338	-8.3218874153631112733365	1.0254733947134857530159	-7.7496123307941173763425	-19.1349447285678166963407	6.9674483628246441924148	53656.357826	53666.560834	0.232909	1.000000
-7.1975509949575480206363	-8.3205422856902284678426	1.0469471404855392737687	-7.6761776631013836080797	-19.1344399123455133349125	6.9578500258554649704479	53654.647586	53664.850594	0.232909	1.000000
-7.4802283919807113221623	-8.2513774861590221121332	1.0195891466083217835603	-7.8740564459569073463285	-18.5235485164480060404912	6.8067108381653218529550	53656.005567	53666.208575	0.232909	1.000000
-7.4802283919807113221623	-8.2513774861590221121332	1.0195891466083217835603	-7.8740564459569073463285	-18.5235485164480060404912	6.8067108381653218529550	53656.005567	53666.208575	0.232909	1.000000
-7.4802283919807113221623	-8.2513774861590221121332	1.0195891466083217835603	-7.8740564459569073463285	-18.5235485164480060404912	6.8067108381653218529550	53656.005567	53666.208575	0.232909	1.000000
-7.3333308327952790861559	-7.9816752103115646832521	1.0190244245078319274000	-7.8999583725027759939508	-18.6220572175490453048496	6.7528584284201329523967	53656.005776	53666.208784	0.232909	1.000000
-7.3333308327952790861559	-7.9816752103115646832521	1.0190244245078319274000	-7.8999583725027759939508	-18.6220572175490453048496	6.7528584284201329523967	53656.005776	53666.208784	0.232909	1.000000
-7.3336776043011582260078	-7.9819504429307732706889	1.0170463527958155669495	-7.9007401623219868369574	-18.6187069183147002604528	6.7448023830873209405468	53655.849871	53666.052879	0.232909	1.000000
-7.3336776043011582260078	-7.9819504429307732706889	1.0170463527958155669495	-7.9007401623219868369574	-18.6187069183147002604528	6.7448023830873209405468	53655.849871	53666.052879	0.232909	1.000000
-7.3336776043011582260078	-7.9819504429307732706889	1.0170463527958155669495	-7.9007401623219868369574	-18.6187069183147002604528	6.7448023830873209405468	53655.849871	53666.052879	0.232909	1.000000
-7.3336776043011582260078	-7.9819504429307732706889	1.0170463527958155669495	-7.9007401623219868369574	-18.6187069183147002604528	6.7448023830873209405468	53655.849871	53666.052879	0.232909	1.000000
-7.2568732001194860004034	-7.8148101078060836499617	1.0238438554082560649761	-7.8460091671752367759041	-18.6649211104135304140073	6.7095864062372116976007	53656.269627	53666.472635	0.232909	1.000000
-7.2568732001194860004034	-7.8148101078060836499617	1.0238438554082560649761	-7.8460091671752367759041	-18.6649211104135304140073	6.7095864062372116976007	53656.269627	53666.472635	0.232909	1.000000
-7.2568732001194860004034	-7.8148101078060836499617	1.0238438554082560649761	-7.8460091671752367759041	-18.6649211104135304140073	6.7095864062372116976007	53656.269627	53666.472635	0.232909	1.000000
-7.2330850775845787481444	-7.8220019170632815175281	1.0157190068579724506748	-7.8427266614731516725101	-18.6531269571715192512329	6.7153894549556252258071	53655.774491	53665.977499	0.232909	1.000000
-7.0098677357745753369045	-7.4315020275882091027597	1.0381757107549649532530	-7.6616836428788319679484	-18.8401620288775220046773	6.6172318281668136563667	53655.839456	53666.042464	0.239917	1.000000
-7.0180818110023386324769	-7.4288942215669946378398	1.0409688225677677930747	-7.6625852183706566478349	-18.8439824723949804763379	6.6151828889487962470639	53655.532170	53665.735179	0.239917	1.000000
-7.0180818110023386324769	-7.4288942215669946378398	1.0409688225677677930747	-7.6625852183706566478349	-18.8439824723949804763379	6.6151828889487962470639	53655.532170	53665.735179	0.239917	1.000000
-7.0180818110023386324769	-7.4288942215669946378398	1.0409688225677677930747	-7.6625852183706566478349	-18.8439824723949804763379	6.6151828889487962470639	53655.532170	53665.735179	0.239917	1.000000
-7.0180818110023386324769	-7.4288942215669946378398	1.0409688225677677930747	-7.6625852183706566478349	-18.8439824723949804763379	6.6151828889487962470639	53655.532170	53665.735179	0.239917	1.000000
-7.0180818110023386324769	-7.4288942215669946378398	1.0409688225677677930747	-7.6625852183706566478349	-18.8439824723949804763379	6.6151828889487962470639	53655.532170	53665.735179	0.239917	1.000000
-7.0180818110023386324769	-7.4288942215669946378398	1.0409688225677677930747	-7.6625852183706566478349	-18.8439824723949804763379	6.6151828889487962470639	53655.532170	53665.735179	0.239917	1.000000
-6.9904871060544211402998	-7.5036411004641028199558	1.0214755797683978677526	-7.6607037228743992685054	-18.9037185277941617300712	6.4934051259274490064399	53656.330092	53666.533100	0.239917	1.000000
-6.9904871060544211402998	-7.5036411004641028199558	1.0214755797683978677526	-7.6607037228743992685054	-18.9037185277941617300712	6.4934051259274490064399	53656.330092	53666.533100	0.239917	1.000000
-7.0300027760692511691332	-7.5470424768219981359607	1.0383541957211828155039	-7.4917918224221660139506	-18.8787798611561505879308	6.4987652557305288780753	53655.843350	53666.046358	0.239917	1.000000
-7.0300027760692511691332	-7.5470424768219981359607	1.0383541957211828155039	-7.4917918224221660139506	-18.8787798611561505879308	6.4987652557305288780753	53655.843350	53666.046358	0.239917	1.000000
-6.9954632113736554543948	-7.4866184251476095568023	1.0418290367474691837657	-7.4637781071672506527648	-18.9077207575361185831753	6.4835768224603036458120	53655.448133	53665.651141	0.239917	1.000000
-6.9954632113736554543948	-7.4866184251476095568023	1.0418290367474691837657	-7.4637781071672506527648	-18.9077207575361185831753	6.4835768224603036458120	53655.448133	53665.651141	0.239917	1.000000
-6.9954632113736554543948	-7.4866184251476095568023	1.0418290367474691837657	-7.4637781071672506527648	-18.9077207575361185831753	6.4835768224603036458120	53655.448133	53665.651141	0.239917	1.000000
-7.0165196278967849607966	-7.5234548477048761583319	1.0397106632055328478970	-7.4808561584387840426302	-18.8900774671791040759672	6.4928361741658102701535	53655.701945	53665.904954	0.239917	1.000000
-7.0232577982272612615589	-7.5308556045784618149241	1.0425887869774410621204	-7.4520534795100328295803	-18.8858249520741132698731	6.4937501778406323538206	53655.351214	53665.554222	0.239917	1.000000
-7.0232577982272612615589	-7.5308556045784618149241	1.0425887869774410621204	-7.4520534795100328295803	-18.8858249520741132698731	6.4937501778406323538206	53655.351214	53665.554222	0.239917	1.000000
-7.0130672618425675679532	-7.5272230557753436741564	1.0376814464966261919443	-7.4869897107748109021941	-18.8953018079696377640175	6.4838737706902938029430	53655.911691	53666.114700	0.239917	1.000000
-7.3738660998800753532123	-8.1356720987902590991325	1.0062309612085258425651	-7.7719047333172870395401	-18.6073209774631429525016	6.6349497616163732871541	53654.359063	53664.562071	0.239917	1.000000
-7.4321782688329571797681	-8.1997182959069814245368	1.0311382626603353696026	-7.5226461664341632840092	-18.5705196846618463268896	6.6428595552392390999330	53656.223975	53666.426983	0.239917	1.000000
-7.4352788761512709214685	-8.2031237961834442273812	1.0324626476480267545099	-7.5093924502629363360029	-18.5685628657022334664362	6.6432801392174001264834	53656.170770	53666.373778	0.239917	1.000000
-7.4352788761512709214685	-8.2031237961834442273812	1.0324626476480267545099	-7.5093924502629363360029	-18.5685628657022334664362	6.6432801392174001264834	53656.170770	53666.373778	0.239917	1.000000
-7.4352788761512709214685	-8.2031237961834442273812	1.0324626476480267545099	-7.5093924502629363360029	-18.5685628657022334664362	6.6432801392174001264834	53656.170770	53666.373778	0.239917	1.000000
-7.4352788761512709214685	-8.2031237961834442273812	1.0324626476480267545099	-7.5093924502629363360029	-18.5685628657022334664362	6.6432801392174001264834	53656.170770	53666.373778	0.239917	1.000000
-7.4500041944947472671856	-8.1984487995738906107590	1.0374698407247870957093	-7.5110086986852691026684	-18.5754117495324777564747	6.6396070194303113964907	53655.826658	53666.029666	0.239917	1.000000
-7.4500041944947472671856	-8.1984487995738906107590	1.0374698407247870957093	-7.5110086986852691026684	-18.5754117495324777564747	6.6396070194303113964907	53655.826658	53666.029666	0.239917	1.000000
-7.4369264361380542638358	-8.2026007285544402236610	1.0330228834790589065307	-7.5095732861652395584429	-18.5693291613224467084819	6.6428691677839335483213	53656.142574	53666.345582	0.239917	1.000000
-7.4369264361380542638358	-8.2026007285544402236610	1.0330228834790589065307	-7.5095732861652395584429	-18.5693291613224467084819	6.6428691677839335483213	53656.142574	53666.345582	0.239917	1.000000
-7.4369264361380542638358	-8.2026007285544402236610	1.0330228834790589065307	-7.5095732861652395584429	-18.5693291613224467084819	6.6428691677839335483213	53656.142574	53666.345582	0.239917	1.000000
-7.4932473458729091930763	-8.4769528140479781797012	1.0294956860372448392837	-7.5823312590358638018984	-18.6596052535142433725923	6.6294935106547816516809	53656.249778	53666.452786	0.239917	1.000000
-7.4932473458729091930763	-8.4769528140479781797012	1.0294956860372448392837	-7.5823312590358638018984	-18.6596052535142433725923	6.6294935106547816516809	53656.249778	53666.452786	0.239917	1.000000
-7.4932473458729091930763	-8.4769528140479781797012	1.0294956860372448392837	-7.5823312590358638018984	-18.6596052535142433725923	6.6294935106547816516809	53656.249778	53666.452786	0.239917	1.000000
-7.4932473458729091930763	-8.4769528140479781797012	1.0294956860372448392837	-7.5823312590358638018984	-18.6596052535142433725923	6.6294935106547816516809	53656.249778	53666.452786	0.239917	1.000000
-7.4932473458729091930763	-8.4769528140479781797012	1.0294956860372448392837	-7.5823312590358638018984	-18.6596052535142433725923	6.6294935106547816516809	53656.249778	53666.452786	0.239917	1.000000
-7.4466646131768206018364	-8.3954602569654159793799	1.0341821258379626513602	-7.5445497924468991612912	-18.6986371883963045092969	6.6090092129129081044425	53656.068566	53666.271574	0.239917	1.000000
-7.4466646131768206018364	-8.3954602569654159793799	1.0341821258379626513602	-7.5445497924468991612912	-18.6986371883963045092969	6.6090092129129081044425	53656.068566	53666.271574	0.239917	1.000000
-7.3662143579478334132205	-8.2927989925067127074954	1.0341575397487736687197	-7.4922201829474097678485	-18.7420406818455838049431	6.5863292317655997010206	53656.095173	53666.298181	0.239917	1.000000
-7.3662143579478334132205	-8.2927989925067127074954	1.0341575397487736687197	-7.4922201829474097678485	-18.7420406818455838049431	6.5863292317655997010206	53656.095173	53666.298181	0.239917	1.000000
-7.3662143579478334132205	-8.2927989925067127074954	1.0341575397487736687197	-7.4922201829474097678485	-18.7420406818455838049431	6.5863292317655997010206	53656.095173	53666.298181	0.239917	1.000000
-7.3973889981082310285387	-8.3270391379962251932056	1.0474733908664730641647	-7.3589624724383631004798	-18.7223661082339418726406	6.5905579369289268854004	53654.559359	53664.762367	0.239917	1.000000
-7.4220788405429631851007	-8.2780500164137418295240	1.0162973964531145654178	-7.3625899875339628763982	-18.6123578075211675297851	6.5058654736255707717874	53655.883641	53666.086649	0.239917	1.000000
-7.4220788405429631851007	-8.2780500164137418295240	1.0162973964531145654178	-7.3625899875339628763982	-18.6123578075211675297851	6.5058654736255707717874	53655.883641	53666.086649	0.239917	1.000000
-7.3952520773693022348994	-8.1820642286942319998388	1.0278761827342790535766	-7.3326576807420682513339	-18.6202362087063590934122	6.5377887542301351686547	53656.370912	53666.573920	0.239917	1.000000
-7.4460845992364879109005	-8.1659259108771884427824	1.0451612590654406620416	-7.3382370496463353859440	-18.6438788919371027930083	6.5251089643917907778814	53654.930294	53665.133303	0.239917	1.000000
-7.4933461515152401943851	-8.2418506498611776578400	1.0279253450861365326574	-7.3727501462326543446579	-18.6101056187214126680374	6.5466607987740026430856	53656.332046	53666.535054	0.239917	1.000000
-6.9805530607742722892795	-7.5023784284044250370016	1.0120986333731343265185	-7.3296598061443827276662	-18.2663538816702981648632	5.4719019323898434592479	53655.696444	53665.899452	0.239917	1.000000
-6.9805530607742722892795	-7.5023784284044250370016	1.0120986333731343265185	-7.3296598061443827276662	-18.2663538816702981648632	5.4719019323898434592479	53655.696444	53665.899452	0.239917	1.000000
-6.7721344378351950865635	-7.1377676478875091703458	1.0330665172481496849599	-7.1606194604337929376925	-18.4409890232331648007857	5.3802518964186010208550	53656.174927	53666.377935	0.239917	1.000000
-6.7498336244551735418895	-7.1132739218737466302400	1.0235410083972344974512	-7.2559455112950415056616	-18.4550632512655390371492	5.3772268874946398398151	53656.297092	53666.500100	0.239917	1.000000
-6.7643473847938935250568	-7.1086660907360617045470	1.0284762633500075246218	-7.2575385391469628970640	-18.4618137374812718576322	5.3736065392589198452811	53656.304552	53666.507561	0.239917	1.000000
-6.7643473847938935250568	-7.1086660907360617045470	1.0284762633500075246218	-7.2575385391469628970640	-18.4618137374812718576322	5.3736065392589198452811	53656.304552	53666.507561	0.239917	1.000000
-6.7643473847938935250568	-7.1086660907360617045470	1.0284762633500075246218	-7.2575385391469628970640	-18.4618137374812718576322	5.3736065392589198452811	53656.304552	53666.507561	0.239917	1.000000
-6.7643473847938935250568	-7.1086660907360617045470	1.0284762633500075246218	-7.2575385391469628970640	-18.4618137374812718576322	5.3736065392589198452811	53656.304552	53666.507561	0.239917	1.000000
-6.7585617580250740843439	-7.1243378489320292601406	1.0243892246386316902118	-7.2571440565558607005414	-18.4743382606400992074214	5.3480740797920374163255	53656.335423	53666.538431	0.239917	1.000000
-6.7802210406636183037676	-7.0656684853915541211222	1.0396896112936151457262	-7.2586208559205758206190	-18.4274510005644920340728	5.4436583229773622960579	53655.502936	53665.705944	0.239917	1.000000
-6.7802210406636183037676	-7.0656684853915541211222	1.0396896112936151457262	-7.2586208559205758206190	-18.4274510005644920340728	5.4436583229773622960579	53655.502936	53665.705944	0.239917	1.000000
-6.8218413651775895445439	-7.1384797284196883637719	1.0355024128612346778766	-7.2923775036961693274407	-18.3925770955319549671003	5.4619604506137937605104	53656.034830	53666.237838	0.239917	1.000000
-6.8305813009025966309196	-7.1537695079097582961936	1.0346231346337289025428	-7.2994661301135668196594	-18.3852538540141701162156	5.4658037512377370958916	53656.120853	53666.323861	0.239917	1.000000
-6.8305813009025966309196	-7.1537695079097582961936	1.0346231346337289025428	-7.2994661301135668196594	-18.3852538540141701162156	5.4658037512377370958916	53656.120853	53666.323861	0.239917	1.000000
-6.8537102631510080641419	-7.1078774554732397916723	1.0054180718736318578266	-7.3028643154168335627219	-18.2822002261538969491994	5.3864655054937005118632	53654.731950	53664.934959	0.239917	1.000000
-6.8537102631510080641419	-7.1078774554732397916723	1.0054180718736318578266	-7.3028643154168335627219	-18.2822002261538969491994	5.3864655054937005118632	53654.731950	53664.934959	0.239917	1.000000
-6.8537102631510080641419	-7.1078774554732397916723	1.0054180718736318578266	-7.3028643154168335627219	-18.2822002261538969491994	5.3864655054937005118632	53654.731950	53664.934959	0.239917	1.000000
-6.9137012219880311647557	-7.0888315155060945826904	1.0258173805167647429926	-7.3094489127961850272186	-18.3101025844157625499520	5.3715012125113119623165	53656.558768	53666.761776	0.239917	1.000000
-6.9137012219880311647557	-7.0888315155060945826904	1.0258173805167647429926	-7.3094489127961850272186	-18.3101025844157625499520	5.3715012125113119623165	53656.558768	53666.761776	0.239917	1.000000
-6.9137012219880311647557	-7.0888315155060945826904	1.0258173805167647429926	-7.3094489127961850272186	-18.3101025844157625499520	5.3715012125113119623165	53656.558768	53666.761776	0.239917	1.000000
-6.8919948666920012314563	-7.0508580799509790182356	1.0280011409254017351600	-7.2918437211313769097387	-18.3282904621422382263063	5.3619560566340123131113	53656.534453	53666.737462	0.239917	1.000000
-6.8919948666920012314563	-7.0508580799509790182356	1.0280011409254017351600	-7.2918437211313769097387	-18.3282904621422382263063	5.3619560566340123131113	53656.534453	53666.737462	0.239917	1.000000
-6.8416111734053863813187	-6.9627160632947839857820	1.0330699750589855678840	-7.2509794412928370022087	-18.3705072433755525196375	5.3398003239218159166057	53656.278636	53666.481645	0.239917	1.000000
-6.8416111734053863813187	-6.9627160632947839857820	1.0330699750589855678840	-7.2509794412928370022087	-18.3705072433755525196375	5.3398003239218159166057	53656.278636	53666.481645	0.239917	1.000000
-6.8286512479599661418206	-6.9668305826623226906236	1.0286630856830156766080	-7.2495569620929911636154	-18.3644794603589893711160	5.3430330797429395062181	53656.468471	53666.671480	0.239917	1.000000
-7.1733628051611644238506	-6.5398844001241114298750	1.0150358636394707367856	-6.7714275117597484410226	-18.3132767471253430358047	6.1335945173046084732960	53656.845820	53667.048829	0.239917	1.000000
-7.1828837331608239580305	-6.5503415524192538654802	1.0191026069633235540124	-6.7307297824314114009780	-18.3072680106069221039888	6.1348859900268175593396	53656.853204	53667.056213	0.239917	1.000000
-7.1828837331608239580305	-6.5503415524192538654802	1.0191026069633235540124	-6.7307297824314114009780	-18.3072680106069221039888	6.1348859900268175593396	53656.853204	53667.056213	0.239917	1.000000
-7.1828837331608239580305	-6.5503415524192538654802	1.0191026069633235540124	-6.7307297824314114009780	-18.3072680106069221039888	6.1348859900268175593396	53656.853204	53667.056213	0.239917	1.000000
-7.1828837331608239580305	-6.5503415524192538654802	1.0191026069633235540124	-6.7307297824314114009780	-18.3072680106069221039888	6.1348859900268175593396	53656.853204	53667.056213	0.239917	1.000000
-7.1708215930513201641361	-6.5370933022345099061567	1.0139504172016267080636	-6.7822900624077542275359	-18.3148805271356565071983	6.1332498128680947857561	53656.795630	53666.998638	0.239917	1.000000
-7.1764506588066758752120	-6.5432758926170055957527	1.0163548010580050195983	-6.7582283118629469242933	-18.3113279771142707375020	6.1340133713021911532337	53656.880295	53667.083303	0.239917	1.000000
-7.1764506588066758752120	-6.5432758926170055957527	1.0163548010580050195983	-6.7582283118629469242933	-18.3113279771142707375020	6.1340133713021911532337	53656.880295	53667.083303	0.239917	1.000000
-7.1764506588066758752120	-6.5432758926170055957527	1.0163548010580050195983	-6.7582283118629469242933	-18.3113279771142707375020	6.1340133713021911532337	53656.880295	53667.083303	0.239917	1.000000
-7.1778185262233451524594	-6.5529733926885898043224	1.0152809421566730829767	-6.7731730595698449448605	-18.3014049539203895733408	6.1499838039557124247381	53656.855023	53667.058032	0.239917	1.000000
-7.1778185262233451524594	-6.5529733926885898043224	1.0152809421566730829767	-6.7731730595698449448605	-18.3014049539203895733408	6.1499838039557124247381	53656.855023	53667.058032	0.239917	1.000000
-7.1778185262233451524594	-6.5529733926885898043224	1.0152809421566730829767	-6.7731730595698449448605	-18.3014049539203895733408	6.1499838039557124247381	53656.855023	53667.058032	0.239917	1.000000
-7.1778185262233451524594	-6.5529733926885898043224	1.0152809421566730829767	-6.7731730595698449448605	-18.3014049539203895733408	6.1499838039557124247381	53656.855023	53667.058032	0.239917	1.000000
-7.1778185262233451524594	-6.5529733926885898043224	1.0152809421566730829767	-6.7731730595698449448605	-18.3014049539203895733408	6.1499838039557124247381	53656.855023	53667.058032	0.239917	1.000000
-7.1778185262233451524594	-6.5529733926885898043224	1.0152809421566730829767	-6.7731730595698449448605	-18.3014049539203895733408	6.1499838039557124247381	53656.855023	53667.058032	0.239917	1.000000
-7.5863834903319364855179	-6.8501773353011445877314	1.0115528775017215146192	-6.8591641765418520648723	-18.2615391293753930312960	6.8162796779934602398043	53656.225373	53666.428381	0.239917	1.000000
-7.5863834903319364855179	-6.8501773353011445877314	1.0115528775017215146192	-6.8591641765418520648723	-18.2615391293753930312960	6.8162796779934602398043	53656.225373	53666.428381	0.239917	1.000000
-7.5863834903319364855179	-6.8501773353011445877314	1.0115528775017215146192	-6.8591641765418520648723	-18.2615391293753930312960	6.8162796779934602398043	53656.225373	53666.428381	0.239917	1.000000
-7.5112957908125537187516	-6.8740850910428337172675	1.0007969161209147035407	-6.8525682056524992447066	-18.2249049165778487235912	6.8318223228959462645093	53654.588823	53664.791831	0.239917	1.000000
-7.5542333441228759483010	-6.8604532692060438137105	1.0153973895812204997213	-6.8572810241585511192852	-18.2448755758001368576515	6.8211118735192632911435	53656.561059	53666.764067	0.239917	1.000000
-7.5497332390201155050136	-6.8555106539057923953351	1.0134752269113693756708	-6.8765169704263682248779	-18.2477156294029647654042	6.8205014537169610377987	53656.389309	53666.592317	0.239917	1.000000
-7.5497332390201155050136	-6.8555106539057923953351	1.0134752269113693756708	-6.8765169704263682248779	-18.2477156294029647654042	6.8205014537169610377987	53656.389309	53666.592317	0.239917	1.000000
-7.5420423046907538733308	-6.8470634446025666619562	1.0101901421129928504428	-6.9093922913645737793331	-18.2525694417589932072588	6.8194582117246866914684	53655.987836	53666.190844	0.239917	1.000000
-7.4623042436334952043353	-6.8658767179589919038563	1.0344555497336667126973	-7.0976307595545815587457	-18.4348945307498759405007	6.9317182968023827172033	53656.323775	53666.526783	0.239917	1.000000
-7.4623042436334952043353	-6.8658767179589919038563	1.0344555497336667126973	-7.0976307595545815587457	-18.4348945307498759405007	6.9317182968023827172033	53656.323775	53666.526783	0.239917	1.000000
-7.4515285554229864217746	-6.8540414207373050459182	1.0298528515416869311139	-7.1436920302766679924389	-18.4416951568300149233437	6.9302566212821608004901	53656.551680	53666.754688	0.239917	1.000000
-7.4266839646722635492893	-6.8619290856974881620545	1.0214047039430933505599	-7.1409650922460112809631	-18.4301397043846009182744	6.9364539173785839665243	53656.539306	53666.742314	0.239917	1.000000
-7.4262675937477213850002	-6.8614717716447648498956	1.0212268563973825319380	-7.1427448926171326348822	-18.4304024795237033629292	6.9363974384627278269022	53656.530678	53666.733686	0.239917	1.000000
-7.1938813330991804306791	-6.6901503250398448585656	1.0301102268510820003655	-6.8109025507308267322060	-18.2109306619717941089220	6.4053987310320694703591	53656.707566	53666.910574	0.239917	1.000000
-7.1938813330991804306791	-6.6901503250398448585656	1.0301102268510820003655	-6.8109025507308267322060	-18.2109306619717941089220	6.4053987310320694703591	53656.707566	53666.910574	0.239917	1.000000
-7.1938813330991804306791	-6.6901503250398448585656	1.0301102268510820003655	-6.8109025507308267322060	-18.2109306619717941089220	6.4053987310320694703591	53656.707566	53666.910574	0.245462	1.000000
-7.1938813330991804306791	-6.6901503250398448585656	1.0301102268510820003655	-6.8109025507308267322060	-18.2109306619717941089220	6.4053987310320694703591	53656.707566	53666.910574	0.245462	1.000000
-7.1938813330991804306791	-6.6901503250398448585656	1.0301102268510820003655	-6.8109025507308267322060	-18.2109306619717941089220	6.4053987310320694703591	53656.707566	53666.910574	0.245462	1.000000
-7.2193820072843655211159	-6.6821933983069730089710	1.0387127542392997625598	-6.8144425136956252586629	-18.2224953917026510907817	6.3988904659634950888858	53655.812846	53666.015854	0.245462	1.000000
-7.2282855319085950185354	-6.7240952984112691837026	1.0313358646647214911241	-6.8312656734204368902397	-18.1958407368636976286780	6.4115742187620368142120	53656.639335	53666.842344	0.245462	1.000000
-7.2061361504744922967802	-6.7003831571116228005280	1.0222454288956555057410	-6.9180420155653719049837	-18.2078209216671460524140	6.4102502907803469156534	53656.976128	53667.179136	0.245462	1.000000
-7.2979203918401953643524	-6.7447071855283757813027	1.0317753777098859213623	-6.9728222199374316758735	-18.0912288118642763379285	6.5509056390000663938622	53656.654252	53666.857260	0.245462	1.000000
-7.2900465451552758366915	-6.7362777959438391306435	1.0285438338513053224688	-7.0036701971579304881743	-18.0954876277901313130769	6.5504349980487281968067	53656.797364	53667.000372	0.245462	1.000000
-7.2900465451552758366915	-6.7362777959438391306435	1.0285438338513053224688	-7.0036701971579304881743	-18.0954876277901313130769	6.5504349980487281968067	53656.797364	53667.000372	0.245462	1.000000
-7.2900465451552758366915	-6.7362777959438391306435	1.0285438338513053224688	-7.0036701971579304881743	-18.0954876277901313130769	6.5504349980487281968067	53656.797364	53667.000372	0.245462	1.000000
-7.2900465451552758366915	-6.7362777959438391306435	1.0285438338513053224688	-7.0036701971579304881743	-18.0954876277901313130769	6.5504349980487281968067	53656.797364	53667.000372	0.245462	1.000000
-7.3123813312546301901307	-6.8587129733745024751101	1.0295176436973225708726	-6.8168828013766233908655	-18.1243131520903943965095	6.4391704037214489986241	53656.657717	53666.860725	0.245462	1.000000
-7.3123813312546301901307	-6.8587129733745024751101	1.0295176436973225708726	-6.8168828013766233908655	-18.1243131520903943965095	6.4391704037214489986241	53656.657717	53666.860725	0.245462	1.000000
-7.3123813312546301901307	-6.8587129733745024751101	1.0295176436973225708726	-6.8168828013766233908655	-18.1243131520903943965095	6.4391704037214489986241	53656.657717	53666.860725	0.245462	1.000000
-7.3123813312546301901307	-6.8587129733745024751101	1.0295176436973225708726	-6.8168828013766233908655	-18.1243131520903943965095	6.4391704037214489986241	53656.657717	53666.860725	0.245462	1.000000
-7.3123813312546301901307	-6.8587129733745024751101	1.0295176436973225708726	-6.8168828013766233908655	-18.1243131520903943965095	6.4391704037214489986241	53656.657717	53666.860725	0.245462	1.000000
-7.3123813312546301901307	-6.8587129733745024751101	1.0295176436973225708726	-6.8168828013766233908655	-18.1243131520903943965095	6.4391704037214489986241	53656.657717	53666.860725	0.245462	1.000000
-7.2971955676101947219081	-6.8814415008113902771925	1.0253455830192805819934	-6.7619904171924973823593	-18.1044873521772480273739	6.4471447724337718199195	53656.709158	53666.912167	0.245462	1.000000
-7.2914001582125695932746	-6.8714757702910995718071	1.0261259802791309336811	-6.7570783812369690224386	-18.1099471549402153414121	6.4446826489207431620798	53656.665371	53666.868379	0.245462	1.000000
-7.2914001582125695932746	-6.8714757702910995718071	1.0261259802791309336811	-6.7570783812369690224386	-18.1099471549402153414121	6.4446826489207431620798	53656.665371	53666.868379	0.245462	1.000000
-7.2914001582125695932746	-6.8714757702910995718071	1.0261259802791309336811	-6.7570783812369690224386	-18.1099471549402153414121	6.4446826489207431620798	53656.665371	53666.868379	0.245462	1.000000
-7.2914001582125695932746	-6.8714757702910995718071	1.0261259802791309336811	-6.7570783812369690224386	-18.1099471549402153414121	6.4446826489207431620798	53656.665371	53666.868379	0.245462	1.000000
-7.2914001582125695932746	-6.8714757702910995718071	1.0261259802791309336811	-6.7570783812369690224386	-18.1099471549402153414121	6.4446826489207431620798	53656.665371	53666.868379	0.245462	1.000000
-7.2914001582125695932746	-6.8714757702910995718071	1.0261259802791309336811	-6.7570783812369690224386	-18.1099471549402153414121	6.4446826489207431620798	53656.665371	53666.868379	0.245462	1.000000
-7.2914001582125695932746	-6.8714757702910995718071	1.0261259802791309336811	-6.7570783812369690224386	-18.1099471549402153414121	6.4446826489207431620798	53656.665371	53666.868379	0.245462	1.000000
-7.2914001582125695932746	-6.8714757702910995718071	1.0261259802791309336811	-6.7570783812369690224386	-18.1099471549402153414121	6.4446826489207431620798	53656.665371	53666.868379	0.245462	1.000000
-7.2914001582125695932746	-6.8714757702910995718071	1.0261259802791309336811	-6.7570783812369690224386	-18.1099471549402153414121	6.4446826489207431620798	53656.665371	53666.868379	0.245462	1.000000
-7.2914001582125695932746	-6.8714757702910995718071	1.0261259802791309336811	-6.7570783812369690224386	-18.1099471549402153414121	6.4446826489207431620798	53656.665371	53666.868379	0.245462	1.000000
-7.3046860454069326706872	-6.8380034332649399786419	1.0061143531652341209792	-6.7577252339680109471942	-18.0425447060852519598484	6.3917936190030069099066	53655.791162	53665.994170	0.245462	1.000000
-7.3321370635907765489492	-6.8673912707506516994727	1.0173806595556906806621	-6.6501782601062311428564	-18.0276969654445622381900	6.3934344400438831712563	53656.125549	53666.328558	0.245462	1.000000
-7.3321370635907765489492	-6.8673912707506516994727	1.0173806595556906806621	-6.6501782601062311428564	-18.0276969654445622381900	6.3934344400438831712563	53656.125549	53666.328558	0.245462	1.000000
-7.3647992227093199701926	-6.8560391428986866557693	1.0283377399736581825351	-6.6581176983527523560724	-18.0433442214495123323559	6.3848340039502007314809	53655.744183	53665.947191	0.245462	1.000000
-7.3647992227093199701926	-6.8560391428986866557693	1.0283377399736581825351	-6.6581176983527523560724	-18.0433442214495123323559	6.3848340039502007314809	53655.744183	53665.947191	0.245462	1.000000
-7.5867026512675934668550	-7.3584827754287918111231	1.0125663736443115681141	-6.8104362185055880019036	-17.9054378797295328240580	6.9472269477889030397932	53656.255718	53666.458726	0.245462	1.000000
-7.4107124144936857845778	-7.1725994071685734709831	1.0091410031647236600350	-6.7020004372268475734131	-17.9910381139560726637683	6.9115390964521541405929	53655.924259	53666.127267	0.245462	1.000000
-7.4007566158645969878194	-7.1757058960277939618777	1.0057824633176450923600	-6.7006183891219217585444	-17.9865230913506266574586	6.9140800087424301167971	53655.553833	53665.756841	0.245462	1.000000
-7.4007566158645969878194	-7.1757058960277939618777	1.0057824633176450923600	-6.7006183891219217585444	-17.9865230913506266574586	6.9140800087424301167971	53655.553833	53665.756841	0.245462	1.000000
-7.4007566158645969878194	-7.1757058960277939618777	1.0057824633176450923600	-6.7006183891219217585444	-17.9865230913506266574586	6.9140800087424301167971	53655.553833	53665.756841	0.245462	1.000000
-7.3989931096766197171632	-7.1726733876691177727025	1.0060199332360584278945	-6.6991236878491022821436	-17.9881844745760410830826	6.9133308002305051687131	53655.581516	53665.784525	0.245462	1.000000
-7.3769460550188243885827	-7.1347614835375958719510	1.0089887417985319295610	-6.6804371865577616418364	-18.0089548053114789638585	6.9039643227408840076009	53655.854463	53666.057471	0.245462	1.000000
-7.3769460550188243885827	-7.1347614835375958719510	1.0089887417985319295610	-6.6804371865577616418364	-18.0089548053114789638585	6.9039643227408840076009	53655.854463	53666.057471	0.245462	1.000000
-7.3769460550188243885827	-7.1347614835375958719510	1.0089887417985319295610	-6.6804371865577616418364	-18.0089548053114789638585	6.9039643227408840076009	53655.854463	53666.057471	0.245462	1.000000
-7.3769460550188243885827	-7.1347614835375958719510	1.0089887417985319295610	-6.6804371865577616418364	-18.0089548053114789638585	6.9039643227408840076009	53655.854463	53666.057471	0.245462	1.000000
-7.3769460550188243885827	-7.1347614835375958719510	1.0089887417985319295610	-6.6804371865577616418364	-18.0089548053114789638585	6.9039643227408840076009	53655.854463	53666.057471	0.245462	1.000000
-7.3804651539386014746924	-7.1335919158158382913371	0.9951574272940164611612	-6.6791231196372429224084	-18.0124351846461365767027	6.9063703704016630169349	53653.703892	53663.906900	0.245462	1.000000
-7.3804651539386014746924	-7.1335919158158382913371	0.9951574272940164611612	-6.6791231196372429224084	-18.0124351846461365767027	6.9063703704016630169349	53653.703892	53663.906900	0.245462	1.000000
-7.3804651539386014746924	-7.1335919158158382913371	0.9951574272940164611612	-6.6791231196372429224084	-18.0124351846461365767027	6.9063703704016630169349	53653.703892	53663.906900	0.245462	1.000000
-7.3804651539386014746924	-7.1335919158158382913371	0.9951574272940164611612	-6.6791231196372429224084	-18.0124351846461365767027	6.9063703704016630169349	53653.703892	53663.906900	0.245462	1.000000
-7.3804651539386014746924	-7.1335919158158382913371	0.9951574272940164611612	-6.6791231196372429224084	-18.0124351846461365767027	6.9063703704016630169349	53653.703892	53663.906900	0.245462	1.000000
-7.3804651539386014746924	-7.1335919158158382913371	0.9951574272940164611612	-6.6791231196372429224084	-18.0124351846461365767027	6.9063703704016630169349	53653.703892	53663.906900	0.245462	1.000000
-7.3804651539386014746924	-7.1335919158158382913371	0.9951574272940164611612	-6.6791231196372429224084	-18.0124351846461365767027	6.9063703704016630169349	53653.703892	53663.906900	0.245462	1.000000
-7.3317720990447439177728	-7.0498598047624385642962	1.0017143284559033578063	-6.6378521722351280232033	-18.0583084711400623234567	6.8856835979668273850507	53654.835806	53665.038814	0.245462	1.000000
-7.3317720990447439177728	-7.0498598047624385642962	1.0017143284559033578063	-6.6378521722351280232033	-18.0583084711400623234567	6.8856835979668273850507	53654.835806	53665.038814	0.245462	1.000000
-7.3317720990447439177728	-7.0498598047624385642962	1.0017143284559033578063	-6.6378521722351280232033	-18.0583084711400623234567	6.8856835979668273850507	53654.835806	53665.038814	0.245462	1.000000
-7.3317720990447439177728	-7.0498598047624385642962	1.0017143284559033578063	-6.6378521722351280232033	-18.0583084711400623234567	6.8856835979668273850507	53654.835806	53665.038814	0.245462	1.000000
-7.3317720990447439177728	-7.0498598047624385642962	1.0017143284559033578063	-6.6378521722351280232033	-18.0583084711400623234567	6.8856835979668273850507	53654.835806	53665.038814	0.245462	1.000000
-7.3190969356055788352933	-7.0166691426971397049783	1.0129905312117339910571	-6.5434476985858918141048	-18.0772933365400731986483	6.8738894860049066792840	53654.378425	53664.581433	0.245462	1.000000
-7.3190969356055788352933	-7.0166691426971397049783	1.0129905312117339910571	-6.5434476985858918141048	-18.0772933365400731986483	6.8738894860049066792840	53654.378425	53664.581433	0.245462	1.000000
-7.3190969356055788352933	-7.0166691426971397049783	1.0129905312117339910571	-6.5434476985858918141048	-18.0772933365400731986483	6.8738894860049066792840	53654.378425	53664.581433	0.245462	1.000000
-7.3190969356055788352933	-7.0166691426971397049783	1.0129905312117339910571	-6.5434476985858918141048	-18.0772933365400731986483	6.8738894860049066792840	53654.378425	53664.581433	0.245462	1.000000
-7.3190969356055788352933	-7.0166691426971397049783	1.0129905312117339910571	-6.5434476985858918141048	-18.0772933365400731986483	6.8738894860049066792840	53654.378425	53664.581433	0.245462	1.000000
-7.3190969356055788352933	-7.0166691426971397049783	1.0129905312117339910571	-6.5434476985858918141048	-18.0772933365400731986483	6.8738894860049066792840	53654.378425	53664.581433	0.245462	1.000000
-7.3612785981344037722351	-7.0892043257736512273937	1.0073104400231964739021	-6.5791997617775663798056	-18.0375543738852783803850	6.8918099565023718255929	53654.828344	53665.031352	0.245462	1.000000
-7.3612785981344037722351	-7.0892043257736512273937	1.0073104400231964739021	-6.5791997617775663798056	-18.0375543738852783803850	6.8918099565023718255929	53654.828344	53665.031352	0.245462	1.000000
-7.3612785981344037722351	-7.0892043257736512273937	1.0073104400231964739021	-6.5791997617775663798056	-18.0375543738852783803850	6.8918099565023718255929	53654.828344	53665.031352	0.245462	1.000000
-7.3612785981344037722351	-7.0892043257736512273937	1.0073104400231964739021	-6.5791997617775663798056	-18.0375543738852783803850	6.8918099565023718255929	53654.828344	53665.031352	0.245462	1.000000
-7.4194847523344851225602	-7.1892950713244569982407	0.9994725255416463394198	-6.6285337609219485699441	-17.9827188825990909037955	6.9165382769757695058388	53654.363561	53664.566570	0.245462	1.000000
-7.4194847523344851225602	-7.1892950713244569982407	0.9994725255416463394198	-6.6285337609219485699441	-17.9827188825990909037955	6.9165382769757695058388	53654.363561	53664.566570	0.245462	1.000000
-7.4194847523344851225602	-7.1892950713244569982407	0.9994725255416463394198	-6.6285337609219485699441	-17.9827188825990909037955	6.9165382769757695058388	53654.363561	53664.566570	0.245462	1.000000
-7.4194847523344851225602	-7.1892950713244569982407	0.9994725255416463394198	-6.6285337609219485699441	-17.9827188825990909037955	6.9165382769757695058388	53654.363561	53664.566570	0.245462	1.000000
-7.4194847523344851225602	-7.1892950713244569982407	0.9994725255416463394198	-6.6285337609219485699441	-17.9827188825990909037955	6.9165382769757695058388	53654.363561	53664.566570	0.245462	1.000000
-7.4194847523344851225602	-7.1892950713244569982407	0.9994725255416463394198	-6.6285337609219485699441	-17.9827188825990909037955	6.9165382769757695058388	53654.363561	53664.566570	0.245462	1.000000
-7.4328969800873592177481	-7.1523105474821528915186	1.0092464883516845119971	-6.6277268161749551822481	-17.9541475535093937310194	6.9760178036514908228582	53655.495600	53665.698608	0.245462	1.000000
-7.4328969800873592177481	-7.1523105474821528915186	1.0092464883516845119971	-6.6277268161749551822481	-17.9541475535093937310194	6.9760178036514908228582	53655.495600	53665.698608	0.245462	1.000000
-7.4266081280767082262173	-7.1455666593441735656711	1.0066628462465863069752	-6.6523909430265302233920	-17.9575387119473788288815	6.9756466690545222419928	53655.459343	53665.662351	0.245462	1.000000
-7.4266081280767082262173	-7.1455666593441735656711	1.0066628462465863069752	-6.6523909430265302233920	-17.9575387119473788288815	6.9756466690545222419928	53655.459343	53665.662351	0.245462	1.000000
-7.4266081280767082262173	-7.1455666593441735656711	1.0066628462465863069752	-6.6523909430265302233920	-17.9575387119473788288815	6.9756466690545222419928	53655.459343	53665.662351	0.245462	1.000000
-7.4266081280767082262173	-7.1455666593441735656711	1.0066628462465863069752	-6.6523909430265302233920	-17.9575387119473788288815	6.9756466690545222419928	53655.459343	53665.662351	0.245462	1.000000
-7.4266081280767082262173	-7.1455666593441735656711	1.0066628462465863069752	-6.6523909430265302233920	-17.9575387119473788288815	6.9756466690545222419928	53655.459343	53665.662351	0.245462	1.000000
-7.4712946289256736420725	-7.2224091384170039376045	1.0006454589625899398442	-6.6902660410285417214027	-17.9154399637722221427794	6.9946312958352141464502	53654.730889	53664.933897	0.245462	1.000000
-7.4560223272423664653274	-7.2060592924150830285157	0.9943774790683910236311	-6.7500995167467756630231	-17.9237004651810032385129	6.9937184293696876835611	53653.359945	53663.562953	0.245462	1.000000
-7.4560223272423664653274	-7.2060592924150830285157	0.9943774790683910236311	-6.7500995167467756630231	-17.9237004651810032385129	6.9937184293696876835611	53653.359945	53663.562953	0.245462	1.000000
-7.5068078286197472692720	-7.1902127892749128079686	1.0115097189201947003312	-6.7571494791406747637552	-17.9467320365586999741936	6.9807569875582204943498	53656.198875	53666.401884	0.245462	1.000000
-7.4904308901608365189873	-7.1620511626785665626471	1.0137150019332128447758	-6.7432688185984535067519	-17.9621606021201891678629	6.9737994039804949153449	53656.356967	53666.559975	0.245462	1.000000
-7.4705510634613840892371	-7.1682542270901592473820	1.0070086398812472250341	-6.7405091327269497369912	-17.9531449650744434620719	6.9788731201002249804333	53655.725995	53665.929003	0.245462	1.000000
-7.4705510634613840892371	-7.1682542270901592473820	1.0070086398812472250341	-6.7405091327269497369912	-17.9531449650744434620719	6.9788731201002249804333	53655.725995	53665.929003	0.245462	1.000000
-7.4705510634613840892371	-7.1682542270901592473820	1.0070086398812472250341	-6.7405091327269497369912	-17.9531449650744434620719	6.9788731201002249804333	53655.725995	53665.929003	0.245462	1.000000
-7.4705510634613840892371	-7.1682542270901592473820	1.0070086398812472250341	-6.7405091327269497369912	-17.9531449650744434620719	6.9788731201002249804333	53655.725995	53665.929003	0.245462	1.000000
-7.4705510634613840892371	-7.1682542270901592473820	1.0070086398812472250341	-6.7405091327269497369912	-17.9531449650744434620719	6.9788731201002249804333	53655.725995	53665.929003	0.245462	1.000000
-7.4655707233223580487902	-7.1808016483650538575034	1.0145101870722286196980	-6.7402666538790327876995	-17.9784114088271387288387	6.9986990718609201067579	53656.404982	53666.607991	0.245462	1.000000
-7.4655707233223580487902	-7.1808016483650538575034	1.0145101870722286196980	-6.7402666538790327876995	-17.9784114088271387288387	6.9986990718609201067579	53656.404982	53666.607991	0.245462	1.000000
-7.4655707233223580487902	-7.1808016483650538575034	1.0145101870722286196980	-6.7402666538790327876995	-17.9784114088271387288387	6.9986990718609201067579	53656.404982	53666.607991	0.245462	1.000000
-7.4655707233223580487902	-7.1808016483650538575034	1.0145101870722286196980	-6.7402666538790327876995	-17.9784114088271387288387	6.9986990718609201067579	53656.404982	53666.607991	0.245462	1.000000
-7.4653787335514012468707	-7.1813310645360486361710	1.0143702773632812252913	-6.7402782049158931343413	-17.9788203940478581444040	6.9978476502392847891088	53656.397038	53666.600047	0.245462	1.000000
-7.4653787335514012468707	-7.1813310645360486361710	1.0143702773632812252913	-6.7402782049158931343413	-17.9788203940478581444040	6.9978476502392847891088	53656.397038	53666.600047	0.245462	1.000000
-7.4653787335514012468707	-7.1813310645360486361710	1.0143702773632812252913	-6.7402782049158931343413	-17.9788203940478581444040	6.9978476502392847891088	53656.397038	53666.600047	0.245462	1.000000
-7.4653787335514012468707	-7.1813310645360486361710	1.0143702773632812252913	-6.7402782049158931343413	-17.9788203940478581444040	6.9978476502392847891088	53656.397038	53666.600047	0.245462	1.000000
-7.4653787335514012468707	-7.1813310645360486361710	1.0143702773632812252913	-6.7402782049158931343413	-17.9788203940478581444040	6.9978476502392847891088	53656.397038	53666.600047	0.245462	1.000000
-7.4731601565880652060514	-7.1789030419461132837000	1.0169953022667834741100	-6.7413584096651160137981	-17.9823493224866517437022	6.9958616806384208430813	53656.517967	53666.720975	0.245462	1.000000
-7.4731601565880652060514	-7.1789030419461132837000	1.0169953022667834741100	-6.7413584096651160137981	-17.9823493224866517437022	6.9958616806384208430813	53656.517967	53666.720975	0.245462	1.000000
-7.4731601565880652060514	-7.1789030419461132837000	1.0169953022667834741100	-6.7413584096651160137981	-17.9823493224866517437022	6.9958616806384208430813	53656.517967	53666.720975	0.249357	1.000000
-7.4731601565880652060514	-7.1789030419461132837000	1.0169953022667834741100	-6.7413584096651160137981	-17.9823493224866517437022	6.9958616806384208430813	53656.517967	53666.720975	0.249357	1.000000
-7.4731601565880652060514	-7.1789030419461132837000	1.0169953022667834741100	-6.7413584096651160137981	-17.9823493224866517437022	6.9958616806384208430813	53656.517967	53666.720975	0.249357	1.000000
-7.4731601565880652060514	-7.1789030419461132837000	1.0169953022667834741100	-6.7413584096651160137981	-17.9823493224866517437022	6.9958616806384208430813	53656.517967	53666.720975	0.249357	1.000000
-7.4731601565880652060514	-7.1789030419461132837000	1.0169953022667834741100	-6.7413584096651160137981	-17.9823493224866517437022	6.9958616806384208430813	53656.517967	53666.720975	0.249357	1.000000
-7.4731601565880652060514	-7.1789030419461132837000	1.0169953022667834741100	-6.7413584096651160137981	-17.9823493224866517437022	6.9958616806384208430813	53656.517967	53666.720975	0.249357	1.000000
-7.5148334121291622267336	-7.1558445083545425546845	1.0308784647333375517064	-6.7715472398881439985985	-18.0070731097653506935785	6.9850703083877352383979	53656.299902	53666.502911	0.249357	1.000000
-7.5148334121291622267336	-7.1558445083545425546845	1.0308784647333375517064	-6.7715472398881439985985	-18.0070731097653506935785	6.9850703083877352383979	53656.299902	53666.502911	0.249357	1.000000
-7.5148334121291622267336	-7.1558445083545425546845	1.0308784647333375517064	-6.7715472398881439985985	-18.0070731097653506935785	6.9850703083877352383979	53656.299902	53666.502911	0.249357	1.000000
-7.4313419371360538434601	-7.0194301382916455267491	1.0424412969702470110889	-6.6912775743509129711128	-18.0913802438364506031121	6.9376089472078579234449	53654.141935	53664.344944	0.249357	1.000000
-7.3574923345000717844755	-6.7419340034694039687224	1.0324825365894731987737	-6.7164033857598139931611	-17.5049015551443076788019	6.4065394503436339235236	53655.968743	53666.171751	0.249357	1.000000
-7.3574923345000717844755	-6.7419340034694039687224	1.0324825365894731987737	-6.7164033857598139931611	-17.5049015551443076788019	6.4065394503436339235236	53655.968743	53666.171751	0.249357	1.000000
-7.3547799154120472309160	-6.7495456563691638152136	1.0302930931748564002959	-6.7184057285038116802411	-17.5105901208913579125692	6.3956183173155878307625	53656.194923	53666.397932	0.249357	1.000000
-7.5138863745647483938228	-6.5851132367936120459717	1.0240794444511256422459	-7.4889150273848965611023	-17.1583767846446555438433	6.1957518734668557414125	53656.607775	53666.810783	0.249357	1.000000
-7.5138863745647483938228	-6.5851132367936120459717	1.0240794444511256422459	-7.4889150273848965611023	-17.1583767846446555438433	6.1957518734668557414125	53656.607775	53666.810783	0.249357	1.000000
-7.5138863745647483938228	-6.5851132367936120459717	1.0240794444511256422459	-7.4889150273848965611023	-17.1583767846446555438433	6.1957518734668557414125	53656.607775	53666.810783	0.249357	1.000000
-7.5138863745647483938228	-6.5851132367936120459717	1.0240794444511256422459	-7.4889150273848965611023	-17.1583767846446555438433	6.1957518734668557414125	53656.607775	53666.810783	0.249357	1.000000
-7.5138863745647483938228	-6.5851132367936120459717	1.0240794444511256422459	-7.4889150273848965611023	-17.1583767846446555438433	6.1957518734668557414125	53656.607775	53666.810783	0.249357	1.000000
-7.5138863745647483938228	-6.5851132367936120459717	1.0240794444511256422459	-7.4889150273848965611023	-17.1583767846446555438433	6.1957518734668557414125	53656.607775	53666.810783	0.249357	1.000000
-7.5138863745647483938228	-6.5851132367936120459717	1.0240794444511256422459	-7.4889150273848965611023	-17.1583767846446555438433	6.1957518734668557414125	53656.607775	53666.810783	0.249357	1.000000
-7.5138863745647483938228	-6.5851132367936120459717	1.0240794444511256422459	-7.4889150273848965611023	-17.1583767846446555438433	6.1957518734668557414125	53656.607775	53666.810783	0.249357	1.000000
-7.5138863745647483938228	-6.5851132367936120459717	1.0240794444511256422459	-7.4889150273848965611023	-17.1583767846446555438433	6.1957518734668557414125	53656.607775	53666.810783	0.249357	1.000000
-7.5138863745647483938228	-6.5851132367936120459717	1.0240794444511256422459	-7.4889150273848965611023	-17.1583767846446555438433	6.1957518734668557414125	53656.607775	53666.810783	0.249357	1.000000
-7.5138863745647483938228	-6.5851132367936120459717	1.0240794444511256422459	-7.4889150273848965611023	-17.1583767846446555438433	6.1957518734668557414125	53656.607775	53666.810783	0.249357	1.000000
-7.5138863745647483938228	-6.5851132367936120459717	1.0240794444511256422459	-7.4889150273848965611023	-17.1583767846446555438433	6.1957518734668557414125	53656.607775	53666.810783	0.249357	1.000000
-7.5138863745647483938228	-6.5851132367936120459717	1.0240794444511256422459	-7.4889150273848965611023	-17.1583767846446555438433	6.1957518734668557414125	53656.607775	53666.810783	0.249357	1.000000
-7.5229347357950642205537	-6.5970031165709350773341	1.0272608861844332306390	-7.4570561566599380398657	-17.1543903738513385803799	6.1932359957705003239425	53656.622670	53666.825678	0.249357	1.000000
-7.5789059168498766894118	-6.6455218129215429812007	1.0604098610661021329094	-7.5072280366111723282074	-17.0970698606893769522230	6.2168568386379448043044	53651.866336	53662.069345	0.249357	1.000000
-7.5789059168498766894118	-6.6455218129215429812007	1.0604098610661021329094	-7.5072280366111723282074	-17.0970698606893769522230	6.2168568386379448043044	53651.866336	53662.069345	0.249357	1.000000
-7.4375570394350729586108	-6.5291756023181584112081	1.0113970184134106755636	-7.8471517878606045215406	-17.1209255837425402546614	6.2554489858271509206133	53655.649402	53665.852410	0.249357	1.000000
-7.3987645243359008162543	-6.4657936042058263836907	1.0167694393004116371060	-7.8098562171138237175683	-17.1600970772595857738452	6.2333970868716033209012	53656.289884	53666.492892	0.249357	1.000000
-7.3987645243359008162543	-6.4657936042058263836907	1.0167694393004116371060	-7.8098562171138237175683	-17.1600970772595857738452	6.2333970868716033209012	53656.289884	53666.492892	0.249357	1.000000
-7.3987645243359008162543	-6.4657936042058263836907	1.0167694393004116371060	-7.8098562171138237175683	-17.1600970772595857738452	6.2333970868716033209012	53656.289884	53666.492892	0.249357	1.000000
-7.3594122222401789912283	-6.4644968400087865489922	1.0239531919248272551215	-7.8189969080269232648561	-17.1778744732524835114873	6.2042208366635023253366	53656.646791	53666.849800	0.249357	1.000000
-7.3594122222401789912283	-6.4644968400087865489922	1.0239531919248272551215	-7.8189969080269232648561	-17.1778744732524835114873	6.2042208366635023253366	53656.646791	53666.849800	0.249357	1.000000
-7.3761317090756683967356	-6.4593516204437690930718	1.0295637677982647506525	-7.8217740166909051069410	-17.1855205317524344366120	6.1998493040517450580751	53656.619299	53666.822307	0.249357	1.000000
-7.4101142713411212170627	-6.5040059583483937899473	1.0415121791231591874549	-7.7021229516460421038460	-17.1705489308678806992248	6.1904005245111770605604	53655.673909	53665.876917	0.249357	1.000000
-7.4051028779559695536250	-6.4974208029429387778464	1.0397501522045027311236	-7.7197678411399035525164	-17.1727567862100372053646	6.1917939318392498648791	53655.886130	53666.089139	0.249357	1.000000
-7.4027380252398709004069	-6.5040571070868908876150	1.0378412616393759559941	-7.7215136059067157603408	-17.1777164254549497002245	6.1822722206780698073203	53656.084072	53666.287080	0.249357	1.000000
-7.4027380252398709004069	-6.5040571070868908876150	1.0378412616393759559941	-7.7215136059067157603408	-17.1777164254549497002245	6.1822722206780698073203	53656.084072	53666.287080	0.249357	1.000000
-7.4027380252398709004069	-6.5040571070868908876150	1.0378412616393759559941	-7.7215136059067157603408	-17.1777164254549497002245	6.1822722206780698073203	53656.084072	53666.287080	0.249357	1.000000
-7.4027380252398709004069	-6.5040571070868908876150	1.0378412616393759559941	-7.7215136059067157603408	-17.1777164254549497002245	6.1822722206780698073203	53656.084072	53666.287080	0.249357	1.000000
-7.4027380252398709004069	-6.5040571070868908876150	1.0378412616393759559941	-7.7215136059067157603408	-17.1777164254549497002245	6.1822722206780698073203	53656.084072	53666.287080	0.249357	1.000000
-7.4027380252398709004069	-6.5040571070868908876150	1.0378412616393759559941	-7.7215136059067157603408	-17.1777164254549497002245	6.1822722206780698073203	53656.084072	53666.287080	0.249357	1.000000
-7.4027380252398709004069	-6.5040571070868908876150	1.0378412616393759559941	-7.7215136059067157603408	-17.1777164254549497002245	6.1822722206780698073203	53656.084072	53666.287080	0.249357	1.000000
-7.4027380252398709004069	-6.5040571070868908876150	1.0378412616393759559941	-7.7215136059067157603408	-17.1777164254549497002245	6.1822722206780698073203	53656.084072	53666.287080	0.249357	1.000000
-7.4027380252398709004069	-6.5040571070868908876150	1.0378412616393759559941	-7.7215136059067157603408	-17.1777164254549497002245	6.1822722206780698073203	53656.084072	53666.287080	0.249357	1.000000
-7.4027380252398709004069	-6.5040571070868908876150	1.0378412616393759559941	-7.7215136059067157603408	-17.1777164254549497002245	6.1822722206780698073203	53656.084072	53666.287080	0.249357	1.000000
-7.4196911299063694755773	-6.5263341107570909116475	1.0438020442962869793746	-7.6618224909955330304001	-17.1702474443099077916486	6.1775584457934504811760	53655.357410	53665.560419	0.249357	1.000000
-7.4196911299063694755773	-6.5263341107570909116475	1.0438020442962869793746	-7.6618224909955330304001	-17.1702474443099077916486	6.1775584457934504811760	53655.357410	53665.560419	0.249357	1.000000
-7.3500629824792795830035	-6.5477613297825785210193	1.0204368532524232815462	-7.6502572477928341143638	-17.1384055047989001252517	6.1957636526977495350366	53656.482074	53666.685083	0.249357	1.000000
-7.3500629824792795830035	-6.5477613297825785210193	1.0204368532524232815462	-7.6502572477928341143638	-17.1384055047989001252517	6.1957636526977495350366	53656.482074	53666.685083	0.249357	1.000000
-7.3500629824792795830035	-6.5477613297825785210193	1.0204368532524232815462	-7.6502572477928341143638	-17.1384055047989001252517	6.1957636526977495350366	53656.482074	53666.685083	0.249357	1.000000
-7.3500629824792795830035	-6.5477613297825785210193	1.0204368532524232815462	-7.6502572477928341143638	-17.1384055047989001252517	6.1957636526977495350366	53656.482074	53666.685083	0.249357	1.000000
-7.3500629824792795830035	-6.5477613297825785210193	1.0204368532524232815462	-7.6502572477928341143638	-17.1384055047989001252517	6.1957636526977495350366	53656.482074	53666.685083	0.249357	1.000000
-7.1814981969508080439368	-6.2723480731051539649457	1.0437815879846483735349	-7.4881971218118001942798	-17.3086170620194188529695	6.0999417239459132744628	53654.985299	53665.188308	0.249357	1.000000
-7.2466966640895487117291	-6.3788740127239229593670	1.0347521758477669084897	-7.5508796789375285385404	-17.2427816469575851954232	6.1370042862913685155490	53656.308665	53666.511673	0.249357	1.000000
-7.2357419915251099951092	-6.3822451805212061515249	1.0310761047939003276497	-7.5490601065792901636087	-17.2377719197991119415292	6.1398685313987551026571	53656.532698	53666.735706	0.249357	1.000000
-7.2191423518195758646243	-6.3604326428227313527941	1.0252396018987548487189	-7.6075066873466079542254	-17.2450851758907894861750	6.1444840260988087266014	53656.620489	53666.823497	0.249357	1.000000
-7.2191423518195758646243	-6.3604326428227313527941	1.0252396018987548487189	-7.6075066873466079542254	-17.2450851758907894861750	6.1444840260988087266014	53656.620489	53666.823497	0.249357	1.000000
-7.2191423518195758646243	-6.3604326428227313527941	1.0252396018987548487189	-7.6075066873466079542254	-17.2450851758907894861750	6.1444840260988087266014	53656.620489	53666.823497	0.249357	1.000000
-7.2191423518195758646243	-6.3604326428227313527941	1.0252396018987548487189	-7.6075066873466079542254	-17.2450851758907894861750	6.1444840260988087266014	53656.620489	53666.823497	0.249357	1.000000
-7.2191423518195758646243	-6.3604326428227313527941	1.0252396018987548487189	-7.6075066873466079542254	-17.2450851758907894861750	6.1444840260988087266014	53656.620489	53666.823497	0.249357	1.000000
-7.2191423518195758646243	-6.3604326428227313527941	1.0252396018987548487189	-7.6075066873466079542254	-17.2450851758907894861750	6.1444840260988087266014	53656.620489	53666.823497	0.249357	1.000000
-7.0889009048644764376945	-6.1775286503952449024268	1.0369098874746391913959	-7.4937341269179622571528	-17.3839205469036599538413	6.0471663649486373515174	53655.184185	53665.387193	0.249357	1.000000
-7.0889009048644764376945	-6.1775286503952449024268	1.0369098874746391913959	-7.4937341269179622571528	-17.3839205469036599538413	6.0471663649486373515174	53655.184185	53665.387193	0.249357	1.000000
-7.0889009048644764376945	-6.1775286503952449024268	1.0369098874746391913959	-7.4937341269179622571528	-17.3839205469036599538413	6.0471663649486373515174	53655.184185	53665.387193	0.249357	1.000000
-7.0889009048644764376945	-6.1775286503952449024268	1.0369098874746391913959	-7.4937341269179622571528	-17.3839205469036599538413	6.0471663649486373515174	53655.184185	53665.387193	0.249357	1.000000
-7.0493811294081423213242	-6.1129584020633291885360	1.0423830275009668966391	-7.4557393596887537867701	-17.4238264056530951506829	6.0247010493360484417735	53653.781710	53663.984718	0.249357	1.000000
-7.0095289560680740237331	-6.2247924885084806589930	1.0102146657375501437315	-7.4851587478918251150617	-17.5074055653813012156661	5.8642424799265029378148	53655.025661	53665.228669	0.249357	1.000000
-6.9486361108691063748211	-6.1253013833406741994736	1.0186477872451276116550	-7.4266156652820747297028	-17.5688932952912573171034	5.8296274809760459945096	53654.835841	53665.038849	0.249357	1.000000
-6.9486361108691063748211	-6.1253013833406741994736	1.0186477872451276116550	-7.4266156652820747297028	-17.5688932952912573171034	5.8296274809760459945096	53654.835841	53665.038849	0.249357	1.000000
-6.9486361108691063748211	-6.1253013833406741994736	1.0186477872451276116550	-7.4266156652820747297028	-17.5688932952912573171034	5.8296274809760459945096	53654.835841	53665.038849	0.249357	1.000000
-6.9486361108691063748211	-6.1253013833406741994736	1.0186477872451276116550	-7.4266156652820747297028	-17.5688932952912573171034	5.8296274809760459945096	53654.835841	53665.038849	0.249357	1.000000
-6.9486361108691063748211	-6.1253013833406741994736	1.0186477872451276116550	-7.4266156652820747297028	-17.5688932952912573171034	5.8296274809760459945096	53654.835841	53665.038849	0.249357	1.000000
-6.9486361108691063748211	-6.1253013833406741994736	1.0186477872451276116550	-7.4266156652820747297028	-17.5688932952912573171034	5.8296274809760459945096	53654.835841	53665.038849	0.249357	1.000000
-6.9486361108691063748211	-6.1253013833406741994736	1.0186477872451276116550	-7.4266156652820747297028	-17.5688932952912573171034	5.8296274809760459945096	53654.835841	53665.038849	0.249357	1.000000
-6.9442303400804732405049	-6.1366673515075014222475	1.0260140552259708890404	-7.4258792697098465751537	-17.5922170872662846363710	5.8491804414299251035914	53655.082902	53665.285910	0.249357	1.000000
-6.9149330687709822385045	-6.1456832319006275966444	1.0161827389192004122975	-7.4210129896149394923555	-17.5788190295073682989369	5.8568406033849615965892	53654.787092	53664.990101	0.249357	1.000000
-6.9808941454606046050912	-6.2323585150662434983815	1.0393749299483547865464	-7.1887670213513077399625	-17.5497587454005312679328	5.8385002655661049075775	53655.130633	53665.333641	0.249357	1.000000
-6.9808941454606046050912	-6.2323585150662434983815	1.0393749299483547865464	-7.1887670213513077399625	-17.5497587454005312679328	5.8385002655661049075775	53655.130633	53665.333641	0.249357	1.000000
-6.9808941454606046050912	-6.2323585150662434983815	1.0393749299483547865464	-7.1887670213513077399625	-17.5497587454005312679328	5.8385002655661049075775	53655.130633	53665.333641	0.249357	1.000000
-6.8942941673646211953042	-6.3553238663749631598421	1.0397914726316122013827	-6.8293205855198344522705	-17.4423029845277035576601	5.2776161427740859721780	53655.206557	53665.409565	0.249357	1.000000
-6.8942941673646211953042	-6.3553238663749631598421	1.0397914726316122013827	-6.8293205855198344522705	-17.4423029845277035576601	5.2776161427740859721780	53655.206557	53665.409565	0.249357	1.000000
-6.9249789584618337556776	-6.4054588825353953041031	1.0355418999451677652957	-6.8588212970434527804287	-17.4113184223650421245111	5.2950591446268395756647	53656.062153	53666.265161	0.249357	1.000000
-6.9249789584618337556776	-6.4054588825353953041031	1.0355418999451677652957	-6.8588212970434527804287	-17.4113184223650421245111	5.2950591446268395756647	53656.062153	53666.265161	0.249357	1.000000
-6.9249789584618337556776	-6.4054588825353953041031	1.0355418999451677652957	-6.8588212970434527804287	-17.4113184223650421245111	5.2950591446268395756647	53656.062153	53666.265161	0.249357	1.000000
-6.9249789584618337556776	-6.4054588825353953041031	1.0355418999451677652957	-6.8588212970434527804287	-17.4113184223650421245111	5.2950591446268395756647	53656.062153	53666.265161	0.249357	1.000000
-6.9249789584618337556776	-6.4054588825353953041031	1.0355418999451677652957	-6.8588212970434527804287	-17.4113184223650421245111	5.2950591446268395756647	53656.062153	53666.265161	0.249357	1.000000
-7.0079017288491796122685	-6.5409440621563534890015	1.0240578282757215600185	-6.9385442034235627062344	-17.3275855487851941916233	5.3421972213671855556072	53657.017724	53667.220732	0.249357	1.000000
-7.0840878086040532934931	-6.6654223526426639168108	1.0135067287884251818753	-7.0117903778506072143273	-17.2506551790585191952232	5.3855057753054582647678	53656.412922	53666.615930	0.249357	1.000000
-6.9928154812963265740677	-6.5162950670738579717067	1.0261471403827662207675	-6.9240401112946425854489	-17.3428191794663320024483	5.3336213297086167983707	53656.977888	53667.180897	0.249357	1.000000
-6.9928154812963265740677	-6.5162950670738579717067	1.0261471403827662207675	-6.9240401112946425854489	-17.3428191794663320024483	5.3336213297086167983707	53656.977888	53667.180897	0.249357	1.000000
-6.9928154812963265740677	-6.5162950670738579717067	1.0261471403827662207675	-6.9240401112946425854489	-17.3428191794663320024483	5.3336213297086167983707	53656.977888	53667.180897	0.249357	1.000000
-6.9928154812963265740677	-6.5162950670738579717067	1.0261471403827662207675	-6.9240401112946425854489	-17.3428191794663320024483	5.3336213297086167983707	53656.977888	53667.180897	0.249357	1.000000
-6.9928154812963265740677	-6.5162950670738579717067	1.0261471403827662207675	-6.9240401112946425854489	-17.3428191794663320024483	5.3336213297086167983707	53656.977888	53667.180897	0.249357	1.000000
-6.9928154812963265740677	-6.5162950670738579717067	1.0261471403827662207675	-6.9240401112946425854489	-17.3428191794663320024483	5.3336213297086167983707	53656.977888	53667.180897	0.249357	1.000000
-6.9928154812963265740677	-6.5162950670738579717067	1.0261471403827662207675	-6.9240401112946425854489	-17.3428191794663320024483	5.3336213297086167983707	53656.977888	53667.180897	0.249357	1.000000
-6.9822870628599282838422	-6.5458401573127158457055	1.0176486835942581965497	-6.9318123255350476696890	-17.3648996908269630523591	5.2912302925615648518942	53656.881104	53667.084112	0.249357	1.000000
-7.0431372734499042564948	-6.5271142420293353225702	1.0380682530935461116428	-6.9419195524312602429973	-17.3927273553051406906889	5.2753201942048528749751	53656.117429	53666.320437	0.249357	1.000000
-7.0431372734499042564948	-6.5271142420293353225702	1.0380682530935461116428	-6.9419195524312602429973	-17.3927273553051406906889	5.2753201942048528749751	53656.117429	53666.320437	0.253867	1.000000
-7.0431372734499042564948	-6.5271142420293353225702	1.0380682530935461116428	-6.9419195524312602429973	-17.3927273553051406906889	5.2753201942048528749751	53656.117429	53666.320437	0.253867	1.000000
-7.0508307803762226839694	-6.4719983740291509022313	0.9973667020427248175451	-6.9366816656621139713934	-17.3674558985774680763825	5.3661774338002121709224	53654.010782	53664.213790	0.253867	1.000000
-7.0508307803762226839694	-6.4719983740291509022313	0.9973667020427248175451	-6.9366816656621139713934	-17.3674558985774680763825	5.3661774338002121709224	53654.010782	53664.213790	0.253867	1.000000
-7.2007896517791118995433	-6.4280314172611401346558	1.0480880765205460303235	-6.9592097951876876749111	-17.4375757282002510351049	5.3259821912251910092095	53654.530919	53664.733927	0.253867	1.000000
-7.2007896517791118995433	-6.4280314172611401346558	1.0480880765205460303235	-6.9592097951876876749111	-17.4375757282002510351049	5.3259821912251910092095	53654.530919	53664.733927	0.253867	1.000000
-7.1889370922614252990002	-6.4628416960713579442199	1.0352444989535507513523	-6.9672819047582947860064	-17.4584464705159732034190	5.2684121952262854549076	53656.469487	53666.672495	0.253867	1.000000
-7.1889370922614252990002	-6.4628416960713579442199	1.0352444989535507513523	-6.9672819047582947860064	-17.4584464705159732034190	5.2684121952262854549076	53656.469487	53666.672495	0.253867	1.000000
-7.1231893449724177358462	-6.3752451717860738611421	1.0233829335399646787153	-7.1116952735046092826110	-17.5069046698319432664448	5.2694447420613546029244	53656.810498	53667.013507	0.253867	1.000000
-7.1231893449724177358462	-6.3752451717860738611421	1.0233829335399646787153	-7.1116952735046092826110	-17.5069046698319432664448	5.2694447420613546029244	53656.810498	53667.013507	0.253867	1.000000
-7.1231893449724177358462	-6.3752451717860738611421	1.0233829335399646787153	-7.1116952735046092826110	-17.5069046698319432664448	5.2694447420613546029244	53656.810498	53667.013507	0.253867	1.000000
-7.1231893449724177358462	-6.3752451717860738611421	1.0233829335399646787153	-7.1116952735046092826110	-17.5069046698319432664448	5.2694447420613546029244	53656.810498	53667.013507	0.253867	1.000000
-7.1231893449724177358462	-6.3752451717860738611421	1.0233829335399646787153	-7.1116952735046092826110	-17.5069046698319432664448	5.2694447420613546029244	53656.810498	53667.013507	0.253867	1.000000
-7.1231893449724177358462	-6.3752451717860738611421	1.0233829335399646787153	-7.1116952735046092826110	-17.5069046698319432664448	5.2694447420613546029244	53656.810498	53667.013507	0.253867	1.000000
-7.1231893449724177358462	-6.3752451717860738611421	1.0233829335399646787153	-7.1116952735046092826110	-17.5069046698319432664448	5.2694447420613546029244	53656.810498	53667.013507	0.253867	1.000000
-7.1231893449724177358462	-6.3752451717860738611421	1.0233829335399646787153	-7.1116952735046092826110	-17.5069046698319432664448	5.2694447420613546029244	53656.810498	53667.013507	0.253867	1.000000
-7.1231893449724177358462	-6.3752451717860738611421	1.0233829335399646787153	-7.1116952735046092826110	-17.5069046698319432664448	5.2694447420613546029244	53656.810498	53667.013507	0.253867	1.000000
-7.1231893449724177358462	-6.3752451717860738611421	1.0233829335399646787153	-7.1116952735046092826110	-17.5069046698319432664448	5.2694447420613546029244	53656.810498	53667.013507	0.253867	1.000000
-7.0960436699971847218649	-6.3417085937051114186147	1.0144254834045536295406	-7.2092487004497929348190	-17.5229728498840877648490	5.2762571552013097786471	53656.190150	53666.393158	0.253867	1.000000
-7.0960436699971847218649	-6.3417085937051114186147	1.0144254834045536295406	-7.2092487004497929348190	-17.5229728498840877648490	5.2762571552013097786471	53656.190150	53666.393158	0.253867	1.000000
-7.1165644703825812200648	-6.3356920297302750100243	1.0213663411957270010788	-7.2123315140554558055896	-17.5325682476974087364852	5.2707567233721812627323	53656.613063	53666.816071	0.253867	1.000000
-7.1165644703825812200648	-6.3356920297302750100243	1.0213663411957270010788	-7.2123315140554558055896	-17.5325682476974087364852	5.2707567233721812627323	53656.613063	53666.816071	0.253867	1.000000
-7.1165644703825812200648	-6.3356920297302750100243	1.0213663411957270010788	-7.2123315140554558055896	-17.5325682476974087364852	5.2707567233721812627323	53656.613063	53666.816071	0.253867	1.000000
-7.1165644703825812200648	-6.3356920297302750100243	1.0213663411957270010788	-7.2123315140554558055896	-17.5325682476974087364852	5.2707567233721812627323	53656.613063	53666.816071	0.253867	1.000000
-7.1744283449991179679728	-7.8068839298258794201502	1.0353188958638090966247	-7.2886039878822579396456	-18.1814627433996349736844	5.4586991679586578385397	53656.135875	53666.338883	0.253867	1.000000
-7.1744283449991179679728	-7.8068839298258794201502	1.0353188958638090966247	-7.2886039878822579396456	-18.1814627433996349736844	5.4586991679586578385397	53656.135875	53666.338883	0.253867	1.000000
-7.1744283449991179679728	-7.8068839298258794201502	1.0353188958638090966247	-7.2886039878822579396456	-18.1814627433996349736844	5.4586991679586578385397	53656.135875	53666.338883	0.253867	1.000000
-7.2821757393932040614004	-7.9738399798912089622149	1.0186282625381983812929	-7.3894528482598680341198	-18.0669971819650925226597	5.5138347199053612257558	53656.107633	53666.310641	0.253867	1.000000
-7.2821757393932040614004	-7.9738399798912089622149	1.0186282625381983812929	-7.3894528482598680341198	-18.0669971819650925226597	5.5138347199053612257558	53656.107633	53666.310641	0.253867	1.000000
-7.2821757393932040614004	-7.9738399798912089622149	1.0186282625381983812929	-7.3894528482598680341198	-18.0669971819650925226597	5.5138347199053612257558	53656.107633	53666.310641	0.253867	1.000000
-7.2677038231986390570682	-7.9514155493209077718575	1.0208700378319841561847	-7.3759074974519949208229	-18.0823714378490514320674	5.5064292778378209902712	53656.255646	53666.458654	0.253867	1.000000
-7.2816864062258650491799	-7.9730817515067151646235	1.0187040627978338758197	-7.3889948446807691695426	-18.0675170255867669766303	5.5135843226273681949579	53656.113384	53666.316392	0.253867	1.000000
-7.2816864062258650491799	-7.9730817515067151646235	1.0187040627978338758197	-7.3889948446807691695426	-18.0675170255867669766303	5.5135843226273681949579	53656.113384	53666.316392	0.253867	1.000000
-7.2816864062258650491799	-7.9730817515067151646235	1.0187040627978338758197	-7.3889948446807691695426	-18.0675170255867669766303	5.5135843226273681949579	53656.113384	53666.316392	0.253867	1.000000
-7.2816864062258650491799	-7.9730817515067151646235	1.0187040627978338758197	-7.3889948446807691695426	-18.0675170255867669766303	5.5135843226273681949579	53656.113384	53666.316392	0.253867	1.000000
-7.1646462637151362429222	-7.7917264621044965977603	1.0368341912710938856890	-7.2794482049961999337029	-18.1918547480737693433639	5.4536935670918076368707	53656.017822	53666.220830	0.253867	1.000000
-7.1646462637151362429222	-7.7917264621044965977603	1.0368341912710938856890	-7.2794482049961999337029	-18.1918547480737693433639	5.4536935670918076368707	53656.017822	53666.220830	0.253867	1.000000
-7.1646462637151362429222	-7.7917264621044965977603	1.0368341912710938856890	-7.2794482049961999337029	-18.1918547480737693433639	5.4536935670918076368707	53656.017822	53666.220830	0.253867	1.000000
-7.1629789578228244550928	-7.7896666225796602489595	1.0362840185675423754219	-7.2854400030896080409093	-18.1928416666640835330782	5.4541119901584460549770	53656.063547	53666.266555	0.253867	1.000000
-7.1629789578228244550928	-7.7896666225796602489595	1.0362840185675423754219	-7.2854400030896080409093	-18.1928416666640835330782	5.4541119901584460549770	53656.063547	53666.266555	0.253867	1.000000
-7.1629789578228244550928	-7.7896666225796602489595	1.0362840185675423754219	-7.2854400030896080409093	-18.1928416666640835330782	5.4541119901584460549770	53656.063547	53666.266555	0.253867	1.000000
-7.1629789578228244550928	-7.7896666225796602489595	1.0362840185675423754219	-7.2854400030896080409093	-18.1928416666640835330782	5.4541119901584460549770	53656.063547	53666.266555	0.253867	1.000000
-7.1560229270576209970045	-7.7810729342995328394750	1.0339886879568080946257	-7.3104378946395822680415	-18.1969591091253803938343	5.4558576588673668439355	53656.226712	53666.429720	0.253867	1.000000
-7.1560229270576209970045	-7.7810729342995328394750	1.0339886879568080946257	-7.3104378946395822680415	-18.1969591091253803938343	5.4558576588673668439355	53656.226712	53666.429720	0.253867	1.000000
-7.1560229270576209970045	-7.7810729342995328394750	1.0339886879568080946257	-7.3104378946395822680415	-18.1969591091253803938343	5.4558576588673668439355	53656.226712	53666.429720	0.253867	1.000000
-7.1560229270576209970045	-7.7810729342995328394750	1.0339886879568080946257	-7.3104378946395822680415	-18.1969591091253803938343	5.4558576588673668439355	53656.226712	53666.429720	0.253867	1.000000
-7.1531130672569007700190	-7.7908080658886502689597	1.0382339096238530906646	-7.3099736586669994409249	-18.2127926607164667416328	5.4670711164669274495509	53655.876842	53666.079850	0.253867	1.000000
-7.1531130672569007700190	-7.7908080658886502689597	1.0382339096238530906646	-7.3099736586669994409249	-18.2127926607164667416328	5.4670711164669274495509	53655.876842	53666.079850	0.253867	1.000000
-7.2909631775751977400546	-8.0044086828616762829824	1.0168802086071724311012	-7.4389979066008420360845	-18.0663474463321129803717	5.5376105662703691834281	53655.942251	53666.145260	0.253867	1.000000
-7.2909631775751977400546	-8.0044086828616762829824	1.0168802086071724311012	-7.4389979066008420360845	-18.0663474463321129803717	5.5376105662703691834281	53655.942251	53666.145260	0.253867	1.000000
-7.2909631775751977400546	-8.0044086828616762829824	1.0168802086071724311012	-7.4389979066008420360845	-18.0663474463321129803717	5.5376105662703691834281	53655.942251	53666.145260	0.253867	1.000000
-7.2909631775751977400546	-8.0044086828616762829824	1.0168802086071724311012	-7.4389979066008420360845	-18.0663474463321129803717	5.5376105662703691834281	53655.942251	53666.145260	0.253867	1.000000
-7.2909631775751977400546	-8.0044086828616762829824	1.0168802086071724311012	-7.4389979066008420360845	-18.0663474463321129803717	5.5376105662703691834281	53655.942251	53666.145260	0.253867	1.000000
-7.2891043716757648596172	-8.0015284378909949936087	1.0171681473352074398520	-7.4372581108714399533710	-18.0683221507978046815879	5.5366593944132365123778	53655.968413	53666.171422	0.253867	1.000000
-7.3606733999582818483987	-8.0899469541874236000467	1.0407842851790947147350	-7.1800604549477515803346	-18.0259587159725604976757	5.5186986036378931075319	53655.587429	53665.790437	0.253867	1.000000
-7.3512205571033444329032	-8.0823447926980200861635	1.0268711267905996642469	-7.2277673138690960996655	-18.0893914058422602408882	5.5755186649490564576581	53656.454671	53666.657679	0.253867	1.000000
-7.3512205571033444329032	-8.0823447926980200861635	1.0268711267905996642469	-7.2277673138690960996655	-18.0893914058422602408882	5.5755186649490564576581	53656.454671	53666.657679	0.253867	1.000000
-7.3489523719059262063524	-8.0899331587629053075261	1.0301802033799833946404	-7.2274054499879349933167	-18.1017333844257564123836	5.5842593604742871704616	53656.392483	53666.595492	0.253867	1.000000
-7.3489523719059262063524	-8.0899331587629053075261	1.0301802033799833946404	-7.2274054499879349933167	-18.1017333844257564123836	5.5842593604742871704616	53656.392483	53666.595492	0.253867	1.000000
-7.3231976652673216321432	-8.0965699194560123430620	1.0215321724063013419936	-7.2253223422355787874949	-18.0899239889642622358679	5.5908450078957709905580	53656.369458	53666.572466	0.253867	1.000000
-7.3231976652673216321432	-8.0965699194560123430620	1.0215321724063013419936	-7.2253223422355787874949	-18.0899239889642622358679	5.5908450078957709905580	53656.369458	53666.572466	0.253867	1.000000
-7.3231976652673216321432	-8.0965699194560123430620	1.0215321724063013419936	-7.2253223422355787874949	-18.0899239889642622358679	5.5908450078957709905580	53656.369458	53666.572466	0.253867	1.000000
-7.3231976652673216321432	-8.0965699194560123430620	1.0215321724063013419936	-7.2253223422355787874949	-18.0899239889642622358679	5.5908450078957709905580	53656.369458	53666.572466	0.253867	1.000000
-7.3231976652673216321432	-8.0965699194560123430620	1.0215321724063013419936	-7.2253223422355787874949	-18.0899239889642622358679	5.5908450078957709905580	53656.369458	53666.572466	0.253867	1.000000
-7.3475506327286854713066	-8.1235000061953392958003	1.0283355542767897983225	-7.1403910436315474186131	-18.0721676393512140634812	5.5822512279549627578490	53656.507237	53666.710245	0.253867	1.000000
-7.3287574094635870025627	-8.1290100558982896217231	1.0219790239431265632675	-7.1375677617279267295203	-18.0633800457858342269901	5.5872885969404739725519	53656.473532	53666.676540	0.253867	1.000000
-7.3287574094635870025627	-8.1290100558982896217231	1.0219790239431265632675	-7.1375677617279267295203	-18.0633800457858342269901	5.5872885969404739725519	53656.473532	53666.676540	0.253867	1.000000
-7.2980660091008644485555	-8.1380085730268429955458	1.0115981108535365695644	-7.1329570318909771842186	-18.0490289390844722561269	5.5955151744747384512380	53655.657720	53665.860728	0.253867	1.000000
-7.2980660091008644485555	-8.1380085730268429955458	1.0115981108535365695644	-7.1329570318909771842186	-18.0490289390844722561269	5.5955151744747384512380	53655.657720	53665.860728	0.253867	1.000000
-7.3244382099941862662718	-8.0605549509154599263638	1.0401753483084772433642	-7.1149964137720571599743	-18.0025910867099199208496	5.7236096588471010448984	53655.693183	53665.896192	0.253867	1.000000
-7.1951487310193726898433	-7.9313674120451622684413	1.0228444350407581708851	-6.9181321410531317894765	-17.6288222402759728879573	5.5824775904704413420632	53656.832122	53667.035130	0.253867	1.000000
-7.2007724131688668478546	-7.9383150770297712384149	1.0247001211667230435864	-6.8979223114491849955243	-17.6254934471103368309741	5.5810662847576493206248	53656.844502	53667.047510	0.253867	1.000000
-6.9952075724218678587363	-7.6316941830882587538554	1.0381648440160544666355	-6.8772056617640275888448	-17.8260450315070748672497	5.5047836472340652136381	53656.015027	53666.218035	0.253867	1.000000
-6.9588033881731812257954	-7.5867193659712155451302	1.0261522981712583035829	-7.0080313985284794497943	-17.8475935466091328862603	5.5139195535377902857022	53656.848251	53667.051260	0.253867	1.000000
-6.9588033881731812257954	-7.5867193659712155451302	1.0261522981712583035829	-7.0080313985284794497943	-17.8475935466091328862603	5.5139195535377902857022	53656.848251	53667.051260	0.253867	1.000000
-6.9707652116969800459856	-7.6014973602175386346858	1.0300994255807174315720	-6.9650441868152057622865	-17.8405130546225549892370	5.5109176431478035240730	53656.755381	53666.958390	0.253867	1.000000
-6.9707652116969800459856	-7.6014973602175386346858	1.0300994255807174315720	-6.9650441868152057622865	-17.8405130546225549892370	5.5109176431478035240730	53656.755381	53666.958390	0.253867	1.000000
-6.9707652116969800459856	-7.6014973602175386346858	1.0300994255807174315720	-6.9650441868152057622865	-17.8405130546225549892370	5.5109176431478035240730	53656.755381	53666.958390	0.253867	1.000000
-6.9707652116969800459856	-7.6014973602175386346858	1.0300994255807174315720	-6.9650441868152057622865	-17.8405130546225549892370	5.5109176431478035240730	53656.755381	53666.958390	0.253867	1.000000
-6.9899530544811341314926	-7.5958716106618773267201	1.0365894301411138211932	-6.9679267519046454992804	-17.8494851698049821209224	5.5057744996446205121288	53656.242905	53666.445913	0.253867	1.000000
-6.9899530544811341314926	-7.5958716106618773267201	1.0365894301411138211932	-6.9679267519046454992804	-17.8494851698049821209224	5.5057744996446205121288	53656.242905	53666.445913	0.253867	1.000000
-6.9354407438853904466214	-7.5285254731156285856741	1.0186016179252483926376	-7.1638276721863061169415	-17.8817523218470668666669	5.5194547776753033474506	53656.479226	53666.682234	0.253867	1.000000
-6.9354407438853904466214	-7.5285254731156285856741	1.0186016179252483926376	-7.1638276721863061169415	-17.8817523218470668666669	5.5194547776753033474506	53656.479226	53666.682234	0.253867	1.000000
-6.9354407438853904466214	-7.5285254731156285856741	1.0186016179252483926376	-7.1638276721863061169415	-17.8817523218470668666669	5.5194547776753033474506	53656.479226	53666.682234	0.253867	1.000000
-6.9354407438853904466214	-7.5285254731156285856741	1.0186016179252483926376	-7.1638276721863061169415	-17.8817523218470668666669	5.5194547776753033474506	53656.479226	53666.682234	0.253867	1.000000
-6.9354407438853904466214	-7.5285254731156285856741	1.0186016179252483926376	-7.1638276721863061169415	-17.8817523218470668666669	5.5194547776753033474506	53656.479226	53666.682234	0.253867	1.000000
-6.9354407438853904466214	-7.5285254731156285856741	1.0186016179252483926376	-7.1638276721863061169415	-17.8817523218470668666669	5.5194547776753033474506	53656.479226	53666.682234	0.253867	1.000000
-6.8791545531658355727700	-7.4589878310541033457071	1.0000284659537963527498	-7.3661033864351672661996	-17.9150694763387612340466	5.5335802243847975745439	53653.540492	53663.743500	0.253867	1.000000
-6.8791545531658355727700	-7.4589878310541033457071	1.0000284659537963527498	-7.3661033864351672661996	-17.9150694763387612340466	5.5335802243847975745439	53653.540492	53663.743500	0.253867	1.000000
-6.9140136223200130416444	-7.3566087698470452593824	1.0378021770182146443773	-7.3423628411696508777595	-17.8536874053525664862718	5.7028969419036457111361	53655.917261	53666.120269	0.253867	1.000000
-6.7134930756704758181286	-7.1334125324010013713405	1.0081330318692436343042	-7.1175274730513775622853	-17.3150078523203028169064	5.5100143335390763255077	53655.132726	53665.335734	0.253867	1.000000
-6.7134930756704758181286	-7.1334125324010013713405	1.0081330318692436343042	-7.1175274730513775622853	-17.3150078523203028169064	5.5100143335390763255077	53655.132726	53665.335734	0.253867	1.000000
-6.8114835989339068689219	-7.1367075353010100968731	1.0327063841734409610496	-7.1459042784039228379811	-17.3342380522082883942403	5.4973004353598620141952	53656.319676	53666.522684	0.253867	1.000000
-6.8175904405396261509509	-7.1162766861546487007217	1.0237970558630542505796	-7.1468785574917133018857	-17.3010086190930501004459	5.4737670646469416269042	53656.594840	53666.797848	0.253867	1.000000
-6.8175904405396261509509	-7.1162766861546487007217	1.0237970558630542505796	-7.1468785574917133018857	-17.3010086190930501004459	5.4737670646469416269042	53656.594840	53666.797848	0.253867	1.000000
-6.8787656003408006455402	-7.2110684265949167581766	1.0143207045636200014371	-7.2041369736609421892126	-17.2360191216498179755945	5.5050710810459744237733	53656.093102	53666.296110	0.253867	1.000000
-6.8599365883221619100141	-7.2740621521514432501476	1.0417905262267805888143	-7.2011330128841750664037	-17.3384742753766509792968	5.5776307032863297052927	53655.444009	53665.647017	0.253867	1.000000
-6.8561374339071319283789	-7.2681753108195623624965	1.0423790350593626907738	-7.1975770995805739005391	-17.3425103111948573086920	5.5756866332994743373774	53655.357277	53665.560285	0.253867	1.000000
-6.7668720928720977880744	-7.2943473228749526882098	1.0121863512376496618828	-7.1841668815243249213154	-17.3007703964699750542877	5.5996134740584002642549	53655.735330	53665.938338	0.253867	1.000000
-6.7668720928720977880744	-7.2943473228749526882098	1.0121863512376496618828	-7.1841668815243249213154	-17.3007703964699750542877	5.5996134740584002642549	53655.735330	53665.938338	0.253867	1.000000
-6.7668720928720977880744	-7.2943473228749526882098	1.0121863512376496618828	-7.1841668815243249213154	-17.3007703964699750542877	5.5996134740584002642549	53655.735330	53665.938338	0.258937	1.000000
-6.8185700762731071833400	-7.2791688683817179494895	1.0297176375336583031839	-7.1918978423100083929853	-17.3248199651415859534609	5.5860098946108260875576	53656.457749	53666.660757	0.258937	1.000000
-6.8232448503691642827107	-7.2777963613472991255549	1.0313028986532544184485	-7.1925969120384776189780	-17.3269946399209722187607	5.5847797951633895152668	53656.392032	53666.595040	0.258937	1.000000
-6.7891982525984673202402	-7.3570673026187254350816	1.0130490681761581406306	-7.1428193772090722291068	-17.4465195836415460917124	5.6375047438014966871833	53655.946874	53666.149882	0.258937	1.000000
-6.8148857773132798243410	-7.3862096790393749756731	1.0227736328492043060834	-7.0479129415416430504138	-17.4312390143606883441407	5.6341917985941112334558	53656.708896	53666.911904	0.258937	1.000000
-6.8148857773132798243410	-7.3862096790393749756731	1.0227736328492043060834	-7.0479129415416430504138	-17.4312390143606883441407	5.6341917985941112334558	53656.708896	53666.911904	0.258937	1.000000
-6.8148857773132798243410	-7.3862096790393749756731	1.0227736328492043060834	-7.0479129415416430504138	-17.4312390143606883441407	5.6341917985941112334558	53656.708896	53666.911904	0.258937	1.000000
-6.8148857773132798243410	-7.3862096790393749756731	1.0227736328492043060834	-7.0479129415416430504138	-17.4312390143606883441407	5.6341917985941112334558	53656.708896	53666.911904	0.258937	1.000000
-6.8148857773132798243410	-7.3862096790393749756731	1.0227736328492043060834	-7.0479129415416430504138	-17.4312390143606883441407	5.6341917985941112334558	53656.708896	53666.911904	0.258937	1.000000
-6.8148857773132798243410	-7.3862096790393749756731	1.0227736328492043060834	-7.0479129415416430504138	-17.4312390143606883441407	5.6341917985941112334558	53656.708896	53666.911904	0.258937	1.000000
-6.7815446943366861631830	-7.3483843766342848979889	1.0101516491713327106083	-7.1710966029387988029953	-17.4510724056266361969847	5.6384918307024065597943	53655.545144	53665.748152	0.258937	1.000000
-6.7815446943366861631830	-7.3483843766342848979889	1.0101516491713327106083	-7.1710966029387988029953	-17.4510724056266361969847	5.6384918307024065597943	53655.545144	53665.748152	0.258937	1.000000
-6.7815446943366861631830	-7.3483843766342848979889	1.0101516491713327106083	-7.1710966029387988029953	-17.4510724056266361969847	5.6384918307024065597943	53655.545144	53665.748152	0.258937	1.000000
-6.7815446943366861631830	-7.3483843766342848979889	1.0101516491713327106083	-7.1710966029387988029953	-17.4510724056266361969847	5.6384918307024065597943	53655.545144	53665.748152	0.258937	1.000000
-6.7815446943366861631830	-7.3483843766342848979889	1.0101516491713327106083	-7.1710966029387988029953	-17.4510724056266361969847	5.6384918307024065597943	53655.545144	53665.748152	0.258937	1.000000
-6.7815446943366861631830	-7.3483843766342848979889	1.0101516491713327106083	-7.1710966029387988029953	-17.4510724056266361969847	5.6384918307024065597943	53655.545144	53665.748152	0.258937	1.000000
-6.7815446943366861631830	-7.3483843766342848979889	1.0101516491713327106083	-7.1710966029387988029953	-17.4510724056266361969847	5.6384918307024065597943	53655.545144	53665.748152	0.258937	1.000000
-6.7815446943366861631830	-7.3483843766342848979889	1.0101516491713327106083	-7.1710966029387988029953	-17.4510724056266361969847	5.6384918307024065597943	53655.545144	53665.748152	0.258937	1.000000
-6.7815446943366861631830	-7.3483843766342848979889	1.0101516491713327106083	-7.1710966029387988029953	-17.4510724056266361969847	5.6384918307024065597943	53655.545144	53665.748152	0.258937	1.000000
-6.7815446943366861631830	-7.3483843766342848979889	1.0101516491713327106083	-7.1710966029387988029953	-17.4510724056266361969847	5.6384918307024065597943	53655.545144	53665.748152	0.258937	1.000000
-6.7948542388022925564428	-7.3634839924637702779364	1.0151902633376070905769	-7.1219224828314029451803	-17.4431550442396883227048	5.6367752857242763298018	53656.192409	53666.395417	0.258937	1.000000
-6.7948542388022925564428	-7.3634839924637702779364	1.0151902633376070905769	-7.1219224828314029451803	-17.4431550442396883227048	5.6367752857242763298018	53656.192409	53666.395417	0.258937	1.000000
-6.7948542388022925564428	-7.3634839924637702779364	1.0151902633376070905769	-7.1219224828314029451803	-17.4431550442396883227048	5.6367752857242763298018	53656.192409	53666.395417	0.258937	1.000000
-6.7948542388022925564428	-7.3634839924637702779364	1.0151902633376070905769	-7.1219224828314029451803	-17.4431550442396883227048	5.6367752857242763298018	53656.192409	53666.395417	0.258937	1.000000
-6.8042890174060222108210	-7.3260016191135264307377	1.0268241437098797330663	-7.1154287833438205623793	-17.4235063035797850261588	5.6910179313693376457195	53656.588136	53666.791144	0.258937	1.000000
-6.8042890174060222108210	-7.3260016191135264307377	1.0268241437098797330663	-7.1154287833438205623793	-17.4235063035797850261588	5.6910179313693376457195	53656.588136	53666.791144	0.258937	1.000000
-6.8042890174060222108210	-7.3260016191135264307377	1.0268241437098797330663	-7.1154287833438205623793	-17.4235063035797850261588	5.6910179313693376457195	53656.588136	53666.791144	0.258937	1.000000
-6.8043642135062558651271	-7.3260869287368830526930	1.0268526108100775040555	-7.1151509600062841087720	-17.4234615721690317968751	5.6910082332546823025154	53656.588063	53666.791071	0.258937	1.000000
-6.8043642135062558651271	-7.3260869287368830526930	1.0268526108100775040555	-7.1151509600062841087720	-17.4234615721690317968751	5.6910082332546823025154	53656.588063	53666.791071	0.258937	1.000000
-6.8388936062033236495949	-7.3652603629515907002201	1.0399244546771522212936	-6.9875769090604551436741	-17.4029212988966435204929	5.6865549436785283177187	53655.743858	53665.946866	0.258937	1.000000
-6.8388936062033236495949	-7.3652603629515907002201	1.0399244546771522212936	-6.9875769090604551436741	-17.4029212988966435204929	5.6865549436785283177187	53655.743858	53665.946866	0.258937	1.000000
-6.8388936062033236495949	-7.3652603629515907002201	1.0399244546771522212936	-6.9875769090604551436741	-17.4029212988966435204929	5.6865549436785283177187	53655.743858	53665.946866	0.258937	1.000000
-6.8882495363934035381703	-7.4387208299103786401929	1.0281101861152301957247	-6.9663421054321013059507	-17.3717281712208162502975	5.7201670242210385097792	53656.827637	53667.030645	0.258937	1.000000
-6.8882495363934035381703	-7.4387208299103786401929	1.0281101861152301957247	-6.9663421054321013059507	-17.3717281712208162502975	5.7201670242210385097792	53656.827637	53667.030645	0.258937	1.000000
-6.8882495363934035381703	-7.4387208299103786401929	1.0281101861152301957247	-6.9663421054321013059507	-17.3717281712208162502975	5.7201670242210385097792	53656.827637	53667.030645	0.258937	1.000000
-6.8882495363934035381703	-7.4387208299103786401929	1.0281101861152301957247	-6.9663421054321013059507	-17.3717281712208162502975	5.7201670242210385097792	53656.827637	53667.030645	0.258937	1.000000
-6.8882495363934035381703	-7.4387208299103786401929	1.0281101861152301957247	-6.9663421054321013059507	-17.3717281712208162502975	5.7201670242210385097792	53656.827637	53667.030645	0.258937	1.000000
-6.8882495363934035381703	-7.4387208299103786401929	1.0281101861152301957247	-6.9663421054321013059507	-17.3717281712208162502975	5.7201670242210385097792	53656.827637	53667.030645	0.258937	1.000000
-6.9856013399063465740824	-7.5337226496155214050532	1.0253678627528686195802	-7.0370486594109404876463	-17.2551676069934352142354	5.8147180926504651310438	53656.816350	53667.019358	0.258937	1.000000
-6.9856013399063465740824	-7.5337226496155214050532	1.0253678627528686195802	-7.0370486594109404876463	-17.2551676069934352142354	5.8147180926504651310438	53656.816350	53667.019358	0.258937	1.000000
-6.9856013399063465740824	-7.5337226496155214050532	1.0253678627528686195802	-7.0370486594109404876463	-17.2551676069934352142354	5.8147180926504651310438	53656.816350	53667.019358	0.258937	1.000000
-6.9856013399063465740824	-7.5337226496155214050532	1.0253678627528686195802	-7.0370486594109404876463	-17.2551676069934352142354	5.8147180926504651310438	53656.816350	53667.019358	0.258937	1.000000
-6.9793214904000686615859	-7.5580125463447327405220	1.0357931283335932715062	-7.0367452892017761101329	-17.2930925362753882268407	5.8440605548606150421165	53656.295668	53666.498677	0.258937	1.000000
-6.9793214904000686615859	-7.5580125463447327405220	1.0357931283335932715062	-7.0367452892017761101329	-17.2930925362753882268407	5.8440605548606150421165	53656.295668	53666.498677	0.258937	1.000000
-6.9793214904000686615859	-7.5580125463447327405220	1.0357931283335932715062	-7.0367452892017761101329	-17.2930925362753882268407	5.8440605548606150421165	53656.295668	53666.498677	0.258937	1.000000
-6.9067331987905458134946	-7.5793243656547923947642	1.0111777364318688121614	-7.0258903738063329669217	-17.2593249308684804077529	5.8631611179176754689024	53656.067755	53666.270764	0.258937	1.000000
-6.8921760092451025414562	-7.5628093023285298812652	1.0056667994006014410502	-7.0796741068997963708398	-17.2679844706977689838823	5.8650385729030434234232	53655.145742	53665.348750	0.258937	1.000000
-6.8921760092451025414562	-7.5628093023285298812652	1.0056667994006014410502	-7.0796741068997963708398	-17.2679844706977689838823	5.8650385729030434234232	53655.145742	53665.348750	0.258937	1.000000
-6.9062920983932691854079	-7.5788239393210199423834	1.0110107483943586714759	-7.0275200857751496386072	-17.2595873253675726743950	5.8632180070676955807585	53656.044307	53666.247315	0.258937	1.000000
-6.9062920983932691854079	-7.5788239393210199423834	1.0110107483943586714759	-7.0275200857751496386072	-17.2595873253675726743950	5.8632180070676955807585	53656.044307	53666.247315	0.258937	1.000000
-6.9253414944868039171411	-7.6004353899262131477599	1.0182223067811904115842	-6.9571392178275290874012	-17.2482555361042066977006	5.8607611878065046795427	53656.793868	53666.996876	0.258937	1.000000
-6.9253414944868039171411	-7.6004353899262131477599	1.0182223067811904115842	-6.9571392178275290874012	-17.2482555361042066977006	5.8607611878065046795427	53656.793868	53666.996876	0.258937	1.000000
-6.8435319800513108035034	-7.6244545471598881292152	0.9904799090133489247734	-6.9449053528604816065695	-17.2101982772717647662830	5.8822881827872990356809	53651.955739	53662.158747	0.258937	1.000000
-6.8435319800513108035034	-7.6244545471598881292152	0.9904799090133489247734	-6.9449053528604816065695	-17.2101982772717647662830	5.8822881827872990356809	53651.955739	53662.158747	0.258937	1.000000
-6.8435319800513108035034	-7.6244545471598881292152	0.9904799090133489247734	-6.9449053528604816065695	-17.2101982772717647662830	5.8822881827872990356809	53651.955739	53662.158747	0.258937	1.000000
-6.9609331732433892270251	-7.5899857235987235881680	1.0302917893603711352313	-6.9624616280002724622022	-17.2648125556644274070095	5.8513957503602869181236	53656.747838	53666.950846	0.258937	1.000000
-6.9651312347832741167508	-7.5737479966970298050910	1.0233225289610934360951	-6.9626644301225475430783	-17.2394598482687690932380	5.8317803978001956366484	53656.916931	53667.119939	0.258937	1.000000
-6.9651312347832741167508	-7.5737479966970298050910	1.0233225289610934360951	-6.9626644301225475430783	-17.2394598482687690932380	5.8317803978001956366484	53656.916931	53667.119939	0.258937	1.000000
-6.9651312347832741167508	-7.5737479966970298050910	1.0233225289610934360951	-6.9626644301225475430783	-17.2394598482687690932380	5.8317803978001956366484	53656.916931	53667.119939	0.258937	1.000000
-6.9651312347832741167508	-7.5737479966970298050910	1.0233225289610934360951	-6.9626644301225475430783	-17.2394598482687690932380	5.8317803978001956366484	53656.916931	53667.119939	0.258937	1.000000
-6.9651312347832741167508	-7.5737479966970298050910	1.0233225289610934360951	-6.9626644301225475430783	-17.2394598482687690932380	5.8317803978001956366484	53656.916931	53667.119939	0.258937	1.000000
-6.9651312347832741167508	-7.5737479966970298050910	1.0233225289610934360951	-6.9626644301225475430783	-17.2394598482687690932380	5.8317803978001956366484	53656.916931	53667.119939	0.258937	1.000000
-6.9919116331049915302742	-7.6118881395541002632399	1.0195081464456074993308	-6.9855469904004312553525	-17.2095431459739955926125	5.8461981857022369268861	53656.783037	53666.986045	0.258937	1.000000
-6.9919116331049915302742	-7.6118881395541002632399	1.0195081464456074993308	-6.9855469904004312553525	-17.2095431459739955926125	5.8461981857022369268861	53656.783037	53666.986045	0.258937	1.000000
-6.9919116331049915302742	-7.6118881395541002632399	1.0195081464456074993308	-6.9855469904004312553525	-17.2095431459739955926125	5.8461981857022369268861	53656.783037	53666.986045	0.258937	1.000000
-6.9919116331049915302742	-7.6118881395541002632399	1.0195081464456074993308	-6.9855469904004312553525	-17.2095431459739955926125	5.8461981857022369268861	53656.783037	53666.986045	0.258937	1.000000
-6.9711319732935068671509	-7.5883137128686781736064	1.0116415595337064914361	-7.0623205787077747430658	-17.2219042058622981983262	5.8488781587688460916752	53656.021408	53666.224417	0.258937	1.000000
-7.0226859452839978104066	-7.6468014525168719330850	1.0311584238614261987976	-6.8718466509768330041652	-17.1912366328107850677043	5.8422291925362577202918	53656.692074	53666.895082	0.258937	1.000000
-7.0226859452839978104066	-7.6468014525168719330850	1.0311584238614261987976	-6.8718466509768330041652	-17.1912366328107850677043	5.8422291925362577202918	53656.692074	53666.895082	0.258937	1.000000
-7.0226859452839978104066	-7.6468014525168719330850	1.0311584238614261987976	-6.8718466509768330041652	-17.1912366328107850677043	5.8422291925362577202918	53656.692074	53666.895082	0.258937	1.000000
-7.0479873042389398207774	-7.6828351751458932028527	1.0275547037054977295156	-6.8934654433653426153228	-17.1629721830287103045976	5.8558507086415625408904	53656.875044	53667.078052	0.258937	1.000000
-7.0032153659130873535332	-7.6248673154912971483554	1.0235083892809404559898	-6.9462199583974229000205	-17.2025392735678224198637	5.8450977333889317932858	53656.924314	53667.127322	0.258937	1.000000
-7.0032153659130873535332	-7.6248673154912971483554	1.0235083892809404559898	-6.9462199583974229000205	-17.2025392735678224198637	5.8450977333889317932858	53656.924314	53667.127322	0.258937	1.000000
-6.9854237959067191354734	-7.6046828626879907631064	1.0167730079982828517160	-7.0119535980913338946152	-17.2131228280798218577274	5.8473923295884038253689	53656.589601	53666.792609	0.258937	1.000000
-6.9854237959067191354734	-7.6046828626879907631064	1.0167730079982828517160	-7.0119535980913338946152	-17.2131228280798218577274	5.8473923295884038253689	53656.589601	53666.792609	0.258937	1.000000
-7.0127413721256930401182	-7.6356745249019075671981	1.0271146637086554509466	-6.9110246912075528058494	-17.1968726007561123481082	5.8438691550429071597250	53656.900399	53667.103407	0.258937	1.000000
-7.0224950194361843713864	-7.5979482886811009478834	1.0109224980379769576189	-6.9114958754328661427735	-17.1379688986655338567289	5.7982954470530767565606	53656.249891	53666.452899	0.258937	1.000000
-7.0224950194361843713864	-7.5979482886811009478834	1.0109224980379769576189	-6.9114958754328661427735	-17.1379688986655338567289	5.7982954470530767565606	53656.249891	53666.452899	0.258937	1.000000
-7.0224950194361843713864	-7.5979482886811009478834	1.0109224980379769576189	-6.9114958754328661427735	-17.1379688986655338567289	5.7982954470530767565606	53656.249891	53666.452899	0.258937	1.000000
-6.8455523091808938573877	-7.3459497871808032698482	1.0361247811456613110437	-6.7603068533537866713345	-17.3356337101573352299511	5.7030346358946317764094	53655.846843	53666.049851	0.258937	1.000000
-6.8455523091808938573877	-7.3459497871808032698482	1.0361247811456613110437	-6.7603068533537866713345	-17.3356337101573352299511	5.7030346358946317764094	53655.846843	53666.049851	0.258937	1.000000
-6.8455523091808938573877	-7.3459497871808032698482	1.0361247811456613110437	-6.7603068533537866713345	-17.3356337101573352299511	5.7030346358946317764094	53655.846843	53666.049851	0.258937	1.000000
-6.8455523091808938573877	-7.3459497871808032698482	1.0361247811456613110437	-6.7603068533537866713345	-17.3356337101573352299511	5.7030346358946317764094	53655.846843	53666.049851	0.258937	1.000000
-6.7642336546185131140874	-7.2536941546281212822578	1.0053398563934148324250	-7.0607508915968422158471	-17.3840072046322617893566	5.7135223823744674120917	53655.004695	53665.207704	0.258937	1.000000
-6.7467150948847933733532	-7.2514666300781813745857	1.0146906275172531408657	-7.4781064254391838019842	-17.2996548407731545182742	5.8209949516485366416418	53655.675232	53665.878241	0.258937	1.000000
-6.5487640575162329170666	-6.7508295130248177073895	1.0370097361736827501488	-7.4109340114236248453494	-17.4226362715835314531887	5.6334735772226842698274	53653.651173	53663.854181	0.258937	1.000000
-6.5487640575162329170666	-6.7508295130248177073895	1.0370097361736827501488	-7.4109340114236248453494	-17.4226362715835314531887	5.6334735772226842698274	53653.651173	53663.854181	0.258937	1.000000
-6.5410064861636421085223	-6.7531071249548615398339	1.0343790686815086399264	-7.4097739375489082291892	-17.4190274993898093214284	5.6355148703500512752385	53653.769866	53663.972874	0.258937	1.000000
-6.5639068465443486388722	-6.7790874764987467671062	1.0430484923815597220198	-7.3251651010276068731741	-17.4054049122686684825112	5.6325613884551257726230	53653.156680	53663.359688	0.258937	1.000000
-6.4981733738046845161307	-6.7983867307253982303905	1.0207576358719145925846	-7.3153352611262070226417	-17.3748261244189841079333	5.6498582046934462397303	53653.404428	53663.607436	0.258937	1.000000
-6.4981733738046845161307	-6.7983867307253982303905	1.0207576358719145925846	-7.3153352611262070226417	-17.3748261244189841079333	5.6498582046934462397303	53653.404428	53663.607436	0.258937	1.000000
-6.5006723516033098064781	-6.8012218093280623065766	1.0217036776368970674156	-7.3061024106155940671670	-17.3733395738927214324576	5.6495359090805665758239	53653.489275	53663.692283	0.258937	1.000000
-6.5006723516033098064781	-6.8012218093280623065766	1.0217036776368970674156	-7.3061024106155940671670	-17.3733395738927214324576	5.6495359090805665758239	53653.489275	53663.692283	0.258937	1.000000
-6.5530254191936343488578	-6.8757820698930274261329	1.0142469317270856876689	-7.3508355848752238159705	-17.3148553378293748039596	5.6777212786733111116177	53653.999933	53664.202942	0.258937	1.000000
-6.5581815806445620253839	-6.8552977345763066452378	1.0206049151011213904638	-7.3472867402888182297716	-17.3041171866331389139759	5.7073652004035846374563	53654.469695	53664.672703	0.258937	1.000000
-6.5581815806445620253839	-6.8552977345763066452378	1.0206049151011213904638	-7.3472867402888182297716	-17.3041171866331389139759	5.7073652004035846374563	53654.469695	53664.672703	0.258937	1.000000
-6.5581815806445620253839	-6.8552977345763066452378	1.0206049151011213904638	-7.3472867402888182297716	-17.3041171866331389139759	5.7073652004035846374563	53654.469695	53664.672703	0.258937	1.000000
-6.5626470928541671412404	-6.8539866665345083873717	1.0221192134906285087226	-7.3479545168152773371162	-17.3061945141316968488354	5.7061901652064417334032	53654.576927	53664.779936	0.258937	1.000000
-6.5626470928541671412404	-6.8539866665345083873717	1.0221192134906285087226	-7.3479545168152773371162	-17.3061945141316968488354	5.7061901652064417334032	53654.576927	53664.779936	0.258937	1.000000
-6.5626470928541671412404	-6.8539866665345083873717	1.0221192134906285087226	-7.3479545168152773371162	-17.3061945141316968488354	5.7061901652064417334032	53654.576927	53664.779936	0.258937	1.000000
-6.8809786144616769121285	-7.2228847584097719547458	1.0043015357919764518613	-7.5535202247658723706536	-17.0276549000458707894268	5.8405720108156309322567	53654.354166	53664.557174	0.262118	1.000000
-6.9099840964560907963232	-7.2667123147540007011003	1.0184839829239871189515	-7.4004207546880742540907	-17.0045819341177164574219	5.8398033286712669465146	53656.266289	53666.469297	0.262118	1.000000
-6.9228547691172526157288	-7.2158940046322959105396	1.0330754404658972767095	-7.3932660701572245898205	-16.9784207107943494463598	5.9074720186832143653533	53656.288969	53666.491978	0.262118	1.000000
-6.9228547691172526157288	-7.2158940046322959105396	1.0330754404658972767095	-7.3932660701572245898205	-16.9784207107943494463598	5.9074720186832143653533	53656.288969	53666.491978	0.262118	1.000000
-6.9228547691172526157288	-7.2158940046322959105396	1.0330754404658972767095	-7.3932660701572245898205	-16.9784207107943494463598	5.9074720186832143653533	53656.288969	53666.491978	0.262118	1.000000
-6.9228547691172526157288	-7.2158940046322959105396	1.0330754404658972767095	-7.3932660701572245898205	-16.9784207107943494463598	5.9074720186832143653533	53656.288969	53666.491978	0.262118	1.000000
-6.9228547691172526157288	-7.2158940046322959105396	1.0330754404658972767095	-7.3932660701572245898205	-16.9784207107943494463598	5.9074720186832143653533	53656.288969	53666.491978	0.262118	1.000000
-6.9907173683872390057559	-7.3137991107089419529075	1.0241054197624066546268	-7.4447192415713718816050	-16.9015018164108070664042	5.9457269228874407573926	53656.470236	53666.673244	0.262118	1.000000
-6.9907173683872390057559	-7.3137991107089419529075	1.0241054197624066546268	-7.4447192415713718816050	-16.9015018164108070664042	5.9457269228874407573926	53656.470236	53666.673244	0.262118	1.000000
-7.0499915501854939492432	-7.3266718710798626190694	1.0460465540227974479137	-7.3634759275019456836731	-16.9068890655349548524100	5.9328817939757962918179	53654.856299	53665.059307	0.262118	1.000000
-7.2359047958186630822297	-7.5948881821344151887843	1.0214726991996410099262	-7.5044346617476964667048	-16.6961656116857000142772	6.0376831643698016804933	53656.248814	53666.451822	0.262118	1.000000
-7.2702795011375060951764	-7.5858179086861108331163	1.0326787416857836632289	-7.5072602691436145505577	-16.7106176657972049781620	6.0278030514641081083482	53656.203633	53666.406641	0.262118	1.000000
-7.2702795011375060951764	-7.5858179086861108331163	1.0326787416857836632289	-7.5072602691436145505577	-16.7106176657972049781620	6.0278030514641081083482	53656.203633	53666.406641	0.262118	1.000000
-7.3562097138469537682681	-7.5579461480283605112618	1.0576028322914747814565	-7.5140850821029872008694	-16.7367935790700705922518	5.9959946785051574380532	53652.442180	53662.645188	0.262118	1.000000
-7.3562097138469537682681	-7.5579461480283605112618	1.0576028322914747814565	-7.5140850821029872008694	-16.7367935790700705922518	5.9959946785051574380532	53652.442180	53662.645188	0.262118	1.000000
-7.6847921695848793177674	-8.0319907695136230074695	1.0141710825135590301471	-7.7632150830259289975288	-16.3643616433489071937402	6.1812202740859509830784	53655.497300	53665.700308	0.262118	1.000000
-7.6847921695848793177674	-8.0319907695136230074695	1.0141710825135590301471	-7.7632150830259289975288	-16.3643616433489071937402	6.1812202740859509830784	53655.497300	53665.700308	0.262118	1.000000
-7.7532138671117269979050	-8.0139366945591099522517	1.0364763340742046970888	-7.7688393597369538312591	-16.3931279721330263043910	6.1615542408648922290126	53655.858733	53666.061741	0.262118	1.000000
-7.7602973985374195109443	-8.0204334874040394964823	1.0362121703675744033291	-7.7718974537127021307015	-16.3850103170243137640227	6.1645266131269940146353	53655.878779	53666.081787	0.262118	1.000000
-7.7602973985374195109443	-8.0204334874040394964823	1.0362121703675744033291	-7.7718974537127021307015	-16.3850103170243137640227	6.1645266131269940146353	53655.878779	53666.081787	0.262118	1.000000
-7.7602973985374195109443	-8.0204334874040394964823	1.0362121703675744033291	-7.7718974537127021307015	-16.3850103170243137640227	6.1645266131269940146353	53655.878779	53666.081787	0.262118	1.000000
-7.6176362576956977434861	-7.8125375524371785118660	1.0361633438210631208420	-7.8474661311358708815078	-16.5364224503975414393153	6.1020713458933739659074	53655.887846	53666.090854	0.262118	1.000000
-7.6169997409161842583103	-7.8115757695913172753421	1.0358521141860643766108	-7.8508258540205950737345	-16.5369287798551667378888	6.1020882143971659772319	53655.911097	53666.114105	0.262118	1.000000
-7.6169997409161842583103	-7.8115757695913172753421	1.0358521141860643766108	-7.8508258540205950737345	-16.5369287798551667378888	6.1020882143971659772319	53655.911097	53666.114105	0.262118	1.000000
-7.6169997409161842583103	-7.8115757695913172753421	1.0358521141860643766108	-7.8508258540205950737345	-16.5369287798551667378888	6.1020882143971659772319	53655.911097	53666.114105	0.262118	1.000000
-7.6169997409161842583103	-7.8115757695913172753421	1.0358521141860643766108	-7.8508258540205950737345	-16.5369287798551667378888	6.1020882143971659772319	53655.911097	53666.114105	0.262118	1.000000
-7.5526915442200754924329	-7.7144054790015168521222	1.0044081409408296412522	-8.1902634416369330949692	-16.5880839660215677611177	6.1037924633576228217180	53653.926117	53664.129125	0.262118	1.000000
-7.5529092350704631897429	-7.7147195407384439036491	1.0043793667492137977604	-8.1904284940334051157151	-16.5878372242269804814896	6.1039151781182905409651	53653.920106	53664.123114	0.262118	1.000000
-7.5529092350704631897429	-7.7147195407384439036491	1.0043793667492137977604	-8.1904284940334051157151	-16.5878372242269804814896	6.1039151781182905409651	53653.920106	53664.123114	0.262118	1.000000
-7.4824005922575453908507	-7.6143000451483828783239	1.0255470505595642993768	-8.0218256656456201625360	-16.6742021247223028979079	6.0529106239342498341216	53656.238141	53666.441149	0.262118	1.000000
-7.4824005922575453908507	-7.6143000451483828783239	1.0255470505595642993768	-8.0218256656456201625360	-16.6742021247223028979079	6.0529106239342498341216	53656.238141	53666.441149	0.262118	1.000000
-7.4824005922575453908507	-7.6143000451483828783239	1.0255470505595642993768	-8.0218256656456201625360	-16.6742021247223028979079	6.0529106239342498341216	53656.238141	53666.441149	0.262118	1.000000
-7.4781130340687242963327	-7.6078215043630281755327	1.0234506169491839333574	-8.0444566595647213347320	-16.6776127449638380539909	6.0530242496765600535014	53656.191413	53666.394421	0.262118	1.000000
-7.4756588640042940241415	-7.6041132302927048058905	1.0222506321601552148337	-8.0574104914099358154544	-16.6795649615237771001830	6.0530892883029867590494	53656.147393	53666.350401	0.262118	1.000000
-7.4756588640042940241415	-7.6041132302927048058905	1.0222506321601552148337	-8.0574104914099358154544	-16.6795649615237771001830	6.0530892883029867590494	53656.147393	53666.350401	0.262118	1.000000
-7.4502845967094666335129	-7.6108086053011501093124	1.0139787032891109941346	-8.0553247217525889567469	-16.6688969345375603836601	6.0603824599373838921679	53655.498928	53665.701936	0.262118	1.000000
-7.4436048273131287800197	-7.6007154108615315735165	1.0107125801357073058284	-8.0905825104360591382147	-16.6742104849801755506178	6.0605594823176502927708	53655.070330	53665.273339	0.262118	1.000000
-7.4436048273131287800197	-7.6007154108615315735165	1.0107125801357073058284	-8.0905825104360591382147	-16.6742104849801755506178	6.0605594823176502927708	53655.070330	53665.273339	0.262118	1.000000
-7.5217285283548376284557	-7.7171197949271181926179	1.0339886141607006475596	-7.8232524792811402036818	-16.6039453129066281178439	6.0726692681937155526839	53656.045431	53666.248439	0.262118	1.000000
-7.5727287573960140321105	-7.7907922569263341472379	1.0281078798292746512288	-7.8535585853333929051701	-16.5466072701268451794476	6.1006010714948670781155	53656.235477	53666.438485	0.262118	1.000000
-7.5727287573960140321105	-7.7907922569263341472379	1.0281078798292746512288	-7.8535585853333929051701	-16.5466072701268451794476	6.1006010714948670781155	53656.235477	53666.438485	0.262118	1.000000
-7.5727287573960140321105	-7.7907922569263341472379	1.0281078798292746512288	-7.8535585853333929051701	-16.5466072701268451794476	6.1006010714948670781155	53656.235477	53666.438485	0.262118	1.000000
-7.5727287573960140321105	-7.7907922569263341472379	1.0281078798292746512288	-7.8535585853333929051701	-16.5466072701268451794476	6.1006010714948670781155	53656.235477	53666.438485	0.262118	1.000000
-7.5727287573960140321105	-7.7907922569263341472379	1.0281078798292746512288	-7.8535585853333929051701	-16.5466072701268451794476	6.1006010714948670781155	53656.235477	53666.438485	0.262118	1.000000
-7.5896577804419065316210	-7.7863252842842527456924	1.0336266864558778522110	-7.8549501542873798598521	-16.5537246884390860657277	6.0957352651548539768100	53656.056883	53666.259892	0.262118	1.000000
-7.5896577804419065316210	-7.7863252842842527456924	1.0336266864558778522110	-7.8549501542873798598521	-16.5537246884390860657277	6.0957352651548539768100	53656.056883	53666.259892	0.262118	1.000000
-7.5896577804419065316210	-7.7863252842842527456924	1.0336266864558778522110	-7.8549501542873798598521	-16.5537246884390860657277	6.0957352651548539768100	53656.056883	53666.259892	0.262118	1.000000
-7.5896577804419065316210	-7.7863252842842527456924	1.0336266864558778522110	-7.8549501542873798598521	-16.5537246884390860657277	6.0957352651548539768100	53656.056883	53666.259892	0.262118	1.000000
-7.5556548607785938287407	-7.7349465525776350816045	1.0170007048379268166372	-8.0344275710927171019193	-16.5807729618310091268540	6.0966363857501422174323	53655.787385	53665.990393	0.262118	1.000000
-7.5556548607785938287407	-7.7349465525776350816045	1.0170007048379268166372	-8.0344275710927171019193	-16.5807729618310091268540	6.0966363857501422174323	53655.787385	53665.990393	0.262118	1.000000
-7.5685053143435832012642	-7.6842080751365324786661	1.0315692400282934215738	-8.0272841261651439737079	-16.5546528363044949117011	6.1641987720911570747262	53656.150670	53666.353679	0.262118	1.000000
-7.5685053143435832012642	-7.6842080751365324786661	1.0315692400282934215738	-8.0272841261651439737079	-16.5546528363044949117011	6.1641987720911570747262	53656.150670	53666.353679	0.262118	1.000000
-7.5747927804851169497624	-7.6562996767700584044292	1.0180198275430889509607	-8.0265956681904881975242	-16.5070405015798371550773	6.1264856361398463135970	53655.872569	53666.075577	0.262118	1.000000
-7.6195637460017495712350	-7.6444861965957899840873	1.0326150171475216854589	-8.0302758501764213150409	-16.5258634241407484921638	6.1136173892676684005210	53656.102407	53666.305415	0.262118	1.000000
-7.6195637460017495712350	-7.6444861965957899840873	1.0326150171475216854589	-8.0302758501764213150409	-16.5258634241407484921638	6.1136173892676684005210	53656.102407	53666.305415	0.262118	1.000000
-7.6195637460017495712350	-7.6444861965957899840873	1.0326150171475216854589	-8.0302758501764213150409	-16.5258634241407484921638	6.1136173892676684005210	53656.102407	53666.305415	0.262118	1.000000
-8.0749787622719573221275	-7.7063217118041080766488	1.0585861042510771312664	-8.3018010330173783728469	-15.9045835286037728906194	6.3013080856762808679150	53652.176801	53662.379809	0.262118	1.000000
-7.8487570380960738347653	-7.7704113231814249118656	1.0518155424545925225033	-8.4447956845145206727921	-15.8377527659401238224746	5.8861618599675491481094	53653.704026	53663.907034	0.262118	1.000000
-7.8487570380960738347653	-7.7704113231814249118656	1.0518155424545925225033	-8.4447956845145206727921	-15.8377527659401238224746	5.8861618599675491481094	53653.704026	53663.907034	0.262118	1.000000
-7.8487570380960738347653	-7.7704113231814249118656	1.0518155424545925225033	-8.4447956845145206727921	-15.8377527659401238224746	5.8861618599675491481094	53653.704026	53663.907034	0.262118	1.000000
-7.8692917529960366707087	-7.6792631577886334426353	1.0075634834879922951956	-8.4425471971410814830961	-15.6822520129684566114747	5.7629916547829944661885	53654.504350	53664.707358	0.262118	1.000000
-7.8031743608781978238653	-7.6784110557483984393912	1.0338572535196310919758	-8.4917587066267667950115	-15.5435200889522864287073	5.6403443262132588742475	53656.034509	53666.237517	0.262118	1.000000
-7.7732170941282392462313	-7.6351918243827903154397	1.0378169795816707399183	-8.4690452179339352767329	-15.5774751667410438216166	5.6234570807780999146530	53655.745534	53665.948542	0.262118	1.000000
-7.7732170941282392462313	-7.6351918243827903154397	1.0378169795816707399183	-8.4690452179339352767329	-15.5774751667410438216166	5.6234570807780999146530	53655.745534	53665.948542	0.262118	1.000000
-7.7732170941282392462313	-7.6351918243827903154397	1.0378169795816707399183	-8.4690452179339352767329	-15.5774751667410438216166	5.6234570807780999146530	53655.745534	53665.948542	0.262118	1.000000
-7.7589410281734094709805	-7.6915591616704253041803	1.0216322302892737461377	-8.4769811472312923683603	-15.6064930245838908717815	5.5483994123003208542855	53656.088896	53666.291904	0.262118	1.000000
-7.5851941948848047303500	-7.4408952860365653592112	1.0445979390674522413462	-8.3452469417627188619235	-15.8034264527603145467083	5.4504563842592039790702	53654.960958	53665.163966	0.262118	1.000000
-7.5851941948848047303500	-7.4408952860365653592112	1.0445979390674522413462	-8.3452469417627188619235	-15.8034264527603145467083	5.4504563842592039790702	53654.960958	53665.163966	0.262118	1.000000
-7.5851941948848047303500	-7.4408952860365653592112	1.0445979390674522413462	-8.3452469417627188619235	-15.8034264527603145467083	5.4504563842592039790702	53654.960958	53665.163966	0.262118	1.000000
-7.5851941948848047303500	-7.4408952860365653592112	1.0445979390674522413462	-8.3452469417627188619235	-15.8034264527603145467083	5.4504563842592039790702	53654.960958	53665.163966	0.262118	1.000000
-7.5851941948848047303500	-7.4408952860365653592112	1.0445979390674522413462	-8.3452469417627188619235	-15.8034264527603145467083	5.4504563842592039790702	53654.960958	53665.163966	0.262118	1.000000
-7.5665021213805125910312	-7.4126513870088714952544	1.0354583100720324839727	-8.4439092066653831381018	-15.8182954204669758979662	5.4509517479682658702700	53655.946182	53666.149190	0.262118	1.000000
-7.5665021213805125910312	-7.4126513870088714952544	1.0354583100720324839727	-8.4439092066653831381018	-15.8182954204669758979662	5.4509517479682658702700	53655.946182	53666.149190	0.262118	1.000000
-7.5665021213805125910312	-7.4126513870088714952544	1.0354583100720324839727	-8.4439092066653831381018	-15.8182954204669758979662	5.4509517479682658702700	53655.946182	53666.149190	0.262118	1.000000
-7.5665021213805125910312	-7.4126513870088714952544	1.0354583100720324839727	-8.4439092066653831381018	-15.8182954204669758979662	5.4509517479682658702700	53655.946182	53666.149190	0.262118	1.000000
-7.5665021213805125910312	-7.4126513870088714952544	1.0354583100720324839727	-8.4439092066653831381018	-15.8182954204669758979662	5.4509517479682658702700	53655.946182	53666.149190	0.262118	1.000000
-7.5665021213805125910312	-7.4126513870088714952544	1.0354583100720324839727	-8.4439092066653831381018	-15.8182954204669758979662	5.4509517479682658702700	53655.946182	53666.149190	0.262118	1.000000
-7.6319639331142665739094	-7.5070928863134414044112	1.0268056234249489655497	-8.4935421098616981083751	-15.7440976998215926840885	5.4878533014579424786916	53656.231161	53666.434170	0.262118	1.000000
-7.6319639331142665739094	-7.5070928863134414044112	1.0268056234249489655497	-8.4935421098616981083751	-15.7440976998215926840885	5.4878533014579424786916	53656.231161	53666.434170	0.262118	1.000000
-7.6319639331142665739094	-7.5070928863134414044112	1.0268056234249489655497	-8.4935421098616981083751	-15.7440976998215926840885	5.4878533014579424786916	53656.231161	53666.434170	0.262118	1.000000
-7.6319639331142665739094	-7.5070928863134414044112	1.0268056234249489655497	-8.4935421098616981083751	-15.7440976998215926840885	5.4878533014579424786916	53656.231161	53666.434170	0.262118	1.000000
-7.6206196994256405474744	-7.5574469376622239735752	1.0512523080059394953167	-8.4947842681450964619216	-15.8300028068104925438320	5.5558976642794641875867	53653.823084	53664.026092	0.262118	1.000000
-7.6206196994256405474744	-7.5574469376622239735752	1.0512523080059394953167	-8.4947842681450964619216	-15.8300028068104925438320	5.5558976642794641875867	53653.823084	53664.026092	0.262118	1.000000
-7.5842783676191922737075	-7.5670361345412260334342	1.0394051516609268404068	-8.4917970036732306482463	-15.8147239298316382161147	5.5663430326996605757017	53655.598534	53665.801542	0.262118	1.000000
-7.5842783676191922737075	-7.5670361345412260334342	1.0394051516609268404068	-8.4917970036732306482463	-15.8147239298316382161147	5.5663430326996605757017	53655.598534	53665.801542	0.262118	1.000000
-7.5842783676191922737075	-7.5670361345412260334342	1.0394051516609268404068	-8.4917970036732306482463	-15.8147239298316382161147	5.5663430326996605757017	53655.598534	53665.801542	0.262118	1.000000
-7.5842783676191922737075	-7.5670361345412260334342	1.0394051516609268404068	-8.4917970036732306482463	-15.8147239298316382161147	5.5663430326996605757017	53655.598534	53665.801542	0.262118	1.000000
-7.5838965073879931466649	-7.5671368940003658210003	1.0392806664636025093529	-8.4917656146887008361546	-15.8145633854815663710269	5.5664527884681378466780	53655.611267	53665.814275	0.262118	1.000000
-7.5838965073879931466649	-7.5671368940003658210003	1.0392806664636025093529	-8.4917656146887008361546	-15.8145633854815663710269	5.5664527884681378466780	53655.611267	53665.814275	0.262118	1.000000
-7.5850634096334843547993	-7.5619573237269355203694	1.0367660064243822137797	-8.4916378425244509742242	-15.8057269259201778055512	5.5594535391623836062536	53655.840966	53666.043974	0.262118	1.000000
-7.5877589741054727312530	-7.5499924263559874404450	1.0309570980200624124024	-8.4913426866039003471087	-15.7853145507243262102293	5.5432851515942846987173	53656.171789	53666.374797	0.262118	1.000000
-7.6457965963624028304935	-7.5346783429543418009189	1.0498771747093988970789	-8.4961133903283272417184	-15.8097151339316681628588	5.5266037500998512754791	53654.084838	53664.287846	0.262118	1.000000
-7.6457965963624028304935	-7.5346783429543418009189	1.0498771747093988970789	-8.4961133903283272417184	-15.8097151339316681628588	5.5266037500998512754791	53654.084838	53664.287846	0.262118	1.000000
-7.6457965963624028304935	-7.5346783429543418009189	1.0498771747093988970789	-8.4961133903283272417184	-15.8097151339316681628588	5.5266037500998512754791	53654.084838	53664.287846	0.262118	1.000000
-7.6457965963624028304935	-7.5346783429543418009189	1.0498771747093988970789	-8.4961133903283272417184	-15.8097151339316681628588	5.5266037500998512754791	53654.084838	53664.287846	0.262118	1.000000
-7.5833993099155287964663	-7.5511427881112025417565	1.0295358616288068365208	-8.4909843213680513684949	-15.7834816302033598134358	5.5445382234105533569846	53656.209959	53666.412967	0.262118	1.000000
-7.5833993099155287964663	-7.5511427881112025417565	1.0295358616288068365208	-8.4909843213680513684949	-15.7834816302033598134358	5.5445382234105533569846	53656.209959	53666.412967	0.262118	1.000000
-7.5833993099155287964663	-7.5511427881112025417565	1.0295358616288068365208	-8.4909843213680513684949	-15.7834816302033598134358	5.5445382234105533569846	53656.209959	53666.412967	0.262118	1.000000
-7.5833993099155287964663	-7.5511427881112025417565	1.0295358616288068365208	-8.4909843213680513684949	-15.7834816302033598134358	5.5445382234105533569846	53656.209959	53666.412967	0.262118	1.000000
-7.5833993099155287964663	-7.5511427881112025417565	1.0295358616288068365208	-8.4909843213680513684949	-15.7834816302033598134358	5.5445382234105533569846	53656.209959	53666.412967	0.262118	1.000000
-7.5833993099155287964663	-7.5511427881112025417565	1.0295358616288068365208	-8.4909843213680513684949	-15.7834816302033598134358	5.5445382234105533569846	53656.209959	53666.412967	0.265500	1.000000
-7.5833993099155287964663	-7.5511427881112025417565	1.0295358616288068365208	-8.4909843213680513684949	-15.7834816302033598134358	5.5445382234105533569846	53656.209959	53666.412967	0.265500	1.000000
-7.5833993099155287964663	-7.5511427881112025417565	1.0295358616288068365208	-8.4909843213680513684949	-15.7834816302033598134358	5.5445382234105533569846	53656.209959	53666.412967	0.265500	1.000000
-7.5833993099155287964663	-7.5511427881112025417565	1.0295358616288068365208	-8.4909843213680513684949	-15.7834816302033598134358	5.5445382234105533569846	53656.209959	53666.412967	0.265500	1.000000
-7.5833993099155287964663	-7.5511427881112025417565	1.0295358616288068365208	-8.4909843213680513684949	-15.7834816302033598134358	5.5445382234105533569846	53656.209959	53666.412967	0.265500	1.000000
-7.5737584070857817408751	-7.5288607177836546213712	1.0306213510507533648308	-8.4779513945432896093735	-15.7905047103117652795845	5.5353437933361959721879	53656.184155	53666.387163	0.265500	1.000000
-7.5737584070857817408751	-7.5288607177836546213712	1.0306213510507533648308	-8.4779513945432896093735	-15.7905047103117652795845	5.5353437933361959721879	53656.184155	53666.387163	0.265500	1.000000
-7.5692261159955762650497	-7.5410589888351982068571	1.0264765794317418645676	-8.4787597503479084082301	-15.7983654447409698207139	5.5149036862148301807451	53656.234318	53666.437326	0.265500	1.000000
-7.5692261159955762650497	-7.5410589888351982068571	1.0264765794317418645676	-8.4787597503479084082301	-15.7983654447409698207139	5.5149036862148301807451	53656.234318	53666.437326	0.265500	1.000000
-7.4670861792775395926469	-7.5877623577506243535140	1.0370842864056994958588	-8.3997451846147104248530	-15.9148737400252677787194	5.3495558563792959816396	53655.825193	53666.028202	0.265500	1.000000
-7.4647446629912650450933	-7.5886235297698165780389	1.0460967056019698784297	-8.4007161677623169993012	-15.9127331446521047553233	5.3479766607379533027711	53654.739944	53664.942953	0.265500	1.000000
-7.4647446629912650450933	-7.5886235297698165780389	1.0460967056019698784297	-8.4007161677623169993012	-15.9127331446521047553233	5.3479766607379533027711	53654.739944	53664.942953	0.265500	1.000000
-7.4562357327495494274672	-7.5768820093023245831887	1.0435011058488075086359	-8.4313488454028764351733	-15.9205592012386354383580	5.3476037430704908004486	53655.120235	53665.323243	0.265500	1.000000
-7.4562357327495494274672	-7.5768820093023245831887	1.0435011058488075086359	-8.4313488454028764351733	-15.9205592012386354383580	5.3476037430704908004486	53655.120235	53665.323243	0.265500	1.000000
-6.8698436239905049660592	-7.8244965407635991283541	1.0277488897597417683016	-7.8006078314581612787038	-17.2284692252333400119824	5.2739395337289813880943	53656.371409	53666.574417	0.265500	1.000000
-6.8698436239905049660592	-7.8244965407635991283541	1.0277488897597417683016	-7.8006078314581612787038	-17.2284692252333400119824	5.2739395337289813880943	53656.371409	53666.574417	0.265500	1.000000
-6.8698436239905049660592	-7.8244965407635991283541	1.0277488897597417683016	-7.8006078314581612787038	-17.2284692252333400119824	5.2739395337289813880943	53656.371409	53666.574417	0.265500	1.000000
-6.8770716443789252636520	-7.7590800149216692105369	1.0346129709068101476532	-7.6952982980569455406794	-17.3960247502249103490612	5.4217023062474645200837	53656.085805	53666.288813	0.265500	1.000000
-6.8770716443789252636520	-7.7590800149216692105369	1.0346129709068101476532	-7.6952982980569455406794	-17.3960247502249103490612	5.4217023062474645200837	53656.085805	53666.288813	0.265500	1.000000
-6.8770716443789252636520	-7.7590800149216692105369	1.0346129709068101476532	-7.6952982980569455406794	-17.3960247502249103490612	5.4217023062474645200837	53656.085805	53666.288813	0.265500	1.000000
-6.8743905619794771766351	-7.7662959172476853098033	1.0321611261297878314735	-7.6957764819328531302745	-17.4006747773977963333891	5.4096109356017514357973	53656.236452	53666.439460	0.265500	1.000000
-6.8343924741190695826276	-7.7760834184038385430426	1.0196078487604285367496	-7.6914188959602380890601	-17.3852960914715630735827	5.4207798492387615496568	53656.185281	53666.388290	0.265500	1.000000
-6.9099208380029599751992	-7.7576016861916432532098	1.0433121944380849832612	-7.6996473227826305318899	-17.4143356543313245765603	5.3996895967169935559582	53655.179325	53665.382333	0.265500	1.000000
-6.9099208380029599751992	-7.7576016861916432532098	1.0433121944380849832612	-7.6996473227826305318899	-17.4143356543313245765603	5.3996895967169935559582	53655.179325	53665.382333	0.265500	1.000000
-6.9261204897757968623750	-7.7736854028426787266426	1.0457923175533114790170	-7.7179388764277758738785	-17.4591686641315995132118	5.4157794748441974164166	53654.814592	53665.017600	0.265500	1.000000
-6.5127800441803129771756	-7.2600358935075366417777	1.0305721450885148016141	-7.7066537974151403389556	-18.1523222936559029960790	5.7391763799433324066968	53653.567393	53663.770401	0.265500	1.000000
-6.5127800441803129771756	-7.2600358935075366417777	1.0305721450885148016141	-7.7066537974151403389556	-18.1523222936559029960790	5.7391763799433324066968	53653.567393	53663.770401	0.265500	1.000000
-6.5127800441803129771756	-7.2600358935075366417777	1.0305721450885148016141	-7.7066537974151403389556	-18.1523222936559029960790	5.7391763799433324066968	53653.567393	53663.770401	0.265500	1.000000
-6.5231139897791523551973	-7.3737290251942262386819	1.0331856868390212333964	-7.4424427207661913996617	-18.0629927234021288029453	5.7594022068153654103639	53653.661730	53663.864738	0.265500	1.000000
-6.5231139897791523551973	-7.3737290251942262386819	1.0331856868390212333964	-7.4424427207661913996617	-18.0629927234021288029453	5.7594022068153654103639	53653.661730	53663.864738	0.265500	1.000000
-6.4820331917420350720249	-7.3837814646930146622594	1.0202926041968123360704	-7.4379671790879209325453	-18.0471977510820345003140	5.7708734523163336405105	53653.066625	53663.269633	0.265500	1.000000
-6.4820331917420350720249	-7.3837814646930146622594	1.0202926041968123360704	-7.4379671790879209325453	-18.0471977510820345003140	5.7708734523163336405105	53653.066625	53663.269633	0.265500	1.000000
-6.4847107283028790902790	-7.3765751056861574852519	1.0227412063111462892095	-7.4374896276292963293031	-18.0425538737558923685356	5.7829488316412200887839	53653.190441	53663.393449	0.265500	1.000000
-6.4847107283028790902790	-7.3765751056861574852519	1.0227412063111462892095	-7.4374896276292963293031	-18.0425538737558923685356	5.7829488316412200887839	53653.190441	53663.393449	0.265500	1.000000
-6.4772474104236232861354	-7.3593258732440132163788	1.0235815168872015590296	-7.4274004401840967304338	-18.0479906549646820224098	5.7758311419833807676127	53653.038072	53663.241080	0.265500	1.000000
-6.4772474104236232861354	-7.3593258732440132163788	1.0235815168872015590296	-7.4274004401840967304338	-18.0479906549646820224098	5.7758311419833807676127	53653.038072	53663.241080	0.265500	1.000000
-6.4772474104236232861354	-7.3593258732440132163788	1.0235815168872015590296	-7.4274004401840967304338	-18.0479906549646820224098	5.7758311419833807676127	53653.038072	53663.241080	0.265500	1.000000
-6.4920775877028606970498	-7.3936014031338492813461	1.0219117561970996188592	-7.4474484189566014791239	-18.0371873593715967842854	5.7899745298374263313690	53653.328948	53663.531956	0.265500	1.000000
-6.4920775877028606970498	-7.3936014031338492813461	1.0219117561970996188592	-7.4474484189566014791239	-18.0371873593715967842854	5.7899745298374263313690	53653.328948	53663.531956	0.265500	1.000000
-6.4920775877028606970498	-7.3936014031338492813461	1.0219117561970996188592	-7.4474484189566014791239	-18.0371873593715967842854	5.7899745298374263313690	53653.328948	53663.531956	0.265500	1.000000
-6.6657154256783481827142	-7.7949134571621891964810	1.0023615087046662264214	-7.6821784308971654553488	-17.9106979146082139209284	5.9555711536932616212425	53653.341507	53663.544516	0.265500	1.000000
-6.5186763128098990094372	-7.4550764199372014928713	1.0189169500828976211437	-7.4834055532700354262943	-18.0178110643806483892604	5.8153414609622933184596	53653.731675	53663.934683	0.265500	1.000000
-6.5186763128098990094372	-7.4550764199372014928713	1.0189169500828976211437	-7.4834055532700354262943	-18.0178110643806483892604	5.8153414609622933184596	53653.731675	53663.934683	0.265500	1.000000
-6.5502769837112442274929	-7.4473437602145278191301	1.0288347238591559751342	-7.4868482838506951182467	-18.0299610650143300460968	5.8065174100376468757645	53654.344781	53664.547789	0.265500	1.000000
-6.5502769837112442274929	-7.4473437602145278191301	1.0288347238591559751342	-7.4868482838506951182467	-18.0299610650143300460968	5.8065174100376468757645	53654.344781	53664.547789	0.265500	1.000000
-6.5723541777600731350617	-7.3879248941917508020083	1.0490242760083423601003	-7.4829107106445889030510	-17.9916707266609741111552	5.9060829944883996844851	53652.313776	53662.516785	0.265500	1.000000
-6.9266164644291174923296	-8.2066964683229635113548	1.0091371439041465496445	-7.9618154917076626730932	-17.7336023213880444870938	6.2439393011312143144664	53655.114897	53665.317905	0.265500	1.000000
-6.9565522946731794817765	-8.1899940997197830938603	1.0273954049977442881669	-7.9932458302076776490708	-17.7224641309654309395683	6.3352817809930952464015	53656.402053	53666.605062	0.265500	1.000000
-6.9565522946731794817765	-8.1899940997197830938603	1.0273954049977442881669	-7.9932458302076776490708	-17.7224641309654309395683	6.3352817809930952464015	53656.402053	53666.605062	0.265500	1.000000
-6.9565522946731794817765	-8.1899940997197830938603	1.0273954049977442881669	-7.9932458302076776490708	-17.7224641309654309395683	6.3352817809930952464015	53656.402053	53666.605062	0.265500	1.000000
-6.9565522946731794817765	-8.1899940997197830938603	1.0273954049977442881669	-7.9932458302076776490708	-17.7224641309654309395683	6.3352817809930952464015	53656.402053	53666.605062	0.265500	1.000000
-6.9565522946731794817765	-8.1899940997197830938603	1.0273954049977442881669	-7.9932458302076776490708	-17.7224641309654309395683	6.3352817809930952464015	53656.402053	53666.605062	0.265500	1.000000
-6.9733354753438359097117	-8.2131533046675482268029	1.0325150167901255837677	-7.9328253368362506847689	-17.7070278636675055849992	6.3360173311046263933122	53656.246350	53666.449359	0.265500	1.000000
-6.9733354753438359097117	-8.2131533046675482268029	1.0325150167901255837677	-7.9328253368362506847689	-17.7070278636675055849992	6.3360173311046263933122	53656.246350	53666.449359	0.265500	1.000000
-6.5178430374321765228274	-7.3756652309976198367281	1.0396074065481282211465	-7.3829132397671948240259	-18.0821205497925809879689	5.7486070272355505039741	53652.949517	53663.152525	0.265500	1.000000
-6.5178430374321765228274	-7.3756652309976198367281	1.0396074065481282211465	-7.3829132397671948240259	-18.0821205497925809879689	5.7486070272355505039741	53652.949517	53663.152525	0.265500	1.000000
-6.8864765322004428682590	-8.1141437271379999174314	1.0490043628731782199281	-7.2777002556249961173762	-17.7902697827336062630366	5.9892734479844511596980	53654.269561	53664.472570	0.265500	1.000000
-6.8864765322004428682590	-8.1141437271379999174314	1.0490043628731782199281	-7.2777002556249961173762	-17.7902697827336062630366	5.9892734479844511596980	53654.269561	53664.472570	0.265500	1.000000
-6.8864765322004428682590	-8.1141437271379999174314	1.0490043628731782199281	-7.2777002556249961173762	-17.7902697827336062630366	5.9892734479844511596980	53654.269561	53664.472570	0.265500	1.000000
-6.8579658098086913042835	-8.4095874554978671255867	1.0077279786014736728816	-7.5499326521079428431449	-17.7675572370269421185185	5.4665085042767209699832	53654.954408	53665.157416	0.265500	1.000000
-6.8836931658523630161994	-8.4450887781059993386634	1.0155759591465594038340	-7.4573125715758399323363	-17.7438945980699926963098	5.4676360473794662908631	53655.997948	53666.200956	0.265500	1.000000
-6.8836931658523630161994	-8.4450887781059993386634	1.0155759591465594038340	-7.4573125715758399323363	-17.7438945980699926963098	5.4676360473794662908631	53655.997948	53666.200956	0.265500	1.000000
-6.8715990290795883055353	-8.4284000110788586113131	1.0118867129627997503150	-7.5008522155236754258567	-17.7550181348789983815095	5.4671060022213611162556	53655.577399	53665.780408	0.265500	1.000000
-6.8715990290795883055353	-8.4284000110788586113131	1.0118867129627997503150	-7.5008522155236754258567	-17.7550181348789983815095	5.4671060022213611162556	53655.577399	53665.780408	0.265500	1.000000
-6.8629482795339926681777	-8.4516827582934492824052	1.0039756188856236995832	-7.5023951181021519829528	-17.7700218589201242025410	5.4280921251616529588091	53654.298351	53664.501359	0.265500	1.000000
-6.8629482795339926681777	-8.4516827582934492824052	1.0039756188856236995832	-7.5023951181021519829528	-17.7700218589201242025410	5.4280921251616529588091	53654.298351	53664.501359	0.265500	1.000000
-6.9083591754700757192609	-8.4405707471886302073472	1.0182276894912547504646	-7.5073424016779455314463	-17.7874816912167865723404	5.4154117596236943654731	53656.194508	53666.397517	0.265500	1.000000
-6.9083591754700757192609	-8.4405707471886302073472	1.0182276894912547504646	-7.5073424016779455314463	-17.7874816912167865723404	5.4154117596236943654731	53656.194508	53666.397517	0.265500	1.000000
-6.8744964771462715447115	-8.3623072236518645183878	1.0220403615488591331228	-7.4615655613615601282618	-17.8121495513969669843846	5.3831172517995291570969	53656.389392	53666.592401	0.265500	1.000000
-6.8744964771462715447115	-8.3623072236518645183878	1.0220403615488591331228	-7.4615655613615601282618	-17.8121495513969669843846	5.3831172517995291570969	53656.389392	53666.592401	0.265500	1.000000
-6.8744964771462715447115	-8.3623072236518645183878	1.0220403615488591331228	-7.4615655613615601282618	-17.8121495513969669843846	5.3831172517995291570969	53656.389392	53666.592401	0.265500	1.000000
-6.8472670649004028220475	-8.3247332052828770798669	1.0137341874827425769467	-7.5595931375638363292069	-17.8371937008964422943791	5.3819238786477168190459	53655.754380	53665.957389	0.265500	1.000000
-6.8472670649004028220475	-8.3247332052828770798669	1.0137341874827425769467	-7.5595931375638363292069	-17.8371937008964422943791	5.3819238786477168190459	53655.754380	53665.957389	0.265500	1.000000
-6.8472670649004028220475	-8.3247332052828770798669	1.0137341874827425769467	-7.5595931375638363292069	-17.8371937008964422943791	5.3819238786477168190459	53655.754380	53665.957389	0.265500	1.000000
-6.8472670649004028220475	-8.3247332052828770798669	1.0137341874827425769467	-7.5595931375638363292069	-17.8371937008964422943791	5.3819238786477168190459	53655.754380	53665.957389	0.265500	1.000000
-6.7843624498489836227577	-8.1793479564887139332541	1.0208167497111730881443	-7.4745563666946859271434	-17.8830176406763854402016	5.3219323929270956341497	53656.203947	53666.406955	0.265500	1.000000
-6.8581317815788409575362	-8.1612966580837884578159	1.0439690285348273146582	-7.4825931560101421879949	-17.9113808811298014234126	5.3013333258410337833766	53655.046420	53665.249428	0.265500	1.000000
-6.7706952175152137485270	-8.2000245644018647794837	1.0359549432085877196386	-7.2908016035048817116149	-17.9807096290275794103763	5.1928584670893940256065	53655.860648	53666.063656	0.265500	1.000000
-6.8014441682931217059149	-8.2710915895374839124088	1.0324928545022906689610	-7.3323691654338496448418	-17.9583100313574952622275	5.2221834258385904092847	53656.190566	53666.393574	0.265500	1.000000
-6.8047821684462848068620	-8.2788063809299092810079	1.0321170220807114326078	-7.3368815967388290033568	-17.9558784082106264179401	5.2253668423233783357773	53656.218374	53666.421383	0.265500	1.000000
-6.8047821684462848068620	-8.2788063809299092810079	1.0321170220807114326078	-7.3368815967388290033568	-17.9558784082106264179401	5.2253668423233783357773	53656.218374	53666.421383	0.265500	1.000000
-6.8047821684462848068620	-8.2788063809299092810079	1.0321170220807114326078	-7.3368815967388290033568	-17.9558784082106264179401	5.2253668423233783357773	53656.218374	53666.421383	0.265500	1.000000
-6.8047821684462848068620	-8.2788063809299092810079	1.0321170220807114326078	-7.3368815967388290033568	-17.9558784082106264179401	5.2253668423233783357773	53656.218374	53666.421383	0.265500	1.000000
-6.8047821684462848068620	-8.2788063809299092810079	1.0321170220807114326078	-7.3368815967388290033568	-17.9558784082106264179401	5.2253668423233783357773	53656.218374	53666.421383	0.265500	1.000000
-6.8047821684462848068620	-8.2788063809299092810079	1.0321170220807114326078	-7.3368815967388290033568	-17.9558784082106264179401	5.2253668423233783357773	53656.218374	53666.421383	0.265500	1.000000
-6.8047821684462848068620	-8.2788063809299092810079	1.0321170220807114326078	-7.3368815967388290033568	-17.9558784082106264179401	5.2253668423233783357773	53656.218374	53666.421383	0.265500	1.000000
-6.8047821684462848068620	-8.2788063809299092810079	1.0321170220807114326078	-7.3368815967388290033568	-17.9558784082106264179401	5.2253668423233783357773	53656.218374	53666.421383	0.265500	1.000000
-6.8047821684462848068620	-8.2788063809299092810079	1.0321170220807114326078	-7.3368815967388290033568	-17.9558784082106264179401	5.2253668423233783357773	53656.218374	53666.421383	0.265500	1.000000
-6.8047821684462848068620	-8.2788063809299092810079	1.0321170220807114326078	-7.3368815967388290033568	-17.9558784082106264179401	5.2253668423233783357773	53656.218374	53666.421383	0.265500	1.000000
-6.9015394176891025068699	-8.1275006804174676489083	1.0189456680536941313164	-7.4115885872268165712740	-17.7825123097660373616691	5.2163697733888145791070	53656.280518	53666.483526	0.265500	1.000000
-6.8948976467873270834730	-8.1364179156322862240813	1.0269078920928789155909	-7.4064037603383736652063	-17.8123893470658707371967	5.2328344601869885011070	53656.481515	53666.684524	0.265500	1.000000
-6.8948976467873270834730	-8.1364179156322862240813	1.0269078920928789155909	-7.4064037603383736652063	-17.8123893470658707371967	5.2328344601869885011070	53656.481515	53666.684524	0.265500	1.000000
-6.8695904750554195317136	-8.1426105609769710014234	1.0189653137553003059423	-7.4036466741263931012895	-17.8026591057827232589261	5.2399011383856342050080	53656.271428	53666.474437	0.265500	1.000000
-6.8756757600332587543335	-8.1337153535562940476211	1.0209152911889907144882	-7.4212180147105355487724	-17.8109444568119812402074	5.2367291488479272842937	53656.365431	53666.568439	0.265500	1.000000
-6.8756757600332587543335	-8.1337153535562940476211	1.0209152911889907144882	-7.4212180147105355487724	-17.8109444568119812402074	5.2367291488479272842937	53656.365431	53666.568439	0.265500	1.000000
-6.8756757600332587543335	-8.1337153535562940476211	1.0209152911889907144882	-7.4212180147105355487724	-17.8109444568119812402074	5.2367291488479272842937	53656.365431	53666.568439	0.265500	1.000000
-6.8711322724000494233110	-8.1274457695400119661144	1.0195293266735645509868	-7.4375748525360041440990	-17.8151233124739256652447	5.2365300231338611780529	53656.287640	53666.490648	0.265500	1.000000
-6.8711322724000494233110	-8.1274457695400119661144	1.0195293266735645509868	-7.4375748525360041440990	-17.8151233124739256652447	5.2365300231338611780529	53656.287640	53666.490648	0.265500	1.000000
-6.7830552225697253732051	-7.9554234400519696635001	1.0232970372367553579807	-7.3214224925206190519589	-17.8856210553214438618852	5.1278418372023759630451	53656.352355	53666.555364	0.265500	1.000000
-6.7830552225697253732051	-7.9554234400519696635001	1.0232970372367553579807	-7.3214224925206190519589	-17.8856210553214438618852	5.1278418372023759630451	53656.352355	53666.555364	0.265500	1.000000
-6.7830552225697253732051	-7.9554234400519696635001	1.0232970372367553579807	-7.3214224925206190519589	-17.8856210553214438618852	5.1278418372023759630451	53656.352355	53666.555364	0.270684	1.000000
-6.7830552225697253732051	-7.9554234400519696635001	1.0232970372367553579807	-7.3214224925206190519589	-17.8856210553214438618852	5.1278418372023759630451	53656.352355	53666.555364	0.270684	1.000000
-6.7830552225697253732051	-7.9554234400519696635001	1.0232970372367553579807	-7.3214224925206190519589	-17.8856210553214438618852	5.1278418372023759630451	53656.352355	53666.555364	0.270684	1.000000
-6.7830552225697253732051	-7.9554234400519696635001	1.0232970372367553579807	-7.3214224925206190519589	-17.8856210553214438618852	5.1278418372023759630451	53656.352355	53666.555364	0.270684	1.000000
-6.7830552225697253732051	-7.9554234400519696635001	1.0232970372367553579807	-7.3214224925206190519589	-17.8856210553214438618852	5.1278418372023759630451	53656.352355	53666.555364	0.270684	1.000000
-6.7961589160629438666206	-7.7397833300881888618505	1.0304897664599810269692	-7.3623405952848282041145	-18.6044058874249245150168	5.9486215642631545819086	53656.267230	53666.470238	0.270684	1.000000
-6.7961589160629438666206	-7.7397833300881888618505	1.0304897664599810269692	-7.3623405952848282041145	-18.6044058874249245150168	5.9486215642631545819086	53656.267230	53666.470238	0.270684	1.000000
-6.7439136640218677598568	-7.6727557117217672910670	1.0152106154367304124975	-7.5360216130815151913680	-18.6507998728415991251950	5.9460686722954658733897	53655.691341	53665.894349	0.270684	1.000000
-6.7439136640218677598568	-7.6727557117217672910670	1.0152106154367304124975	-7.5360216130815151913680	-18.6507998728415991251950	5.9460686722954658733897	53655.691341	53665.894349	0.270684	1.000000
-6.7439136640218677598568	-7.6727557117217672910670	1.0152106154367304124975	-7.5360216130815151913680	-18.6507998728415991251950	5.9460686722954658733897	53655.691341	53665.894349	0.270684	1.000000
-7.0377005563255670139711	-8.2491237024979131575719	1.0169835181854594008399	-7.9126346284658168883652	-18.4282636585733570200318	6.3681615589657560860815	53655.996541	53666.199549	0.270684	1.000000
-7.0377005563255670139711	-8.2491237024979131575719	1.0169835181854594008399	-7.9126346284658168883652	-18.4282636585733570200318	6.3681615589657560860815	53655.996541	53666.199549	0.270684	1.000000
-7.0377005563255670139711	-8.2491237024979131575719	1.0169835181854594008399	-7.9126346284658168883652	-18.4282636585733570200318	6.3681615589657560860815	53655.996541	53666.199549	0.270684	1.000000
-7.0470908058324779332793	-8.2675460330476031600710	1.0170401851083146205212	-7.9246722321665057364726	-18.4211507797110094486470	6.3816528263597724901501	53655.995371	53666.198379	0.270684	1.000000
-7.1224754824011986542587	-8.2722593832381114964392	1.0298307636043659840652	-8.1378235188069876215877	-18.3197399295828589060875	6.3458912214086202752128	53656.311554	53666.514562	0.270684	1.000000
-7.1224754824011986542587	-8.2722593832381114964392	1.0298307636043659840652	-8.1378235188069876215877	-18.3197399295828589060875	6.3458912214086202752128	53656.311554	53666.514562	0.270684	1.000000
-7.1224754824011986542587	-8.2722593832381114964392	1.0298307636043659840652	-8.1378235188069876215877	-18.3197399295828589060875	6.3458912214086202752128	53656.311554	53666.514562	0.270684	1.000000
-7.1402124870872585304937	-8.2641551702101683218871	1.0352941210931070337153	-8.1497143828861418057841	-18.3302579439353579005001	6.3395248701317381545550	53656.035342	53666.238351	0.270684	1.000000
-7.1402124870872585304937	-8.2641551702101683218871	1.0352941210931070337153	-8.1497143828861418057841	-18.3302579439353579005001	6.3395248701317381545550	53656.035342	53666.238351	0.270684	1.000000
-7.1085437807566433932038	-8.2020256841220415822136	1.0351030113534518406482	-8.1091174492007418450612	-18.3542461959718110620088	6.2940254417284284826906	53656.058935	53666.261944	0.270684	1.000000
-7.1085437807566433932038	-8.2020256841220415822136	1.0351030113534518406482	-8.1091174492007418450612	-18.3542461959718110620088	6.2940254417284284826906	53656.058935	53666.261944	0.270684	1.000000
-7.1085437807566433932038	-8.2020256841220415822136	1.0351030113534518406482	-8.1091174492007418450612	-18.3542461959718110620088	6.2940254417284284826906	53656.058935	53666.261944	0.270684	1.000000
-7.0943607947694138360362	-8.2644996657367073567002	1.0184217667699158038630	-8.1194625726341325133717	-18.3804159180631359049585	6.2232257389858851581721	53656.069236	53666.272245	0.270684	1.000000
-7.0943607947694138360362	-8.2644996657367073567002	1.0184217667699158038630	-8.1194625726341325133717	-18.3804159180631359049585	6.2232257389858851581721	53656.069236	53666.272245	0.270684	1.000000
-6.8527845798728428405866	-7.7905615791616664722596	1.0169639374840029333313	-7.8097797749303019543277	-18.5634038515913637468202	5.8761455779310214353472	53656.014529	53666.217537	0.270684	1.000000
-6.8527845798728428405866	-7.7905615791616664722596	1.0169639374840029333313	-7.8097797749303019543277	-18.5634038515913637468202	5.8761455779310214353472	53656.014529	53666.217537	0.270684	1.000000
-6.6761552865091049469015	-7.4440400916644309248227	1.0158980405093109844472	-7.5833541156461210519524	-18.6971961183797965588838	5.6223767058012050767957	53655.391382	53665.594390	0.270684	1.000000
-6.9320137352421360432686	-7.9459978844815264409362	1.0174420581592729107001	-7.9113456782829105762289	-18.5033897503586715060919	5.9899766023039653362048	53656.072095	53666.275104	0.270684	1.000000
-6.9320137352421360432686	-7.9459978844815264409362	1.0174420581592729107001	-7.9113456782829105762289	-18.5033897503586715060919	5.9899766023039653362048	53656.072095	53666.275104	0.270684	1.000000
-6.9558029355420716299818	-7.9851139203761398732695	1.0154792769142091390933	-7.9236417730330437336761	-18.5365215836997556664301	5.9265106121730246613311	53655.897567	53666.100575	0.270684	1.000000
-6.9558029355420716299818	-7.9851139203761398732695	1.0154792769142091390933	-7.9236417730330437336761	-18.5365215836997556664301	5.9265106121730246613311	53655.897567	53666.100575	0.270684	1.000000
-6.9558029355420716299818	-7.9851139203761398732695	1.0154792769142091390933	-7.9236417730330437336761	-18.5365215836997556664301	5.9265106121730246613311	53655.897567	53666.100575	0.270684	1.000000
-6.9558029355420716299818	-7.9851139203761398732695	1.0154792769142091390933	-7.9236417730330437336761	-18.5365215836997556664301	5.9265106121730246613311	53655.897567	53666.100575	0.270684	1.000000
-7.0102392451890542801607	-8.0919101976724920888273	1.0158077813013417500798	-7.9934250862427784767306	-18.4952874422696105227715	6.0047209737667621709534	53655.902694	53666.105702	0.270684	1.000000
-6.8519329058138609411799	-7.6001883472817581832714	1.0397216188998992247861	-7.6951488897226996144241	-18.7106480053851882416893	5.6329220143628804251534	53655.573405	53665.776413	0.270684	1.000000
-6.8557855770252809080034	-7.6077467388350195065527	1.0397448684442445188125	-7.7000877285893336576805	-18.7077297034164153899383	5.6384572685066851605029	53655.576269	53665.779277	0.270684	1.000000
-6.6461130368064482709656	-7.1963991127403428293974	1.0384795668510655719530	-7.4313030765720098358429	-18.8665514022690317119668	5.3372141222843128005593	53654.806601	53665.009609	0.270684	1.000000
-6.5470703720241374412581	-7.0414419381182877799574	1.0138478526255569889258	-7.7732794098221065226539	-18.9498081258842745455695	5.3566135483535672889843	53653.750890	53663.953898	0.270684	1.000000
-6.5470703720241374412581	-7.0414419381182877799574	1.0138478526255569889258	-7.7732794098221065226539	-18.9498081258842745455695	5.3566135483535672889843	53653.750890	53663.953898	0.270684	1.000000
-6.5434248879725762648718	-7.0453273010620778293855	1.0181482394605041452706	-7.7699648868283457403550	-18.9656085987680071980321	5.3651150949591137617745	53654.029471	53664.232479	0.270684	1.000000
-6.5434248879725762648718	-7.0453273010620778293855	1.0181482394605041452706	-7.7699648868283457403550	-18.9656085987680071980321	5.3651150949591137617745	53654.029471	53664.232479	0.270684	1.000000
-7.0161972767130169614802	-7.9728393137868724949158	1.0210012580582661367856	-8.3760240391540285997962	-18.6074953528846869232893	6.0443620849683696860666	53656.261179	53666.464188	0.270684	1.000000
-7.0161972767130169614802	-7.9728393137868724949158	1.0210012580582661367856	-8.3760240391540285997962	-18.6074953528846869232893	6.0443620849683696860666	53656.261179	53666.464188	0.270684	1.000000
-6.8382108097588867323680	-7.6236552452285994974090	1.0199271710082102870842	-8.1478585839440675897549	-18.7423156446831598032077	5.7886433187708181691278	53656.178117	53666.381125	0.270684	1.000000
-6.8382108097588867323680	-7.6236552452285994974090	1.0199271710082102870842	-8.1478585839440675897549	-18.7423156446831598032077	5.7886433187708181691278	53656.178117	53666.381125	0.270684	1.000000
-6.8382108097588867323680	-7.6236552452285994974090	1.0199271710082102870842	-8.1478585839440675897549	-18.7423156446831598032077	5.7886433187708181691278	53656.178117	53666.381125	0.270684	1.000000
-6.8382108097588867323680	-7.6236552452285994974090	1.0199271710082102870842	-8.1478585839440675897549	-18.7423156446831598032077	5.7886433187708181691278	53656.178117	53666.381125	0.270684	1.000000
-6.8382108097588867323680	-7.6236552452285994974090	1.0199271710082102870842	-8.1478585839440675897549	-18.7423156446831598032077	5.7886433187708181691278	53656.178117	53666.381125	0.270684	1.000000
-6.8382108097588867323680	-7.6236552452285994974090	1.0199271710082102870842	-8.1478585839440675897549	-18.7423156446831598032077	5.7886433187708181691278	53656.178117	53666.381125	0.270684	1.000000
-6.8382108097588867323680	-7.6236552452285994974090	1.0199271710082102870842	-8.1478585839440675897549	-18.7423156446831598032077	5.7886433187708181691278	53656.178117	53666.381125	0.270684	1.000000
-6.8570190404032045350391	-7.6194697856100326305295	1.0256810391760131651040	-8.1503462519368934380282	-18.7497165259054305863629	5.7829256868006950753625	53656.357881	53666.560889	0.270684	1.000000
-6.8570190404032045350391	-7.6194697856100326305295	1.0256810391760131651040	-8.1503462519368934380282	-18.7497165259054305863629	5.7829256868006950753625	53656.357881	53666.560889	0.270684	1.000000
-6.8084932495735550617155	-7.4815097801373005026448	1.0312584973938145882499	-8.0656352382998903749467	-18.8090037013600337445496	5.6791325085647592629812	53656.158318	53666.361326	0.270684	1.000000
-6.5172137781098307129923	-6.8466208393612513205539	1.0046564927111141241056	-7.6844269081501703766435	-18.9546943422904234921589	5.1816722780099677692078	53651.932859	53662.135867	0.270684	1.000000
-6.6194726816553135506638	-6.9678568585635547449897	1.0299598180035760552897	-7.8047570135727681872595	-19.2823299322629715391031	5.3095414331879196012665	53655.121476	53665.324485	0.270684	1.000000
-6.6355004727619579796283	-7.0943921051541787292649	1.0343757725852138484868	-7.4351649074153121077302	-19.6764903863525404403845	5.0087479938851506844344	53655.094080	53665.297088	0.270684	1.000000
-6.6839358248186675481861	-7.1894153593523348888539	1.0346680632593268089892	-7.4972554378887430459599	-19.6398018200283921430582	5.0783365905927739802905	53655.457206	53665.660214	0.270684	1.000000
-6.6839358248186675481861	-7.1894153593523348888539	1.0346680632593268089892	-7.4972554378887430459599	-19.6398018200283921430582	5.0783365905927739802905	53655.457206	53665.660214	0.270684	1.000000
-6.7303734650107527315299	-7.2832038996701715660720	1.0407258725938772769837	-7.2111218793113689429219	-19.5785239996383850780148	4.9729897387747428183502	53655.196743	53665.399752	0.270684	1.000000
-6.7303734650107527315299	-7.2832038996701715660720	1.0407258725938772769837	-7.2111218793113689429219	-19.5785239996383850780148	4.9729897387747428183502	53655.196743	53665.399752	0.270684	1.000000
-6.7303734650107527315299	-7.2832038996701715660720	1.0407258725938772769837	-7.2111218793113689429219	-19.5785239996383850780148	4.9729897387747428183502	53655.196743	53665.399752	0.270684	1.000000
-6.7233460093963044457155	-7.2741880830244438627119	1.0386706895591026889036	-7.2344835360352908182335	-19.5847644073415914078851	4.9726463518775503303004	53655.404250	53665.607258	0.270684	1.000000
-6.7076156645047921855962	-7.3434779545951807122606	1.0201695269157100565138	-7.2459573088853117539543	-19.6137892371328810270370	4.8941224258608757580191	53656.032313	53666.235321	0.270684	1.000000
-6.7306517642574545945422	-7.3886714975257330451086	1.0203085418467412459620	-7.2754878809353922264336	-19.5963399684120567201262	4.9272191163428136206903	53656.121479	53666.324487	0.270684	1.000000
-6.7322511248003644723781	-7.3907233840400561319939	1.0207762756660085923244	-7.2701710615869448162130	-19.5949197300783346520348	4.9272972668832730747113	53656.150982	53666.353990	0.270684	1.000000
-6.7442378340050446183795	-7.3915371569407311014288	1.0423732768336089193895	-6.8687730163976405961535	-19.5512841604041796017555	4.8457450090967402189790	53655.009437	53665.212446	0.270684	1.000000
-6.7442378340050446183795	-7.3915371569407311014288	1.0423732768336089193895	-6.8687730163976405961535	-19.5512841604041796017555	4.8457450090967402189790	53655.009437	53665.212446	0.270684	1.000000
-6.8368962816909437663071	-7.7037676833414510113585	1.0250236566018708916914	-7.0562099505044271197107	-19.4123640660010821079595	5.0828234326630736816810	53656.739046	53666.942054	0.270684	1.000000
-6.8365581746769397142316	-7.7052569953520331225150	1.0246259938106154763204	-7.0564565670347345616165	-19.4129879238122349249807	5.0811356444844602009425	53656.739844	53666.942852	0.270684	1.000000
-6.8365581746769397142316	-7.7052569953520331225150	1.0246259938106154763204	-7.0564565670347345616165	-19.4129879238122349249807	5.0811356444844602009425	53656.739844	53666.942852	0.270684	1.000000
-6.8365581746769397142316	-7.7052569953520331225150	1.0246259938106154763204	-7.0564565670347345616165	-19.4129879238122349249807	5.0811356444844602009425	53656.739844	53666.942852	0.270684	1.000000
-6.8205223379765227420535	-7.7088255047046025936197	1.0197202643946221556348	-7.0543355893387360566749	-19.4066779563855327239708	5.0860104790353473092068	53656.627927	53666.830935	0.270684	1.000000
-6.8205223379765227420535	-7.7088255047046025936197	1.0197202643946221556348	-7.0543355893387360566749	-19.4066779563855327239708	5.0860104790353473092068	53656.627927	53666.830935	0.270684	1.000000
-6.8885728891025461706477	-7.9125431097809277858346	1.0215350213739335938357	-6.7750015281744380146733	-19.3658387931752393740226	4.9881665327136284204812	53656.965572	53667.168580	0.270684	1.000000
-6.8885728891025461706477	-7.9125431097809277858346	1.0215350213739335938357	-6.7750015281744380146733	-19.3658387931752393740226	4.9881665327136284204812	53656.965572	53667.168580	0.270684	1.000000
-7.0225704941335136410885	-8.1754273037451596906067	1.0223436507869740896837	-6.9467765236116729710147	-19.2643389627683170317596	5.1806851147065877682962	53656.902394	53667.105403	0.270684	1.000000
-7.0288521007642126292581	-8.1477577440692066090833	1.0297317294806003218355	-6.9421946960604721255095	-19.2527484627170295539145	5.2120421140436459239709	53656.770794	53666.973802	0.270684	1.000000
-6.8864170644457551873074	-7.8373792465562788223110	1.0345587434456056108445	-6.7498287775489949069652	-19.3553535027201313312162	5.0246786784082866361700	53656.029859	53666.232867	0.270684	1.000000
-7.0739474953221694875083	-8.2084196936446254255770	1.0343689167288054875371	-7.0114819679095523596857	-19.2139061509800121996250	5.3005131106336627055953	53656.411297	53666.614305	0.270684	1.000000
-7.0079474362557654387729	-8.0789369888958830756565	1.0339706290951484746188	-6.9268747852485734739503	-19.2638995430301065425738	5.2056887458252081302135	53656.492135	53666.695143	0.270684	1.000000
-7.0893597998998885145738	-7.6138460497442377317157	1.0219788877572431040619	-6.8977264202328001374553	-18.9990881034802150395535	5.5722268227504834214869	53656.912878	53667.115886	0.270684	1.000000
-7.1252612602208289516170	-7.6842795956007341473537	1.0221955407099574397733	-6.9437494307291025563700	-18.9718936462875333859301	5.6238075822041073692503	53656.841699	53667.044708	0.270684	1.000000
-6.9702179426179915466832	-7.3801067145395924384843	1.0212599076672621567496	-6.7449953920457526024279	-19.0893350769666696464810	5.4010519617175756224015	53656.884928	53667.087936	0.270684	1.000000
-7.1358359932318418117347	-7.7050257138865383410575	1.0222593555829606604135	-6.9573054544677122024154	-18.9638835508312126876262	5.6390006343766723162503	53656.818771	53667.021779	0.270684	1.000000
-7.0658141839306711773361	-7.5676529086501966858691	1.0218367980712637077545	-6.8675426861672201894748	-19.0169233179763956798070	5.5383980942631581001478	53656.949434	53667.152442	0.270684	1.000000
-7.0666678841580203851436	-7.5693277467646682410418	1.0218419498582198556846	-6.8686370665677038971353	-19.0162766614314939772612	5.5396246322835827058384	53656.948312	53667.151320	0.270684	1.000000
-7.0059957823104586083218	-7.4914889704308933460197	1.0040983622438257594212	-7.0703318041577132291309	-19.0701537219938899170302	5.5366599739573549854299	53654.822396	53665.025405	0.270684	1.000000
-7.0059957823104586083218	-7.4914889704308933460197	1.0040983622438257594212	-7.0703318041577132291309	-19.0701537219938899170302	5.5366599739573549854299	53654.822396	53665.025405	0.270684	1.000000
-7.0127121665961267282796	-7.5046655586906894086496	1.0041388933106416558871	-7.0789417108777525911023	-19.0650662290809727039687	5.5463096149229365039446	53654.803083	53665.006091	0.270684	1.000000
-7.0127121665961267282796	-7.5046655586906894086496	1.0041388933106416558871	-7.0789417108777525911023	-19.0650662290809727039687	5.5463096149229365039446	53654.803083	53665.006091	0.270684	1.000000
-7.0127121665961267282796	-7.5046655586906894086496	1.0041388933106416558871	-7.0789417108777525911023	-19.0650662290809727039687	5.5463096149229365039446	53654.803083	53665.006091	0.270684	1.000000
-7.0314286452683099071237	-7.5413846210086212806800	1.0042518408156315690150	-7.1029348489474397609911	-19.0508889651619455207765	5.5732001696685795621988	53654.751805	53664.954814	0.270684	1.000000
-7.0314286452683099071237	-7.5413846210086212806800	1.0042518408156315690150	-7.1029348489474397609911	-19.0508889651619455207765	5.5732001696685795621988	53654.751805	53664.954814	0.270684	1.000000
-7.0962463859398203780415	-7.6245420107306172141648	1.0232078226515937124930	-6.8874585954831299972057	-18.9933305613266760758506	5.5763673989010840159608	53656.924925	53667.127933	0.270684	1.000000
-7.0962463859398203780415	-7.6245420107306172141648	1.0232078226515937124930	-6.8874585954831299972057	-18.9933305613266760758506	5.5763673989010840159608	53656.924925	53667.127933	0.270684	1.000000
-7.0962463859398203780415	-7.6245420107306172141648	1.0232078226515937124930	-6.8874585954831299972057	-18.9933305613266760758506	5.5763673989010840159608	53656.924925	53667.127933	0.270684	1.000000
-7.3780426029792138820085	-7.4293366863260050791951	1.0075802487044380750802	-6.9245275180006871096339	-18.3122977463522893515346	5.7943620646009721397718	53655.516770	53665.719778	0.270684	1.000000
-7.4189205240620399450791	-7.4780175929621934827196	1.0171764655536572607986	-6.7954182567595688979623	-18.2704765059422982176329	5.7925448360807640924008	53656.608990	53666.811998	0.270684	1.000000
-7.4303290118141180897737	-7.4277648708121315479502	1.0305944985892989684828	-6.7870968627957140029139	-18.2494261464324623034372	5.8494945885740925461960	53656.384859	53666.587867	0.270684	1.000000
-7.4303290118141180897737	-7.4277648708121315479502	1.0305944985892989684828	-6.7870968627957140029139	-18.2494261464324623034372	5.8494945885740925461960	53656.384859	53666.587867	0.270684	1.000000
-7.4303290118141180897737	-7.4277648708121315479502	1.0305944985892989684828	-6.7870968627957140029139	-18.2494261464324623034372	5.8494945885740925461960	53656.384859	53666.587867	0.273350	1.000000
-7.4303290118141180897737	-7.4277648708121315479502	1.0305944985892989684828	-6.7870968627957140029139	-18.2494261464324623034372	5.8494945885740925461960	53656.384859	53666.587867	0.273350	1.000000
-7.4303290118141180897737	-7.4277648708121315479502	1.0305944985892989684828	-6.7870968627957140029139	-18.2494261464324623034372	5.8494945885740925461960	53656.384859	53666.587867	0.273350	1.000000
-7.4084037841407868185684	-7.3942585746542413005500	1.0244951405617297446327	-6.8662504025182675704286	-18.2688972331932042436620	5.8501492104821393169800	53656.762648	53666.965657	0.273350	1.000000
-7.4084037841407868185684	-7.3942585746542413005500	1.0244951405617297446327	-6.8662504025182675704286	-18.2688972331932042436620	5.8501492104821393169800	53656.762648	53666.965657	0.273350	1.000000
-7.4084037841407868185684	-7.3942585746542413005500	1.0244951405617297446327	-6.8662504025182675704286	-18.2688972331932042436620	5.8501492104821393169800	53656.762648	53666.965657	0.273350	1.000000
-7.4094360165397628037454	-7.3971845272978420382515	1.0243566356698519115298	-6.8679214558644705590496	-18.2682164379414437860305	5.8513881107416647608943	53656.763346	53666.966354	0.273350	1.000000
-7.4595937827472953429719	-7.5393610844158720496466	1.0176264690985457050942	-6.9491205183452979809999	-18.2351355453955363827845	5.9115881874234137427493	53656.488523	53666.691531	0.273350	1.000000
-7.4860997277556080575778	-7.6144944942421615152739	1.0140699027176243163240	-6.9920302818291464319600	-18.2176538992827552476683	5.9434010061087683141068	53656.121904	53666.324912	0.273350	1.000000
-7.4860997277556080575778	-7.6144944942421615152739	1.0140699027176243163240	-6.9920302818291464319600	-18.2176538992827552476683	5.9434010061087683141068	53656.121904	53666.324912	0.273350	1.000000
-7.4860997277556080575778	-7.6144944942421615152739	1.0140699027176243163240	-6.9920302818291464319600	-18.2176538992827552476683	5.9434010061087683141068	53656.121904	53666.324912	0.273350	1.000000
-7.4860997277556080575778	-7.6144944942421615152739	1.0140699027176243163240	-6.9920302818291464319600	-18.2176538992827552476683	5.9434010061087683141068	53656.121904	53666.324912	0.273350	1.000000
-7.5059861621840653356230	-7.6102172573164175162219	1.0201346442900824929012	-6.9945161443505181608771	-18.2246587169308220666153	5.9381079285659303934608	53656.537512	53666.740520	0.273350	1.000000
-7.5059861621840653356230	-7.6102172573164175162219	1.0201346442900824929012	-6.9945161443505181608771	-18.2246587169308220666153	5.9381079285659303934608	53656.537512	53666.740520	0.273350	1.000000
-7.5466582387198615222701	-7.6723726274712449324511	1.0314491701966144177050	-6.8476835151235588838858	-18.1885391590057174937556	5.9368935816618630951780	53656.428494	53666.631502	0.273350	1.000000
-7.4942579271401221774340	-7.6836430514587963358508	1.0154687112968208140273	-6.8411333227734472117731	-18.1700816205948747494858	5.9508407230389792630376	53656.474457	53666.677466	0.273350	1.000000
-7.4569845937305201388767	-7.6459439309248420357790	1.0097013767153311114555	-6.7993384265391174636761	-18.0674211405187108425707	5.9136542091488086825279	53656.004694	53666.207702	0.273350	1.000000
-7.4578486236698777744891	-7.6457580926452415326366	1.0099648788686166334116	-6.7994464328109964768032	-18.0677254872928614304328	5.9134242344147853742697	53656.033654	53666.236662	0.273350	1.000000
-7.4487990665250496391536	-7.6557316663416434820988	1.0193138203476874714681	-6.7925919923772637432080	-18.1049951157427670977995	5.9281800934542570047370	53656.664452	53666.867460	0.273350	1.000000
-7.4487990665250496391536	-7.6557316663416434820988	1.0193138203476874714681	-6.7925919923772637432080	-18.1049951157427670977995	5.9281800934542570047370	53656.664452	53666.867460	0.273350	1.000000
-7.4487990665250496391536	-7.6557316663416434820988	1.0193138203476874714681	-6.7925919923772637432080	-18.1049951157427670977995	5.9281800934542570047370	53656.664452	53666.867460	0.273350	1.000000
-7.4487990665250496391536	-7.6557316663416434820988	1.0193138203476874714681	-6.7925919923772637432080	-18.1049951157427670977995	5.9281800934542570047370	53656.664452	53666.867460	0.273350	1.000000
-7.4577472437957785800222	-7.6538070642025237688699	1.0220427350199858818058	-6.7937105407320190764153	-18.1081470306971290540332	5.9257983997257293040661	53656.697788	53666.900796	0.273350	1.000000
-7.4535145921999470530750	-7.6418092445850085425718	1.0226106720002809957748	-6.7868584145833494858380	-18.1109386201799331672646	5.9207183100426696853447	53656.686585	53666.889593	0.273350	1.000000
-7.4518545598635359539230	-7.6371037383366049411393	1.0228334150564923898941	-6.7841710327560429405480	-18.1120334725925467012075	5.9187259152152638108646	53656.680564	53666.883572	0.273350	1.000000
-7.4211341969109749783229	-7.6553510356221607935368	1.0098406276032931838671	-6.7830231894081940424712	-18.1100592486406668513155	5.9002372006850878349837	53656.046612	53666.249621	0.273350	1.000000
-7.4211341969109749783229	-7.6553510356221607935368	1.0098406276032931838671	-6.7830231894081940424712	-18.1100592486406668513155	5.9002372006850878349837	53656.046612	53666.249621	0.273350	1.000000
-7.4211341969109749783229	-7.6553510356221607935368	1.0098406276032931838671	-6.7830231894081940424712	-18.1100592486406668513155	5.9002372006850878349837	53656.046612	53666.249621	0.273350	1.000000
-7.4113356551344349298915	-7.6661500699794880020477	1.0199633321934800100905	-6.7756014427006077127658	-18.1504134897950279992074	5.9162143251932901577561	53656.667916	53666.870924	0.273350	1.000000
-7.4113356551344349298915	-7.6661500699794880020477	1.0199633321934800100905	-6.7756014427006077127658	-18.1504134897950279992074	5.9162143251932901577561	53656.667916	53666.870924	0.273350	1.000000
-7.4113356551344349298915	-7.6661500699794880020477	1.0199633321934800100905	-6.7756014427006077127658	-18.1504134897950279992074	5.9162143251932901577561	53656.667916	53666.870924	0.273350	1.000000
-7.4113356551344349298915	-7.6661500699794880020477	1.0199633321934800100905	-6.7756014427006077127658	-18.1504134897950279992074	5.9162143251932901577561	53656.667916	53666.870924	0.273350	1.000000
-7.3985572099045704419495	-7.6466219548470730771328	1.0164085087885019742515	-6.8217336510938126892256	-18.1617616144049591753173	5.9165958514571395099324	53656.578893	53666.781901	0.273350	1.000000
-7.3985572099045704419495	-7.6466219548470730771328	1.0164085087885019742515	-6.8217336510938126892256	-18.1617616144049591753173	5.9165958514571395099324	53656.578893	53666.781901	0.273350	1.000000
-7.3985572099045704419495	-7.6466219548470730771328	1.0164085087885019742515	-6.8217336510938126892256	-18.1617616144049591753173	5.9165958514571395099324	53656.578893	53666.781901	0.273350	1.000000
-7.4563273809239705158802	-8.1244735787442046159867	1.0265124886491121536380	-7.0448288798739735483423	-18.0630596123789004536775	5.3696268113933767196500	53656.593154	53666.796162	0.273350	1.000000
-7.4563273809239705158802	-8.1244735787442046159867	1.0265124886491121536380	-7.0448288798739735483423	-18.0630596123789004536775	5.3696268113933767196500	53656.593154	53666.796162	0.273350	1.000000
-7.3490833707867126989299	-7.8204810909257060913546	1.0409024845873724451906	-6.8712144281498073183911	-18.1337909834862927027643	5.2409109988269158009189	53655.502672	53665.705680	0.273350	1.000000
-7.3547036289785312490608	-7.8142869691171101820260	1.0350962927382370004636	-6.8754714016548632571357	-18.1106445541915341834738	5.2317468224681515920338	53656.211435	53666.414443	0.273350	1.000000
-7.3547036289785312490608	-7.8142869691171101820260	1.0350962927382370004636	-6.8754714016548632571357	-18.1106445541915341834738	5.2317468224681515920338	53656.211435	53666.414443	0.273350	1.000000
-7.3187204381985244694420	-7.9034732358560031428851	0.9987643060293242003311	-6.8898120012872849926566	-18.1598725848175241992521	5.0547401334313235565787	53653.974626	53664.177634	0.273350	1.000000
-7.3187204381985244694420	-7.9034732358560031428851	0.9987643060293242003311	-6.8898120012872849926566	-18.1598725848175241992521	5.0547401334313235565787	53653.974626	53664.177634	0.273350	1.000000
-7.4377452929740801579328	-7.8778729953624724302585	1.0350631703385608783918	-6.9046904565811555443133	-18.2017980192783781490107	5.0230598546906293222492	53656.216425	53666.419433	0.273350	1.000000
-7.4120418877044071948035	-7.8834013646904343985966	1.0272244342869307764943	-6.9014774556753684109367	-18.1927442259754030828844	5.0299012076589972863871	53656.699338	53666.902346	0.273350	1.000000
-7.9362655663086680846163	-7.9536852751520932258700	1.0348011555803615646454	-7.2391446047253324991289	-16.9095823851946498450616	5.1003299798358021632794	53656.083837	53666.286845	0.273350	1.000000
-8.0073233494580211555558	-8.1551047507087517374202	1.0252666257768576762999	-7.3541781440942957104312	-16.8627171623857208260233	5.1856145592312810066460	53656.299214	53666.502223	0.273350	1.000000
-8.0073233494580211555558	-8.1551047507087517374202	1.0252666257768576762999	-7.3541781440942957104312	-16.8627171623857208260233	5.1856145592312810066460	53656.299214	53666.502223	0.273350	1.000000
-7.9830224239757123783079	-8.0868983876410123201595	1.0241786563838763957079	-7.4668121142358439001896	-16.8805758529868796813389	5.2247160450397975850478	53656.235758	53666.438766	0.273350	1.000000
-7.8720741317495201982979	-7.7724057895939298035159	1.0390656927083148364233	-7.2872008995868400305085	-16.9537503344440594332809	5.0915542995168729945021	53655.697353	53665.900361	0.273350	1.000000
-7.8539826144352336001475	-7.7687931989740466320882	1.0346288785292194756238	-7.2812637110503874993128	-16.9498672585570950843703	5.0927615776197177055451	53656.080934	53666.283942	0.273350	1.000000
-7.8539826144352336001475	-7.7687931989740466320882	1.0346288785292194756238	-7.2812637110503874993128	-16.9498672585570950843703	5.0927615776197177055451	53656.080934	53666.283942	0.273350	1.000000
-7.9054282882557265210721	-7.9433745138873046442995	1.0186494522808198226471	-7.4796413353018227354596	-16.9209670235641880253752	5.1815819100224400628463	53655.965453	53666.168461	0.273350	1.000000
-7.8724760461075122819352	-7.8930166521156985837138	1.0094824996877760359126	-7.5986041413756018059189	-16.9502308458326922391279	5.1825657656954975394115	53654.872908	53665.075916	0.273350	1.000000
-7.8318791902486655231996	-7.7360598423883155660974	1.0281500034078732142007	-7.3652444222098614190486	-16.9696794480973913721300	5.0944057250420842208882	53656.304210	53666.507218	0.273350	1.000000
-7.5811153701853113417997	-6.7685199368221979909777	1.0456924943680585560202	-6.9899027983299113486737	-16.7944876259640487603519	4.9820992606638858646306	53654.969452	53665.172460	0.273350	1.000000
-7.5253684824018751697849	-6.6105005277779449457398	1.0531726089940183221927	-6.8996556568302347400845	-16.8312547498607187890229	4.9151910394036715246102	53653.345232	53663.548240	0.273350	1.000000
-7.7056652616595568972002	-7.1215674526538172983692	1.0289803961340286964088	-7.1915332772063562671860	-16.7123423892839255699982	5.1315858423914235686425	53656.431690	53666.634698	0.273350	1.000000
-7.6524191917593684664212	-7.0401964122294797832069	1.0141679230906013309266	-7.3837600112548660291623	-16.7596285047187087968723	5.1331756112363988719949	53655.680709	53665.883717	0.273350	1.000000
-7.5511961498210258270092	-6.7532708832044994196053	1.0277500258158429602418	-7.2198927434654045498519	-16.8263888257361422517988	5.0116862518132716530772	53656.595291	53666.798299	0.273350	1.000000
-7.6067670807050165038277	-6.7348696604007827204441	1.0167757049663559421049	-7.3256054286872078762372	-15.9600758927396775277430	4.7602862128286105303232	53656.152803	53666.355812	0.273350	1.000000
-7.6067670807050165038277	-6.7348696604007827204441	1.0167757049663559421049	-7.3256054286872078762372	-15.9600758927396775277430	4.7602862128286105303232	53656.152803	53666.355812	0.273350	1.000000
-7.6067670807050165038277	-6.7348696604007827204441	1.0167757049663559421049	-7.3256054286872078762372	-15.9600758927396775277430	4.7602862128286105303232	53656.152803	53666.355812	0.273350	1.000000
-7.6067670807050165038277	-6.7348696604007827204441	1.0167757049663559421049	-7.3256054286872078762372	-15.9600758927396775277430	4.7602862128286105303232	53656.152803	53666.355812	0.273350	1.000000
-7.6067670807050165038277	-6.7348696604007827204441	1.0167757049663559421049	-7.3256054286872078762372	-15.9600758927396775277430	4.7602862128286105303232	53656.152803	53666.355812	0.273350	1.000000
-7.6067670807050165038277	-6.7348696604007827204441	1.0167757049663559421049	-7.3256054286872078762372	-15.9600758927396775277430	4.7602862128286105303232	53656.152803	53666.355812	0.273350	1.000000
-7.5531082673857579123933	-6.7443746299428095625217	1.0161803340287947072795	-7.3176312833933190304947	-16.1180613442271258861638	4.7994111856174708208300	53656.102693	53666.305701	0.273350	1.000000
-7.5453732634165140424898	-6.7137098722825445662465	1.0238867550413273121990	-7.3091868445971188705812	-16.0907659038980206389624	4.8755301695834676323216	53656.558221	53666.761229	0.273350	1.000000
-7.6261716875788891911725	-6.8112024840084224308612	1.0434882398520826107813	-7.4351585815051466354930	-15.9694071590064190502289	5.0207969371740626129963	53655.265071	53665.468079	0.273350	1.000000
-7.6261716875788891911725	-6.8112024840084224308612	1.0434882398520826107813	-7.4351585815051466354930	-15.9694071590064190502289	5.0207969371740626129963	53655.265071	53665.468079	0.273350	1.000000
-7.7182384390767122539501	-7.0721737102556536669340	1.0311347277220637153050	-7.5842029762723894847909	-15.9086857484725321398855	5.1312967843378327614801	53656.233340	53666.436348	0.273350	1.000000
-7.5519092301491710372829	-6.8505668849643415185824	1.0174721192668121361180	-7.4373339468594652501565	-15.9354882662487913336236	5.0518105517808233884125	53656.069712	53666.272720	0.273350	1.000000
-7.5519092301491710372829	-6.8505668849643415185824	1.0174721192668121361180	-7.4373339468594652501565	-15.9354882662487913336236	5.0518105517808233884125	53656.069712	53666.272720	0.273350	1.000000
-7.5519092301491710372829	-6.8505668849643415185824	1.0174721192668121361180	-7.4373339468594652501565	-15.9354882662487913336236	5.0518105517808233884125	53656.069712	53666.272720	0.273350	1.000000
-7.5519092301491710372829	-6.8505668849643415185824	1.0174721192668121361180	-7.4373339468594652501565	-15.9354882662487913336236	5.0518105517808233884125	53656.069712	53666.272720	0.273350	1.000000
-7.5763099796830095655764	-6.8878562920590633567031	1.0242601403430517947868	-7.3492433816775095678508	-15.9138187484549860073457	5.0510820181730728961611	53656.428756	53666.631764	0.273350	1.000000
-7.5763099796830095655764	-6.8878562920590633567031	1.0242601403430517947868	-7.3492433816775095678508	-15.9138187484549860073457	5.0510820181730728961611	53656.428756	53666.631764	0.273350	1.000000
-7.5763099796830095655764	-6.8878562920590633567031	1.0242601403430517947868	-7.3492433816775095678508	-15.9138187484549860073457	5.0510820181730728961611	53656.428756	53666.631764	0.273350	1.000000
-7.5763099796830095655764	-6.8878562920590633567031	1.0242601403430517947868	-7.3492433816775095678508	-15.9138187484549860073457	5.0510820181730728961611	53656.428756	53666.631764	0.273350	1.000000
-7.5763099796830095655764	-6.8878562920590633567031	1.0242601403430517947868	-7.3492433816775095678508	-15.9138187484549860073457	5.0510820181730728961611	53656.428756	53666.631764	0.273350	1.000000
-7.5763099796830095655764	-6.8878562920590633567031	1.0242601403430517947868	-7.3492433816775095678508	-15.9138187484549860073457	5.0510820181730728961611	53656.428756	53666.631764	0.273350	1.000000
-7.5867463618319996854211	-6.8856116021293818363347	1.0274429110359450945111	-7.3505479599987877392664	-15.9174948701912484239074	5.0483042160396625064323	53656.447670	53666.650678	0.273350	1.000000
-7.5867463618319996854211	-6.8856116021293818363347	1.0274429110359450945111	-7.3505479599987877392664	-15.9174948701912484239074	5.0483042160396625064323	53656.447670	53666.650678	0.273350	1.000000
-7.5867463618319996854211	-6.8856116021293818363347	1.0274429110359450945111	-7.3505479599987877392664	-15.9174948701912484239074	5.0483042160396625064323	53656.447670	53666.650678	0.273350	1.000000
-7.4119403528105722855912	-6.3772665147250986450445	1.0356813138675045049553	-7.0593437713974926950300	-16.0393902713492693123953	4.8363234571568840536315	53656.416849	53666.619857	0.273350	1.000000
-7.4360255561320265371705	-6.2993891134319337510306	1.0386040025676097631191	-7.0652747408238818493942	-15.9610368976346617131412	4.8742066568713076080144	53655.970341	53666.173350	0.273350	1.000000
-7.4494284825783463332982	-6.2846176641200495183170	1.0247576703118315144536	-7.0754265702994834086326	-15.9058383856189351490684	4.8523523616618078335705	53656.808907	53667.011915	0.273350	1.000000
-7.4494284825783463332982	-6.2846176641200495183170	1.0247576703118315144536	-7.0754265702994834086326	-15.9058383856189351490684	4.8523523616618078335705	53656.808907	53667.011915	0.273350	1.000000
-7.4494284825783463332982	-6.2846176641200495183170	1.0247576703118315144536	-7.0754265702994834086326	-15.9058383856189351490684	4.8523523616618078335705	53656.808907	53667.011915	0.273350	1.000000
-7.4445806093819966164915	-6.2966333776416583134505	1.0198628052173739355624	-7.0773586226570035506711	-15.9124706837839280382241	4.8285049494464082897593	53656.755704	53666.958712	0.273350	1.000000
-7.4445806093819966164915	-6.2966333776416583134505	1.0198628052173739355624	-7.0773586226570035506711	-15.9124706837839280382241	4.8285049494464082897593	53656.755704	53666.958712	0.273350	1.000000
-7.4445806093819966164915	-6.2966333776416583134505	1.0198628052173739355624	-7.0773586226570035506711	-15.9124706837839280382241	4.8285049494464082897593	53656.755704	53666.958712	0.273350	1.000000
-7.4445806093819966164915	-6.2966333776416583134505	1.0198628052173739355624	-7.0773586226570035506711	-15.9124706837839280382241	4.8285049494464082897593	53656.755704	53666.958712	0.273350	1.000000
-7.4445806093819966164915	-6.2966333776416583134505	1.0198628052173739355624	-7.0773586226570035506711	-15.9124706837839280382241	4.8285049494464082897593	53656.755704	53666.958712	0.273350	1.000000
-7.4421448998600219226773	-6.2993177883848217035734	1.0223790947348090352165	-7.0755137339442120136823	-15.9225018916588680895075	4.8324765235015991748924	53656.830509	53667.033517	0.273350	1.000000
-7.5105974980523679818134	-6.4933526402660461940286	1.0131941285190688706308	-7.1863298092574012798650	-15.8773548841960607802548	4.9146343222200217226714	53656.188800	53666.391808	0.273350	1.000000
-7.5127472473667467056657	-6.4966379031725924875218	1.0137921652160315488800	-7.1785688742156112951420	-15.8754457612424584311839	4.9145701371169536741945	53656.257892	53666.460901	0.273350	1.000000
-7.5383906100443960340840	-6.5358262809246108204775	1.0209258676492352080345	-7.0859922790455609487026	-15.8526727188379332744717	4.9138045027867249814335	53656.824565	53667.027573	0.273350	1.000000
-7.5877582078286458511229	-6.6112702113871755216223	1.0346593922599480741553	-6.9077674427773470000602	-15.8088309492586951421345	4.9123305335518914205295	53656.458614	53666.661623	0.273350	1.000000
-7.5877582078286458511229	-6.6112702113871755216223	1.0346593922599480741553	-6.9077674427773470000602	-15.8088309492586951421345	4.9123305335518914205295	53656.458614	53666.661623	0.273350	1.000000
-7.5660218605105011846490	-6.5844255125740467349260	1.0266009073231074921750	-7.0117480266634766294942	-15.8292491463170534871097	4.9189802087180281020551	53656.909603	53667.112611	0.273350	1.000000
